generated_json/autoware_prs.json,2015/08/26,4373,171
generated_json/autoware_prs.json,2015/08/26,2,31
generated_json/autoware_prs.json,2015/08/26,1,1
generated_json/autoware_prs.json,2015/08/27,12,6
generated_json/autoware_prs.json,2015/08/31,102,36
generated_json/autoware_prs.json,2015/09/02,18,9
generated_json/autoware_prs.json,2015/09/02,21,0
generated_json/autoware_prs.json,2015/09/02,11,0
generated_json/autoware_prs.json,2015/09/02,27,0
generated_json/autoware_prs.json,2015/09/02,6,3
generated_json/autoware_prs.json,2015/09/02,1,1
generated_json/autoware_prs.json,2015/09/02,4777,18542
generated_json/autoware_prs.json,2015/09/03,48,26
generated_json/autoware_prs.json,2015/09/04,445,3
generated_json/autoware_prs.json,2015/09/07,7,5
generated_json/autoware_prs.json,2015/09/07,69,100
generated_json/autoware_prs.json,2015/09/07,12,36
generated_json/autoware_prs.json,2015/09/09,10492,0
generated_json/autoware_prs.json,2015/09/09,58,31
generated_json/autoware_prs.json,2015/09/09,3,0
generated_json/autoware_prs.json,2015/09/09,86,15
generated_json/autoware_prs.json,2015/09/09,0,0
generated_json/autoware_prs.json,2015/09/10,112,0
generated_json/autoware_prs.json,2015/09/10,85,11
generated_json/autoware_prs.json,2015/09/10,20,12
generated_json/autoware_prs.json,2015/09/10,5,5
generated_json/autoware_prs.json,2015/09/10,9,5
generated_json/autoware_prs.json,2015/09/10,1,1
generated_json/autoware_prs.json,2015/09/10,3031,8
generated_json/autoware_prs.json,2015/09/11,656,11
generated_json/autoware_prs.json,2015/09/12,39,24
generated_json/autoware_prs.json,2015/09/14,1,0
generated_json/autoware_prs.json,2015/09/14,5,3
generated_json/autoware_prs.json,2015/09/14,91,19
generated_json/autoware_prs.json,2015/09/15,2,2
generated_json/autoware_prs.json,2015/09/15,3,0
generated_json/autoware_prs.json,2015/09/15,347,418
generated_json/autoware_prs.json,2015/09/15,0,13
generated_json/autoware_prs.json,2015/09/16,9,1
generated_json/autoware_prs.json,2015/09/16,6,3
generated_json/autoware_prs.json,2015/09/16,68,0
generated_json/autoware_prs.json,2015/09/16,5,5
generated_json/autoware_prs.json,2015/09/16,2,2
generated_json/autoware_prs.json,2015/09/16,145,206
generated_json/autoware_prs.json,2015/09/17,110,93
generated_json/autoware_prs.json,2015/09/21,7,7
generated_json/autoware_prs.json,2015/09/21,12,6
generated_json/autoware_prs.json,2015/09/21,83,5
generated_json/autoware_prs.json,2015/09/21,83,36
generated_json/autoware_prs.json,2015/09/23,15,0
generated_json/autoware_prs.json,2015/09/24,136,127
generated_json/autoware_prs.json,2015/09/24,27,0
generated_json/autoware_prs.json,2015/09/24,8,0
generated_json/autoware_prs.json,2015/09/25,16,23
generated_json/autoware_prs.json,2015/09/25,16,13
generated_json/autoware_prs.json,2015/09/25,1,1
generated_json/autoware_prs.json,2015/09/25,60,29
generated_json/autoware_prs.json,2015/09/25,2,0
generated_json/autoware_prs.json,2015/09/27,18,9
generated_json/autoware_prs.json,2015/09/27,3,1
generated_json/autoware_prs.json,2015/09/28,1,2
generated_json/autoware_prs.json,2015/09/28,10,5
generated_json/autoware_prs.json,2015/09/29,4,3
generated_json/autoware_prs.json,2015/09/29,4,3
generated_json/autoware_prs.json,2015/09/29,2,6
generated_json/autoware_prs.json,2015/09/29,3,5
generated_json/autoware_prs.json,2015/09/29,32,6
generated_json/autoware_prs.json,2015/09/29,12,9
generated_json/autoware_prs.json,2015/09/30,52,17
generated_json/autoware_prs.json,2015/10/01,16,66
generated_json/autoware_prs.json,2015/10/02,17,13
generated_json/autoware_prs.json,2015/10/07,2,2
generated_json/autoware_prs.json,2015/10/08,490,99
generated_json/autoware_prs.json,2015/10/08,1192,11
generated_json/autoware_prs.json,2015/10/13,34,12
generated_json/autoware_prs.json,2015/10/13,1,0
generated_json/autoware_prs.json,2015/10/13,576,79
generated_json/autoware_prs.json,2015/10/15,266,5
generated_json/autoware_prs.json,2015/10/16,201,180
generated_json/autoware_prs.json,2015/10/16,37,1
generated_json/autoware_prs.json,2015/10/16,19,0
generated_json/autoware_prs.json,2015/10/19,4,2
generated_json/autoware_prs.json,2015/10/19,1,1
generated_json/autoware_prs.json,2015/10/21,35,18
generated_json/autoware_prs.json,2015/10/21,122,227
generated_json/autoware_prs.json,2015/10/21,1,1
generated_json/autoware_prs.json,2015/10/22,123,70
generated_json/autoware_prs.json,2015/10/22,0,1
generated_json/autoware_prs.json,2015/10/24,33,21
generated_json/autoware_prs.json,2015/10/24,268,684
generated_json/autoware_prs.json,2015/10/28,861,813
generated_json/autoware_prs.json,2015/10/28,253,297
generated_json/autoware_prs.json,2015/10/29,0,2
generated_json/autoware_prs.json,2015/10/29,21,17
generated_json/autoware_prs.json,2015/10/30,180,24
generated_json/autoware_prs.json,2015/10/30,35,17
generated_json/autoware_prs.json,2015/10/30,8,6
generated_json/autoware_prs.json,2015/10/30,26,13
generated_json/autoware_prs.json,2015/11/02,15,0
generated_json/autoware_prs.json,2015/11/02,1675,1109
generated_json/autoware_prs.json,2015/11/04,379,16
generated_json/autoware_prs.json,2015/11/06,2,2
generated_json/autoware_prs.json,2015/11/09,10644,153
generated_json/autoware_prs.json,2015/11/10,3,0
generated_json/autoware_prs.json,2015/11/10,723,260
generated_json/autoware_prs.json,2015/11/10,106,234
generated_json/autoware_prs.json,2015/11/10,12,12
generated_json/autoware_prs.json,2015/11/10,8,2
generated_json/autoware_prs.json,2015/11/11,28,15
generated_json/autoware_prs.json,2015/11/11,52,31
generated_json/autoware_prs.json,2015/11/12,16,43
generated_json/autoware_prs.json,2015/11/12,5,3
generated_json/autoware_prs.json,2015/11/12,1,1
generated_json/autoware_prs.json,2015/11/12,142,106
generated_json/autoware_prs.json,2015/11/12,3,3
generated_json/autoware_prs.json,2015/11/13,1,1
generated_json/autoware_prs.json,2015/11/13,1,1
generated_json/autoware_prs.json,2015/11/16,1,1
generated_json/autoware_prs.json,2015/11/16,14,7
generated_json/autoware_prs.json,2015/11/16,1,1
generated_json/autoware_prs.json,2015/11/16,180,95
generated_json/autoware_prs.json,2015/11/17,6,0
generated_json/autoware_prs.json,2015/11/18,5,0
generated_json/autoware_prs.json,2015/11/19,31,16
generated_json/autoware_prs.json,2015/11/19,4,4
generated_json/autoware_prs.json,2015/11/19,73,18
generated_json/autoware_prs.json,2015/11/19,105,95
generated_json/autoware_prs.json,2015/11/19,53,22
generated_json/autoware_prs.json,2015/11/25,101,55
generated_json/autoware_prs.json,2015/11/26,11940,508
generated_json/autoware_prs.json,2015/11/27,140,0
generated_json/autoware_prs.json,2015/11/30,2,1
generated_json/autoware_prs.json,2015/12/02,140,10
generated_json/autoware_prs.json,2015/12/02,4,4
generated_json/autoware_prs.json,2015/12/02,5,5
generated_json/autoware_prs.json,2015/12/02,10,11
generated_json/autoware_prs.json,2015/12/03,20,19
generated_json/autoware_prs.json,2015/12/03,10688,12017
generated_json/autoware_prs.json,2015/12/04,60,52
generated_json/autoware_prs.json,2015/12/04,41,3
generated_json/autoware_prs.json,2015/12/04,75,21
generated_json/autoware_prs.json,2015/12/07,268,2
generated_json/autoware_prs.json,2015/12/08,2,1
generated_json/autoware_prs.json,2015/12/08,5,5
generated_json/autoware_prs.json,2015/12/08,54,40
generated_json/autoware_prs.json,2015/12/08,27,23
generated_json/autoware_prs.json,2015/12/09,20,4
generated_json/autoware_prs.json,2015/12/10,25,3
generated_json/autoware_prs.json,2015/12/11,100,5
generated_json/autoware_prs.json,2015/12/17,653,94
generated_json/autoware_prs.json,2015/12/17,34,34
generated_json/autoware_prs.json,2015/12/17,72,126
generated_json/autoware_prs.json,2015/12/17,84,133
generated_json/autoware_prs.json,2015/12/17,1779,1786
generated_json/autoware_prs.json,2015/12/17,9,1
generated_json/autoware_prs.json,2015/12/17,90,83
generated_json/autoware_prs.json,2015/12/18,18,5
generated_json/autoware_prs.json,2015/12/18,21,3
generated_json/autoware_prs.json,2015/12/18,701,0
generated_json/autoware_prs.json,2015/12/18,4,3
generated_json/autoware_prs.json,2015/12/22,60,9
generated_json/autoware_prs.json,2015/12/22,4,2
generated_json/autoware_prs.json,2015/12/22,45,3
generated_json/autoware_prs.json,2015/12/23,30,2
generated_json/autoware_prs.json,2015/12/24,132,71
generated_json/autoware_prs.json,2015/12/24,175,18
generated_json/autoware_prs.json,2015/12/24,7,7
generated_json/autoware_prs.json,2015/12/24,0,0
generated_json/autoware_prs.json,2015/12/25,2,2
generated_json/autoware_prs.json,2015/12/25,65,3
generated_json/autoware_prs.json,2015/12/27,44,28
generated_json/autoware_prs.json,2015/12/28,4,2
generated_json/autoware_prs.json,2015/12/28,5,4
generated_json/autoware_prs.json,2016/01/06,0,0
generated_json/autoware_prs.json,2016/01/06,35,72
generated_json/autoware_prs.json,2016/01/09,1,1
generated_json/autoware_prs.json,2016/01/14,13,5
generated_json/autoware_prs.json,2016/01/14,22,22
generated_json/autoware_prs.json,2016/01/14,4,4
generated_json/autoware_prs.json,2016/01/14,31,3
generated_json/autoware_prs.json,2016/01/15,175,195
generated_json/autoware_prs.json,2016/01/15,72,0
generated_json/autoware_prs.json,2016/01/17,1,1
generated_json/autoware_prs.json,2016/01/18,63,14
generated_json/autoware_prs.json,2016/01/19,150,226
generated_json/autoware_prs.json,2016/01/19,1,0
generated_json/autoware_prs.json,2016/01/19,17,3
generated_json/autoware_prs.json,2016/01/19,8,2
generated_json/autoware_prs.json,2016/01/19,38,19
generated_json/autoware_prs.json,2016/01/20,30,4
generated_json/autoware_prs.json,2016/01/21,2,14
generated_json/autoware_prs.json,2016/01/22,14,12
generated_json/autoware_prs.json,2016/01/22,22,1
generated_json/autoware_prs.json,2016/01/22,39,19
generated_json/autoware_prs.json,2016/01/26,3,0
generated_json/autoware_prs.json,2016/01/26,13,0
generated_json/autoware_prs.json,2016/01/26,1,1
generated_json/autoware_prs.json,2016/01/28,4,4
generated_json/autoware_prs.json,2016/01/29,12,241
generated_json/autoware_prs.json,2016/01/29,13,5
generated_json/autoware_prs.json,2016/01/30,69,476
generated_json/autoware_prs.json,2016/02/01,12,5
generated_json/autoware_prs.json,2016/02/01,19,4
generated_json/autoware_prs.json,2016/02/01,1,0
generated_json/autoware_prs.json,2016/02/01,0,0
generated_json/autoware_prs.json,2016/02/01,5,2
generated_json/autoware_prs.json,2016/02/02,4,1
generated_json/autoware_prs.json,2016/02/02,96,5
generated_json/autoware_prs.json,2016/02/03,17,13
generated_json/autoware_prs.json,2016/02/09,7,1
generated_json/autoware_prs.json,2016/02/10,5826,181
generated_json/autoware_prs.json,2016/02/11,640,852
generated_json/autoware_prs.json,2016/02/14,0,1
generated_json/autoware_prs.json,2016/02/15,89,33
generated_json/autoware_prs.json,2016/02/16,21,0
generated_json/autoware_prs.json,2016/02/17,33,11
generated_json/autoware_prs.json,2016/02/24,4,4
generated_json/autoware_prs.json,2016/03/01,23,6
generated_json/autoware_prs.json,2016/03/01,726,99
generated_json/autoware_prs.json,2016/03/02,3,1
generated_json/autoware_prs.json,2016/03/03,5,2
generated_json/autoware_prs.json,2016/03/03,20,3
generated_json/autoware_prs.json,2016/03/03,0,19
generated_json/autoware_prs.json,2016/03/03,10,17
generated_json/autoware_prs.json,2016/03/03,61,46
generated_json/autoware_prs.json,2016/03/04,16,17
generated_json/autoware_prs.json,2016/03/08,78,74
generated_json/autoware_prs.json,2016/03/11,5,6
generated_json/autoware_prs.json,2016/03/14,225,110
generated_json/autoware_prs.json,2016/03/14,4,2
generated_json/autoware_prs.json,2016/03/15,72,41
generated_json/autoware_prs.json,2016/03/16,54,13
generated_json/autoware_prs.json,2016/03/17,3,2
generated_json/autoware_prs.json,2016/03/23,5,2
generated_json/autoware_prs.json,2016/03/30,152,0
generated_json/autoware_prs.json,2016/03/31,28,22
generated_json/autoware_prs.json,2016/03/31,3,3
generated_json/autoware_prs.json,2016/04/03,49,0
generated_json/autoware_prs.json,2016/04/04,13,9
generated_json/autoware_prs.json,2016/04/05,815,751
generated_json/autoware_prs.json,2016/04/05,1648,0
generated_json/autoware_prs.json,2016/04/06,21,21
generated_json/autoware_prs.json,2016/04/08,3,1
generated_json/autoware_prs.json,2016/04/08,8,1
generated_json/autoware_prs.json,2016/04/11,0,0
generated_json/autoware_prs.json,2016/04/11,2,26
generated_json/autoware_prs.json,2016/04/11,25204,72
generated_json/autoware_prs.json,2016/04/14,0,0
generated_json/autoware_prs.json,2016/04/14,2,0
generated_json/autoware_prs.json,2016/04/14,13,1
generated_json/autoware_prs.json,2016/04/18,0,0
generated_json/autoware_prs.json,2016/04/18,572,485
generated_json/autoware_prs.json,2016/04/18,2,2
generated_json/autoware_prs.json,2016/04/20,1,1
generated_json/autoware_prs.json,2016/04/20,357,396
generated_json/autoware_prs.json,2016/04/21,2,0
generated_json/autoware_prs.json,2016/04/25,63,29
generated_json/autoware_prs.json,2016/04/28,1,1
generated_json/autoware_prs.json,2016/05/11,4,0
generated_json/autoware_prs.json,2016/05/12,139,99
generated_json/autoware_prs.json,2016/05/16,11,9
generated_json/autoware_prs.json,2016/05/16,622,0
generated_json/autoware_prs.json,2016/05/18,12,3
generated_json/autoware_prs.json,2016/05/18,13,5
generated_json/autoware_prs.json,2016/05/18,1369,597
generated_json/autoware_prs.json,2016/05/19,2,1
generated_json/autoware_prs.json,2016/05/20,4,1
generated_json/autoware_prs.json,2016/05/20,5,1
generated_json/autoware_prs.json,2016/05/20,96,0
generated_json/autoware_prs.json,2016/05/20,54,238
generated_json/autoware_prs.json,2016/05/23,4,4
generated_json/autoware_prs.json,2016/05/26,18,2
generated_json/autoware_prs.json,2016/05/27,734,0
generated_json/autoware_prs.json,2016/05/27,938,0
generated_json/autoware_prs.json,2016/05/27,4,1
generated_json/autoware_prs.json,2016/05/30,23,21
generated_json/autoware_prs.json,2016/05/30,188,615
generated_json/autoware_prs.json,2016/05/30,516,0
generated_json/autoware_prs.json,2016/05/31,11,11
generated_json/autoware_prs.json,2016/05/31,16,16
generated_json/autoware_prs.json,2016/05/31,24,22
generated_json/autoware_prs.json,2016/05/31,40,6
generated_json/autoware_prs.json,2016/05/31,3,3
generated_json/autoware_prs.json,2016/06/01,10990,5
generated_json/autoware_prs.json,2016/06/01,3,1
generated_json/autoware_prs.json,2016/06/01,500,103
generated_json/autoware_prs.json,2016/06/02,52,7
generated_json/autoware_prs.json,2016/06/02,3,3
generated_json/autoware_prs.json,2016/06/02,110,73
generated_json/autoware_prs.json,2016/06/02,29,0
generated_json/autoware_prs.json,2016/06/03,417,22
generated_json/autoware_prs.json,2016/06/03,185,3
generated_json/autoware_prs.json,2016/06/03,1,1
generated_json/autoware_prs.json,2016/06/03,464,23
generated_json/autoware_prs.json,2016/06/06,1,1
generated_json/autoware_prs.json,2016/06/08,41,18
generated_json/autoware_prs.json,2016/06/08,49,25
generated_json/autoware_prs.json,2016/06/08,1,1
generated_json/autoware_prs.json,2016/06/08,4,0
generated_json/autoware_prs.json,2016/06/08,1,1
generated_json/autoware_prs.json,2016/06/10,16,37
generated_json/autoware_prs.json,2016/06/12,37,29
generated_json/autoware_prs.json,2016/06/15,16,15
generated_json/autoware_prs.json,2016/06/16,2,0
generated_json/autoware_prs.json,2016/06/16,4,1
generated_json/autoware_prs.json,2016/06/19,1,1
generated_json/autoware_prs.json,2016/06/27,71,5
generated_json/autoware_prs.json,2016/06/29,6,0
generated_json/autoware_prs.json,2016/06/29,2,0
generated_json/autoware_prs.json,2016/06/30,14,16
generated_json/autoware_prs.json,2016/07/01,2,0
generated_json/autoware_prs.json,2016/07/01,52,4
generated_json/autoware_prs.json,2016/07/01,4,0
generated_json/autoware_prs.json,2016/07/01,30,26
generated_json/autoware_prs.json,2016/07/01,4,1
generated_json/autoware_prs.json,2016/07/02,8,1
generated_json/autoware_prs.json,2016/07/04,1,1
generated_json/autoware_prs.json,2016/07/04,0,0
generated_json/autoware_prs.json,2016/07/04,1,1
generated_json/autoware_prs.json,2016/07/04,1,1
generated_json/autoware_prs.json,2016/07/04,172,1
generated_json/autoware_prs.json,2016/07/05,0,39976
generated_json/autoware_prs.json,2016/07/05,0,0
generated_json/autoware_prs.json,2016/07/07,4,4
generated_json/autoware_prs.json,2016/07/07,65,25
generated_json/autoware_prs.json,2016/07/07,1,1
generated_json/autoware_prs.json,2016/07/08,491,34
generated_json/autoware_prs.json,2016/07/08,24,35
generated_json/autoware_prs.json,2016/07/11,70,89
generated_json/autoware_prs.json,2016/07/22,32,6
generated_json/autoware_prs.json,2016/07/27,1324,1
generated_json/autoware_prs.json,2016/07/28,4,0
generated_json/autoware_prs.json,2016/08/02,17,10
generated_json/autoware_prs.json,2016/08/02,59,67
generated_json/autoware_prs.json,2016/08/03,82,46
generated_json/autoware_prs.json,2016/08/03,5,2
generated_json/autoware_prs.json,2016/08/03,11,5
generated_json/autoware_prs.json,2016/08/03,61,3
generated_json/autoware_prs.json,2016/08/03,3,0
generated_json/autoware_prs.json,2016/08/04,3,3
generated_json/autoware_prs.json,2016/08/05,2,0
generated_json/autoware_prs.json,2016/08/05,1,0
generated_json/autoware_prs.json,2016/08/06,23,12
generated_json/autoware_prs.json,2016/08/08,0,82
generated_json/autoware_prs.json,2016/08/09,32,302
generated_json/autoware_prs.json,2016/08/10,284,0
generated_json/autoware_prs.json,2016/08/23,1,1
generated_json/autoware_prs.json,2016/08/25,15,12
generated_json/autoware_prs.json,2016/08/25,0,0
generated_json/autoware_prs.json,2016/08/29,0,0
generated_json/autoware_prs.json,2016/08/30,4,4
generated_json/autoware_prs.json,2016/09/01,18,13
generated_json/autoware_prs.json,2016/09/10,5,121
generated_json/autoware_prs.json,2016/09/12,4,4
generated_json/autoware_prs.json,2016/09/12,20,0
generated_json/autoware_prs.json,2016/09/14,1,1
generated_json/autoware_prs.json,2016/09/14,9,75
generated_json/autoware_prs.json,2016/09/14,8,3
generated_json/autoware_prs.json,2016/09/14,509,0
generated_json/autoware_prs.json,2016/09/14,181,0
generated_json/autoware_prs.json,2016/09/14,10,0
generated_json/autoware_prs.json,2016/09/15,78,139
generated_json/autoware_prs.json,2016/09/19,6079,6191
generated_json/autoware_prs.json,2016/09/21,30,26
generated_json/autoware_prs.json,2016/09/23,119,2
generated_json/autoware_prs.json,2016/09/23,33,28
generated_json/autoware_prs.json,2016/09/24,0,0
generated_json/autoware_prs.json,2016/09/26,6,2
generated_json/autoware_prs.json,2016/09/26,217,132
generated_json/autoware_prs.json,2016/09/27,0,0
generated_json/autoware_prs.json,2016/09/29,207,59
generated_json/autoware_prs.json,2016/09/29,26,44
generated_json/autoware_prs.json,2016/10/02,1,1
generated_json/autoware_prs.json,2016/10/05,1096,740
generated_json/autoware_prs.json,2016/10/06,5,2
generated_json/autoware_prs.json,2016/10/08,40,38
generated_json/autoware_prs.json,2016/10/09,4,2
generated_json/autoware_prs.json,2016/10/10,562,82
generated_json/autoware_prs.json,2016/10/11,6,0
generated_json/autoware_prs.json,2016/10/13,6,0
generated_json/autoware_prs.json,2016/10/14,112,53
generated_json/autoware_prs.json,2016/10/19,1,1
generated_json/autoware_prs.json,2016/10/21,408,309
generated_json/autoware_prs.json,2016/10/24,16,2
generated_json/autoware_prs.json,2016/10/25,2,2
generated_json/autoware_prs.json,2016/10/25,171,63
generated_json/autoware_prs.json,2016/10/29,200,15
generated_json/autoware_prs.json,2016/10/29,196,13
generated_json/autoware_prs.json,2016/10/29,2,21
generated_json/autoware_prs.json,2016/10/30,28,0
generated_json/autoware_prs.json,2016/10/31,0,6
generated_json/autoware_prs.json,2016/11/01,69806,0
generated_json/autoware_prs.json,2016/11/02,454,0
generated_json/autoware_prs.json,2016/11/02,1186,131
generated_json/autoware_prs.json,2016/11/04,3309,189
generated_json/autoware_prs.json,2016/11/04,1148,0
generated_json/autoware_prs.json,2016/11/04,0,1148
generated_json/autoware_prs.json,2016/11/04,98,98
generated_json/autoware_prs.json,2016/11/07,109,1
generated_json/autoware_prs.json,2016/11/15,628,14
generated_json/autoware_prs.json,2016/11/15,18,18
generated_json/autoware_prs.json,2016/11/15,113,1
generated_json/autoware_prs.json,2016/11/15,77,42
generated_json/autoware_prs.json,2016/11/16,4,0
generated_json/autoware_prs.json,2016/11/17,11,2
generated_json/autoware_prs.json,2016/11/20,7,0
generated_json/autoware_prs.json,2016/11/21,4,0
generated_json/autoware_prs.json,2016/11/22,8,2
generated_json/autoware_prs.json,2016/11/22,3,0
generated_json/autoware_prs.json,2016/11/22,1,1
generated_json/autoware_prs.json,2016/11/24,22,5
generated_json/autoware_prs.json,2016/11/24,12,5
generated_json/autoware_prs.json,2016/11/24,28,10
generated_json/autoware_prs.json,2016/11/24,4515,1
generated_json/autoware_prs.json,2016/11/25,1192,1051
generated_json/autoware_prs.json,2016/11/25,343,209
generated_json/autoware_prs.json,2016/11/26,1,1
generated_json/autoware_prs.json,2016/11/29,1747,439
generated_json/autoware_prs.json,2016/11/29,2,2
generated_json/autoware_prs.json,2016/11/29,143,0
generated_json/autoware_prs.json,2016/12/04,3,0
generated_json/autoware_prs.json,2016/12/04,4,0
generated_json/autoware_prs.json,2016/12/04,2,2
generated_json/autoware_prs.json,2016/12/06,15,1
generated_json/autoware_prs.json,2016/12/08,1,54
generated_json/autoware_prs.json,2016/12/08,6,2
generated_json/autoware_prs.json,2016/12/09,4,3
generated_json/autoware_prs.json,2016/12/13,47,29
generated_json/autoware_prs.json,2016/12/13,25,1
generated_json/autoware_prs.json,2016/12/14,3,0
generated_json/autoware_prs.json,2016/12/14,203,68
generated_json/autoware_prs.json,2016/12/16,1,0
generated_json/autoware_prs.json,2016/12/16,2,2
generated_json/autoware_prs.json,2016/12/18,1,1
generated_json/autoware_prs.json,2016/12/22,1,1
generated_json/autoware_prs.json,2016/12/25,1,1
generated_json/autoware_prs.json,2017/01/08,326,305
generated_json/autoware_prs.json,2017/01/13,11,0
generated_json/autoware_prs.json,2017/01/13,30,1
generated_json/autoware_prs.json,2017/01/18,662,468
generated_json/autoware_prs.json,2017/01/18,1710,329
generated_json/autoware_prs.json,2017/01/20,6,6
generated_json/autoware_prs.json,2017/01/23,3,3
generated_json/autoware_prs.json,2017/01/23,1359,640
generated_json/autoware_prs.json,2017/01/27,338,208
generated_json/autoware_prs.json,2017/01/29,428,35
generated_json/autoware_prs.json,2017/02/09,113,135
generated_json/autoware_prs.json,2017/02/09,827,32
generated_json/autoware_prs.json,2017/02/09,19,34
generated_json/autoware_prs.json,2017/02/13,42239,6
generated_json/autoware_prs.json,2017/02/14,40,3
generated_json/autoware_prs.json,2017/02/14,25,20
generated_json/autoware_prs.json,2017/02/16,595,395
generated_json/autoware_prs.json,2017/02/16,262,0
generated_json/autoware_prs.json,2017/02/16,436,50
generated_json/autoware_prs.json,2017/02/16,180,122
generated_json/autoware_prs.json,2017/02/16,16,13
generated_json/autoware_prs.json,2017/02/20,172,9
generated_json/autoware_prs.json,2017/02/20,163,48
generated_json/autoware_prs.json,2017/02/20,197,184
generated_json/autoware_prs.json,2017/02/21,0,249
generated_json/autoware_prs.json,2017/02/21,95,47
generated_json/autoware_prs.json,2017/02/21,207,4
generated_json/autoware_prs.json,2017/02/22,2,2
generated_json/autoware_prs.json,2017/02/24,49771,2677
generated_json/autoware_prs.json,2017/02/24,5,3
generated_json/autoware_prs.json,2017/02/24,82,47
generated_json/autoware_prs.json,2017/02/27,1,1
generated_json/autoware_prs.json,2017/02/27,8,3
generated_json/autoware_prs.json,2017/02/27,42,18
generated_json/autoware_prs.json,2017/02/27,42,18
generated_json/autoware_prs.json,2017/03/03,97,47
generated_json/autoware_prs.json,2017/03/17,12,1
generated_json/autoware_prs.json,2017/03/17,114,7
generated_json/autoware_prs.json,2017/03/28,68,0
generated_json/autoware_prs.json,2017/03/28,97,0
generated_json/autoware_prs.json,2017/04/06,5,0
generated_json/autoware_prs.json,2017/04/07,78,3
generated_json/autoware_prs.json,2017/04/10,1432,616
generated_json/autoware_prs.json,2017/04/11,6,6
generated_json/autoware_prs.json,2017/04/13,2573,0
generated_json/autoware_prs.json,2017/04/18,7,1
generated_json/autoware_prs.json,2017/04/19,115,15
generated_json/autoware_prs.json,2017/04/20,2162,87
generated_json/autoware_prs.json,2017/04/26,6,4
generated_json/autoware_prs.json,2017/04/27,2551,817
generated_json/autoware_prs.json,2017/05/05,46,0
generated_json/autoware_prs.json,2017/05/06,0,0
generated_json/autoware_prs.json,2017/05/09,2588,10
generated_json/autoware_prs.json,2017/05/11,10,1
generated_json/autoware_prs.json,2017/05/14,14,14
generated_json/autoware_prs.json,2017/05/15,7,7
generated_json/autoware_prs.json,2017/05/17,6955,0
generated_json/autoware_prs.json,2017/05/18,3701,3786
generated_json/autoware_prs.json,2017/05/21,22,8
generated_json/autoware_prs.json,2017/05/21,273,97
generated_json/autoware_prs.json,2017/05/23,415,105
generated_json/autoware_prs.json,2017/05/26,17,17
generated_json/autoware_prs.json,2017/05/30,34777,43
generated_json/autoware_prs.json,2017/05/31,63,63
generated_json/autoware_prs.json,2017/05/31,3,0
generated_json/autoware_prs.json,2017/05/31,409,231
generated_json/autoware_prs.json,2017/06/01,715,8
generated_json/autoware_prs.json,2017/06/01,0,52
generated_json/autoware_prs.json,2017/06/02,879,49
generated_json/autoware_prs.json,2017/06/02,1,1
generated_json/autoware_prs.json,2017/06/02,58112,5075
generated_json/autoware_prs.json,2017/06/05,1,3
generated_json/autoware_prs.json,2017/06/05,1,3
generated_json/autoware_prs.json,2017/06/05,1,1
generated_json/autoware_prs.json,2017/06/05,1,1
generated_json/autoware_prs.json,2017/06/06,3,2
generated_json/autoware_prs.json,2017/06/07,1,1
generated_json/autoware_prs.json,2017/06/07,17823,0
generated_json/autoware_prs.json,2017/06/08,1349,1886
generated_json/autoware_prs.json,2017/06/08,638,4
generated_json/autoware_prs.json,2017/06/08,4,4
generated_json/autoware_prs.json,2017/06/09,1,1
generated_json/autoware_prs.json,2017/06/11,974,4
generated_json/autoware_prs.json,2017/06/13,3,3
generated_json/autoware_prs.json,2017/06/16,6,4
generated_json/autoware_prs.json,2017/06/21,2718,163
generated_json/autoware_prs.json,2017/06/23,1,1
generated_json/autoware_prs.json,2017/06/24,5,1
generated_json/autoware_prs.json,2017/06/25,25,5
generated_json/autoware_prs.json,2017/06/26,0,4
generated_json/autoware_prs.json,2017/06/27,3,0
generated_json/autoware_prs.json,2017/06/27,1,1
generated_json/autoware_prs.json,2017/06/27,63,64
generated_json/autoware_prs.json,2017/06/27,3,2
generated_json/autoware_prs.json,2017/06/28,2,2
generated_json/autoware_prs.json,2017/06/29,5,2
generated_json/autoware_prs.json,2017/06/30,1,1
generated_json/autoware_prs.json,2017/07/02,22,11
generated_json/autoware_prs.json,2017/07/04,2453,66
generated_json/autoware_prs.json,2017/07/13,696,0
generated_json/autoware_prs.json,2017/07/14,5,3
generated_json/autoware_prs.json,2017/07/14,25114,2325
generated_json/autoware_prs.json,2017/07/16,2,0
generated_json/autoware_prs.json,2017/07/16,4,0
generated_json/autoware_prs.json,2017/07/23,8,1
generated_json/autoware_prs.json,2017/07/24,76,58
generated_json/autoware_prs.json,2017/07/24,0,0
generated_json/autoware_prs.json,2017/07/24,10,7
generated_json/autoware_prs.json,2017/07/26,2,12
generated_json/autoware_prs.json,2017/07/27,1,1
generated_json/autoware_prs.json,2017/07/28,309,209
generated_json/autoware_prs.json,2017/07/30,1,1
generated_json/autoware_prs.json,2017/07/31,67,7
generated_json/autoware_prs.json,2017/08/04,5791,92
generated_json/autoware_prs.json,2017/08/04,6676,492
generated_json/autoware_prs.json,2017/08/06,11,4
generated_json/autoware_prs.json,2017/08/06,1,1
generated_json/autoware_prs.json,2017/08/06,98,30
generated_json/autoware_prs.json,2017/08/09,502,0
generated_json/autoware_prs.json,2017/08/17,55,20
generated_json/autoware_prs.json,2017/08/21,170,71
generated_json/autoware_prs.json,2017/08/23,486,0
generated_json/autoware_prs.json,2017/08/29,67,24
generated_json/autoware_prs.json,2017/08/31,0,1
generated_json/autoware_prs.json,2017/09/02,3,0
generated_json/autoware_prs.json,2017/09/02,89,256
generated_json/autoware_prs.json,2017/09/06,91,1
generated_json/autoware_prs.json,2017/09/06,6062,244
generated_json/autoware_prs.json,2017/09/10,18,2
generated_json/autoware_prs.json,2017/09/13,461,49
generated_json/autoware_prs.json,2017/09/18,14,7
generated_json/autoware_prs.json,2017/09/20,74303,0
generated_json/autoware_prs.json,2017/09/20,440,478
generated_json/autoware_prs.json,2017/09/21,1,2
generated_json/autoware_prs.json,2017/09/21,3683,1890
generated_json/autoware_prs.json,2017/09/21,82002,2910
generated_json/autoware_prs.json,2017/09/21,1016,14
generated_json/autoware_prs.json,2017/09/22,2,0
generated_json/autoware_prs.json,2017/09/22,3,1
generated_json/autoware_prs.json,2017/09/25,423,100
generated_json/autoware_prs.json,2017/09/25,14,12
generated_json/autoware_prs.json,2017/10/01,7,5
generated_json/autoware_prs.json,2017/10/01,288,3
generated_json/autoware_prs.json,2017/10/02,856,52
generated_json/autoware_prs.json,2017/10/03,117,36
generated_json/autoware_prs.json,2017/10/04,855,0
generated_json/autoware_prs.json,2017/10/04,5,2
generated_json/autoware_prs.json,2017/10/04,2,8
generated_json/autoware_prs.json,2017/10/05,3,1
generated_json/autoware_prs.json,2017/10/09,1,1
generated_json/autoware_prs.json,2017/10/10,1,1
generated_json/autoware_prs.json,2017/10/12,474765,0
generated_json/autoware_prs.json,2017/10/13,579,0
generated_json/autoware_prs.json,2017/10/16,13,7
generated_json/autoware_prs.json,2017/10/18,178,7
generated_json/autoware_prs.json,2017/10/18,13448,69
generated_json/autoware_prs.json,2017/10/18,230,503
generated_json/autoware_prs.json,2017/10/21,147,66
generated_json/autoware_prs.json,2017/10/25,706,57
generated_json/autoware_prs.json,2017/10/25,17,15
generated_json/autoware_prs.json,2017/10/27,270,0
generated_json/autoware_prs.json,2017/10/29,36,429
generated_json/autoware_prs.json,2017/11/06,5,5
generated_json/autoware_prs.json,2017/11/08,2774,832
generated_json/autoware_prs.json,2017/11/09,18,6
generated_json/autoware_prs.json,2017/11/10,86,20
generated_json/autoware_prs.json,2017/11/10,28,0
generated_json/autoware_prs.json,2017/11/10,99,95
generated_json/autoware_prs.json,2017/11/10,118,254
generated_json/autoware_prs.json,2017/11/12,260783,0
generated_json/autoware_prs.json,2017/11/13,351,192
generated_json/autoware_prs.json,2017/11/13,1,0
generated_json/autoware_prs.json,2017/11/13,794,2050
generated_json/autoware_prs.json,2017/11/14,6233,4592
generated_json/autoware_prs.json,2017/11/14,28,43
generated_json/autoware_prs.json,2017/11/16,57,0
generated_json/autoware_prs.json,2017/11/16,66,66
generated_json/autoware_prs.json,2017/11/17,1,0
generated_json/autoware_prs.json,2017/11/17,521,0
generated_json/autoware_prs.json,2017/11/17,40,4
generated_json/autoware_prs.json,2017/11/20,99,28
generated_json/autoware_prs.json,2017/11/25,1,2
generated_json/autoware_prs.json,2017/11/27,260,87
generated_json/autoware_prs.json,2017/11/27,26,0
generated_json/autoware_prs.json,2017/11/27,3,3
generated_json/autoware_prs.json,2017/11/28,627,404
generated_json/autoware_prs.json,2017/11/30,2684,1266
generated_json/autoware_prs.json,2017/12/01,5,5
generated_json/autoware_prs.json,2017/12/01,4,2
generated_json/autoware_prs.json,2017/12/01,50,0
generated_json/autoware_prs.json,2017/12/04,16,3
generated_json/autoware_prs.json,2017/12/06,4,4
generated_json/autoware_prs.json,2017/12/06,1047,849
generated_json/autoware_prs.json,2017/12/07,180,52
generated_json/autoware_prs.json,2017/12/07,156,222
generated_json/autoware_prs.json,2017/12/08,10,10
generated_json/autoware_prs.json,2017/12/08,4,12
generated_json/autoware_prs.json,2017/12/11,0,4
generated_json/autoware_prs.json,2017/12/11,0,74271
generated_json/autoware_prs.json,2017/12/11,17,7
generated_json/autoware_prs.json,2017/12/11,4,2
generated_json/autoware_prs.json,2017/12/11,3,4
generated_json/autoware_prs.json,2017/12/11,516187,85036
generated_json/autoware_prs.json,2017/12/11,3,3
generated_json/autoware_prs.json,2017/12/15,104,39
generated_json/autoware_prs.json,2017/12/16,305,68
generated_json/autoware_prs.json,2017/12/17,132962,0
generated_json/autoware_prs.json,2017/12/18,3,6
generated_json/autoware_prs.json,2017/12/18,41,5
generated_json/autoware_prs.json,2017/12/19,32,0
generated_json/autoware_prs.json,2017/12/22,737,140
generated_json/autoware_prs.json,2017/12/22,2,2
generated_json/autoware_prs.json,2017/12/22,44,46
generated_json/autoware_prs.json,2017/12/25,2639,517
generated_json/autoware_prs.json,2017/12/25,7,2
generated_json/autoware_prs.json,2017/12/26,62,24
generated_json/autoware_prs.json,2017/12/27,982,270
generated_json/autoware_prs.json,2018/01/04,2,1
generated_json/autoware_prs.json,2018/01/10,59,31
generated_json/autoware_prs.json,2018/01/14,6,0
generated_json/autoware_prs.json,2018/01/17,27,9
generated_json/autoware_prs.json,2018/01/20,465,111
generated_json/autoware_prs.json,2018/01/22,585,192
generated_json/autoware_prs.json,2018/01/23,499,84
generated_json/autoware_prs.json,2018/01/23,404,161
generated_json/autoware_prs.json,2018/01/25,1041,7
generated_json/autoware_prs.json,2018/01/28,5203,3
generated_json/autoware_prs.json,2018/01/28,0,0
generated_json/autoware_prs.json,2018/01/29,4,0
generated_json/autoware_prs.json,2018/01/30,465,127
generated_json/autoware_prs.json,2018/01/31,6,1
generated_json/autoware_prs.json,2018/01/31,909,7
generated_json/autoware_prs.json,2018/02/01,1549,1452
generated_json/autoware_prs.json,2018/02/07,226,42
generated_json/autoware_prs.json,2018/02/10,88,11
generated_json/autoware_prs.json,2018/02/13,171,381
generated_json/autoware_prs.json,2018/02/14,27,7
generated_json/autoware_prs.json,2018/02/14,1158,9991
generated_json/autoware_prs.json,2018/02/16,125,0
generated_json/autoware_prs.json,2018/02/16,3518,1419
generated_json/autoware_prs.json,2018/02/16,501,14
generated_json/autoware_prs.json,2018/02/16,173,17
generated_json/autoware_prs.json,2018/02/17,44,18
generated_json/autoware_prs.json,2018/02/17,129,33
generated_json/autoware_prs.json,2018/02/20,1280,266
generated_json/autoware_prs.json,2018/02/20,399,137
generated_json/autoware_prs.json,2018/02/21,507,476
generated_json/autoware_prs.json,2018/02/21,102,77
generated_json/autoware_prs.json,2018/02/22,261,67
generated_json/autoware_prs.json,2018/02/23,368,5
generated_json/autoware_prs.json,2018/02/27,3276,2340
generated_json/autoware_prs.json,2018/03/01,11,27
generated_json/autoware_prs.json,2018/03/02,1731,1041
generated_json/autoware_prs.json,2018/03/02,229,274
generated_json/autoware_prs.json,2018/03/04,20,2
generated_json/autoware_prs.json,2018/03/05,3,3
generated_json/autoware_prs.json,2018/03/05,3,23
generated_json/autoware_prs.json,2018/03/05,3358,2
generated_json/autoware_prs.json,2018/03/06,24,25
generated_json/autoware_prs.json,2018/03/06,1,0
generated_json/autoware_prs.json,2018/03/08,16,1
generated_json/autoware_prs.json,2018/03/09,221,182
generated_json/autoware_prs.json,2018/03/09,47,0
generated_json/autoware_prs.json,2018/03/09,375,60
generated_json/autoware_prs.json,2018/03/11,1,1
generated_json/autoware_prs.json,2018/03/13,51,9
generated_json/autoware_prs.json,2018/03/14,2540,2654
generated_json/autoware_prs.json,2018/03/16,0,0
generated_json/autoware_prs.json,2018/03/19,199,10
generated_json/autoware_prs.json,2018/03/19,248,24
generated_json/autoware_prs.json,2018/03/21,613,106
generated_json/autoware_prs.json,2018/03/23,69,26
generated_json/autoware_prs.json,2018/03/24,2755,0
generated_json/autoware_prs.json,2018/03/27,690,24
generated_json/autoware_prs.json,2018/03/30,1,3
generated_json/autoware_prs.json,2018/03/30,241,57
generated_json/autoware_prs.json,2018/04/02,2,1
generated_json/autoware_prs.json,2018/04/03,698,413
generated_json/autoware_prs.json,2018/04/03,125,29
generated_json/autoware_prs.json,2018/04/04,981,228
generated_json/autoware_prs.json,2018/04/05,26,7
generated_json/autoware_prs.json,2018/04/06,30645,24
generated_json/autoware_prs.json,2018/04/08,16,12
generated_json/autoware_prs.json,2018/04/12,78,3
generated_json/autoware_prs.json,2018/04/12,19,1
generated_json/autoware_prs.json,2018/04/12,26,0
generated_json/autoware_prs.json,2018/04/12,19,2
generated_json/autoware_prs.json,2018/04/13,13,3
generated_json/autoware_prs.json,2018/04/18,35,12
generated_json/autoware_prs.json,2018/04/19,57,9
generated_json/autoware_prs.json,2018/04/23,110,10
generated_json/autoware_prs.json,2018/04/24,25,6
generated_json/autoware_prs.json,2018/04/25,2203,0
generated_json/autoware_prs.json,2018/04/26,26,2
generated_json/autoware_prs.json,2018/04/26,11,0
generated_json/autoware_prs.json,2018/04/27,189,1
generated_json/autoware_prs.json,2018/04/27,3495,3362
generated_json/autoware_prs.json,2018/04/28,1,1
generated_json/autoware_prs.json,2018/04/30,9,4
generated_json/autoware_prs.json,2018/05/02,1,1
generated_json/autoware_prs.json,2018/05/08,17,2
generated_json/autoware_prs.json,2018/05/08,26,4
generated_json/autoware_prs.json,2018/05/08,3,1
generated_json/autoware_prs.json,2018/05/09,4,2
generated_json/autoware_prs.json,2018/05/09,2,2
generated_json/autoware_prs.json,2018/05/09,153,94
generated_json/autoware_prs.json,2018/05/10,2,12
generated_json/autoware_prs.json,2018/05/10,4,1
generated_json/autoware_prs.json,2018/05/14,13,1
generated_json/autoware_prs.json,2018/05/15,4145,12384
generated_json/autoware_prs.json,2018/05/15,431,24
generated_json/autoware_prs.json,2018/05/16,217328,33043
generated_json/autoware_prs.json,2018/05/17,12474,194
generated_json/autoware_prs.json,2018/05/17,134,0
generated_json/autoware_prs.json,2018/05/18,44,36
generated_json/autoware_prs.json,2018/05/18,14,1
generated_json/autoware_prs.json,2018/05/18,43,39
generated_json/autoware_prs.json,2018/05/21,715,666
generated_json/autoware_prs.json,2018/05/21,30683,77
generated_json/autoware_prs.json,2018/05/24,451,165
generated_json/autoware_prs.json,2018/05/25,15,12
generated_json/autoware_prs.json,2018/05/25,818,167
generated_json/autoware_prs.json,2018/06/01,262,0
generated_json/autoware_prs.json,2018/06/03,200,179
generated_json/autoware_prs.json,2018/06/04,13,20
generated_json/autoware_prs.json,2018/06/05,17,6
generated_json/autoware_prs.json,2018/06/09,45,220
generated_json/autoware_prs.json,2018/06/11,45,220
generated_json/autoware_prs.json,2018/06/20,209,234
generated_json/autoware_prs.json,2018/06/23,875,3
generated_json/autoware_prs.json,2018/06/26,14,8
generated_json/autoware_prs.json,2018/06/27,149,0
generated_json/autoware_prs.json,2018/06/27,41,14
generated_json/autoware_prs.json,2018/07/09,8,8
generated_json/autoware_prs.json,2018/07/13,331,95
generated_json/autoware_prs.json,2018/07/17,1,1
generated_json/autoware_prs.json,2018/07/18,1,1
generated_json/autoware_prs.json,2018/07/18,1,1
generated_json/autoware_prs.json,2018/07/20,265,68
generated_json/autoware_prs.json,2018/07/23,24,3
generated_json/autoware_prs.json,2018/07/23,1,36
generated_json/autoware_prs.json,2018/07/23,102,90
generated_json/autoware_prs.json,2018/07/26,107,89
generated_json/autoware_prs.json,2018/07/26,9,9
generated_json/autoware_prs.json,2018/07/27,22817,13374
generated_json/autoware_prs.json,2018/07/27,2,1
generated_json/autoware_prs.json,2018/07/30,6,1
generated_json/autoware_prs.json,2018/07/31,680,681
generated_json/autoware_prs.json,2018/08/01,161,3
generated_json/autoware_prs.json,2018/08/06,4290,3073
generated_json/autoware_prs.json,2018/08/06,4290,3073
generated_json/autoware_prs.json,2018/08/06,2,1
generated_json/autoware_prs.json,2018/08/08,1669,1481
generated_json/autoware_prs.json,2018/08/08,107,89
generated_json/autoware_prs.json,2018/08/09,35,15
generated_json/autoware_prs.json,2018/08/09,15,15
generated_json/autoware_prs.json,2018/08/09,3,4
generated_json/autoware_prs.json,2018/08/09,766,1
generated_json/autoware_prs.json,2018/08/13,3,0
generated_json/autoware_prs.json,2018/08/15,2030,53
generated_json/autoware_prs.json,2018/08/20,652,4
generated_json/autoware_prs.json,2018/08/29,1,6
generated_json/autoware_prs.json,2018/08/29,6915,86
generated_json/autoware_prs.json,2018/08/30,2,2
generated_json/autoware_prs.json,2018/08/30,2,2
generated_json/autoware_prs.json,2018/08/31,68262,18948
generated_json/autoware_prs.json,2018/08/31,1851,390
generated_json/autoware_prs.json,2018/09/03,529,0
generated_json/autoware_prs.json,2018/09/06,1,1
generated_json/autoware_prs.json,2018/09/06,12,0
generated_json/autoware_prs.json,2018/09/12,147,3
generated_json/autoware_prs.json,2018/09/13,5,8
generated_json/autoware_prs.json,2018/09/13,1522,0
generated_json/autoware_prs.json,2018/09/20,41,8
generated_json/autoware_prs.json,2018/09/20,130,5
generated_json/autoware_prs.json,2018/09/21,26,19
generated_json/autoware_prs.json,2018/09/23,177,19
generated_json/autoware_prs.json,2018/09/24,3,2
generated_json/autoware_prs.json,2018/10/02,2,2
generated_json/autoware_prs.json,2018/10/03,394,1
generated_json/autoware_prs.json,2018/10/03,13,0
generated_json/autoware_prs.json,2018/10/04,92,0
generated_json/autoware_prs.json,2018/10/06,167,51
generated_json/autoware_prs.json,2018/10/10,6,2
generated_json/autoware_prs.json,2018/10/10,1522,776
generated_json/autoware_prs.json,2018/10/14,2871,3636
generated_json/autoware_prs.json,2018/10/14,95,41
generated_json/autoware_prs.json,2018/10/15,4,4
generated_json/autoware_prs.json,2018/10/16,11,11
generated_json/autoware_prs.json,2018/10/16,1,0
generated_json/autoware_prs.json,2018/10/16,5817,3562
generated_json/autoware_prs.json,2018/10/16,1026,291
generated_json/autoware_prs.json,2018/10/17,1,1
generated_json/autoware_prs.json,2018/10/17,1,1
generated_json/autoware_prs.json,2018/10/17,562,7
generated_json/autoware_prs.json,2018/10/17,42,23
generated_json/autoware_prs.json,2018/10/18,4,3
generated_json/autoware_prs.json,2018/10/18,19,29
generated_json/autoware_prs.json,2018/10/22,729,729
generated_json/autoware_prs.json,2018/10/23,5,3
generated_json/autoware_prs.json,2018/10/24,127,60
generated_json/autoware_prs.json,2018/10/24,1,0
generated_json/autoware_prs.json,2018/10/26,9775,7984
generated_json/autoware_prs.json,2018/10/26,99,83
generated_json/autoware_prs.json,2018/10/26,5,3
generated_json/autoware_prs.json,2018/10/26,267,0
generated_json/autoware_prs.json,2018/10/26,44,8
generated_json/autoware_prs.json,2018/10/26,306,0
generated_json/autoware_prs.json,2018/10/30,2,1
generated_json/autoware_prs.json,2018/10/30,66,1
generated_json/autoware_prs.json,2018/10/31,2,2
generated_json/autoware_prs.json,2018/10/31,15880,2202
generated_json/autoware_prs.json,2018/10/31,1178,163
generated_json/autoware_prs.json,2018/11/02,1,1
generated_json/autoware_prs.json,2018/11/02,3,0
generated_json/autoware_prs.json,2018/11/02,2271,2
generated_json/autoware_prs.json,2018/11/05,2,2
generated_json/autoware_prs.json,2018/11/05,30,41
generated_json/autoware_prs.json,2018/11/06,682,252
generated_json/autoware_prs.json,2018/11/06,682,252
generated_json/autoware_prs.json,2018/11/06,20,30
generated_json/autoware_prs.json,2018/11/07,8,4
generated_json/autoware_prs.json,2018/11/07,4,0
generated_json/autoware_prs.json,2018/11/07,88,85
generated_json/autoware_prs.json,2018/11/08,4,4
generated_json/autoware_prs.json,2018/11/09,810,252
generated_json/autoware_prs.json,2018/11/09,1,1
generated_json/autoware_prs.json,2018/11/13,112,120
generated_json/autoware_prs.json,2018/11/14,43,0
generated_json/autoware_prs.json,2018/11/14,86,2
generated_json/autoware_prs.json,2018/11/14,4,0
generated_json/autoware_prs.json,2018/11/14,0,1
generated_json/autoware_prs.json,2018/11/14,24,23
generated_json/autoware_prs.json,2018/11/22,93,10
generated_json/autoware_prs.json,2018/11/23,132,31
generated_json/autoware_prs.json,2018/11/26,14,0
generated_json/autoware_prs.json,2018/11/26,4053,8630
generated_json/autoware_prs.json,2018/11/26,4,221
generated_json/autoware_prs.json,2018/11/27,380,9
generated_json/autoware_prs.json,2018/11/28,151,0
generated_json/autoware_prs.json,2018/11/30,606,63
generated_json/autoware_prs.json,2018/11/30,14,3
generated_json/autoware_prs.json,2018/12/03,141,41
generated_json/autoware_prs.json,2018/12/07,0,2
generated_json/autoware_prs.json,2018/12/13,2071,14
generated_json/autoware_prs.json,2018/12/13,1,1
generated_json/autoware_prs.json,2018/12/13,1,1
generated_json/autoware_prs.json,2018/12/14,1,0
generated_json/autoware_prs.json,2018/12/17,110,7
generated_json/autoware_prs.json,2018/12/19,1811,0
generated_json/autoware_prs.json,2018/12/19,526,78
generated_json/autoware_prs.json,2018/12/20,31,1
generated_json/autoware_prs.json,2018/12/21,1797,0
generated_json/autoware_prs.json,2018/12/21,0,0
generated_json/autoware_prs.json,2018/12/24,43,60
generated_json/autoware_prs.json,2018/12/24,98,1
generated_json/autoware_prs.json,2018/12/26,2220,230
generated_json/autoware_prs.json,2018/12/27,1,1
generated_json/autoware_prs.json,2018/12/28,2,1
generated_json/autoware_prs.json,2018/12/28,27,16
generated_json/autoware_prs.json,2018/12/28,47,23
generated_json/autoware_prs.json,2018/12/28,1,1
generated_json/autoware_prs.json,2019/01/05,15,114
generated_json/autoware_prs.json,2019/01/08,63,25
generated_json/autoware_prs.json,2019/01/08,0,2
generated_json/autoware_prs.json,2019/01/08,0,427
generated_json/autoware_prs.json,2019/01/08,0,1915
generated_json/autoware_prs.json,2019/01/08,0,401
generated_json/autoware_prs.json,2019/01/08,0,691
generated_json/autoware_prs.json,2019/01/08,0,1036
generated_json/autoware_prs.json,2019/01/09,8317,292
generated_json/autoware_prs.json,2019/01/09,46,72
generated_json/autoware_prs.json,2019/01/09,3,4
generated_json/autoware_prs.json,2019/01/09,2,1
generated_json/autoware_prs.json,2019/01/09,0,94
generated_json/autoware_prs.json,2019/01/09,0,2007
generated_json/autoware_prs.json,2019/01/09,0,226
generated_json/autoware_prs.json,2019/01/09,3,4
generated_json/autoware_prs.json,2019/01/10,977,569
generated_json/autoware_prs.json,2019/01/11,0,650
generated_json/autoware_prs.json,2019/01/11,0,71264
generated_json/autoware_prs.json,2019/01/11,0,1180
generated_json/autoware_prs.json,2019/01/11,0,472
generated_json/autoware_prs.json,2019/01/11,0,4868
generated_json/autoware_prs.json,2019/01/11,0,356
generated_json/autoware_prs.json,2019/01/11,0,916
generated_json/autoware_prs.json,2019/01/11,0,1347
generated_json/autoware_prs.json,2019/01/11,0,1348
generated_json/autoware_prs.json,2019/01/11,0,761
generated_json/autoware_prs.json,2019/01/11,12,230
generated_json/autoware_prs.json,2019/01/11,1,1
generated_json/autoware_prs.json,2019/01/14,1,200
generated_json/autoware_prs.json,2019/01/14,0,1458
generated_json/autoware_prs.json,2019/01/14,0,334
generated_json/autoware_prs.json,2019/01/14,1,524
generated_json/autoware_prs.json,2019/01/15,0,2546
generated_json/autoware_prs.json,2019/01/16,393,63
generated_json/autoware_prs.json,2019/01/16,0,0
generated_json/autoware_prs.json,2019/01/16,13,11
generated_json/autoware_prs.json,2019/01/16,366,3
generated_json/autoware_prs.json,2019/01/16,23199,18408
generated_json/autoware_prs.json,2019/01/16,0,1
generated_json/autoware_prs.json,2019/01/17,3388,308
generated_json/autoware_prs.json,2019/01/22,15,2
generated_json/autoware_prs.json,2019/01/22,2,1
generated_json/autoware_prs.json,2019/01/23,13,13
generated_json/autoware_prs.json,2019/01/24,4,61
generated_json/autoware_prs.json,2019/01/24,108,16
generated_json/autoware_prs.json,2019/01/24,0,6
generated_json/autoware_prs.json,2019/01/25,29,1
generated_json/autoware_prs.json,2019/01/28,20053,41721
generated_json/autoware_prs.json,2019/01/28,1,1
generated_json/autoware_prs.json,2019/01/28,59,13
generated_json/autoware_prs.json,2019/01/31,1301,1720
generated_json/autoware_prs.json,2019/01/31,499,232
generated_json/autoware_prs.json,2019/01/31,624,293
generated_json/autoware_prs.json,2019/02/01,4752,16
generated_json/autoware_prs.json,2019/02/01,997,682
generated_json/autoware_prs.json,2019/02/04,4,4
generated_json/autoware_prs.json,2019/02/05,411,3
generated_json/autoware_prs.json,2019/02/06,143,140
generated_json/autoware_prs.json,2019/02/07,25,13427
generated_json/autoware_prs.json,2019/02/07,7,14
generated_json/autoware_prs.json,2019/02/08,1263,863
generated_json/autoware_prs.json,2019/02/11,1,1
generated_json/autoware_prs.json,2019/02/11,1,1
generated_json/autoware_prs.json,2019/02/11,2,6
generated_json/autoware_prs.json,2019/02/11,86,0
generated_json/autoware_prs.json,2019/02/14,461,14
generated_json/autoware_prs.json,2019/02/15,3,3
generated_json/autoware_prs.json,2019/02/15,1,2
generated_json/autoware_prs.json,2019/02/18,2,0
generated_json/autoware_prs.json,2019/02/19,512,63
generated_json/autoware_prs.json,2019/02/21,206,0
generated_json/autoware_prs.json,2019/02/22,928,454
generated_json/autoware_prs.json,2019/02/25,22,5
generated_json/autoware_prs.json,2019/02/25,0,0
generated_json/autoware_prs.json,2019/02/26,605,96
generated_json/autoware_prs.json,2019/02/26,3628,1
generated_json/autoware_prs.json,2019/02/26,547,19418
generated_json/autoware_prs.json,2019/02/27,454,928
generated_json/autoware_prs.json,2019/02/27,3,5
generated_json/autoware_prs.json,2019/02/27,0,123
generated_json/autoware_prs.json,2019/02/28,259,90
generated_json/autoware_prs.json,2019/03/01,2,2
generated_json/autoware_prs.json,2019/03/01,0,34
generated_json/autoware_prs.json,2019/03/01,1181,178
generated_json/autoware_prs.json,2019/03/01,11,6
generated_json/autoware_prs.json,2019/03/04,24,19
generated_json/autoware_prs.json,2019/03/05,1,0
generated_json/autoware_prs.json,2019/03/05,2,0
generated_json/autoware_prs.json,2019/03/05,0,0
generated_json/autoware_prs.json,2019/03/10,44,31
generated_json/autoware_prs.json,2019/03/13,129,0
generated_json/autoware_prs.json,2019/03/13,0,0
generated_json/autoware_prs.json,2019/03/14,16,2
generated_json/autoware_prs.json,2019/03/14,4,4
generated_json/autoware_prs.json,2019/03/19,55,66
generated_json/autoware_prs.json,2019/03/19,4,0
generated_json/autoware_prs.json,2019/03/20,1072,418
generated_json/autoware_prs.json,2019/03/21,66682,163553
generated_json/autoware_prs.json,2019/03/22,1,1
generated_json/autoware_prs.json,2019/03/25,0,50
generated_json/autoware_prs.json,2019/03/25,107,3
generated_json/autoware_prs.json,2019/03/25,169,30
generated_json/autoware_prs.json,2019/03/28,49,0
generated_json/autoware_prs.json,2019/03/31,6037,19867
generated_json/autoware_prs.json,2019/04/08,7,0
generated_json/autoware_prs.json,2019/04/15,28,30
generated_json/autoware_prs.json,2019/04/15,47,49
generated_json/autoware_prs.json,2019/04/15,2,1
generated_json/autoware_prs.json,2019/04/17,1,0
generated_json/autoware_prs.json,2019/05/02,4,2
generated_json/autoware_prs.json,2019/05/08,8,4
generated_json/autoware_prs.json,2019/05/09,9444,20357
generated_json/autoware_prs.json,2019/05/10,8,11
generated_json/autoware_prs.json,2019/05/12,2641,1
generated_json/autoware_prs.json,2019/05/13,2,341
generated_json/autoware_prs.json,2019/05/13,233,231
generated_json/autoware_prs.json,2019/05/14,885,944
generated_json/autoware_prs.json,2019/05/14,4266,20
generated_json/autoware_prs.json,2019/05/14,120,75
generated_json/autoware_prs.json,2019/05/15,42,7
generated_json/autoware_prs.json,2019/05/15,263,81
generated_json/autoware_prs.json,2019/05/15,18,0
generated_json/autoware_prs.json,2019/05/15,17,13
generated_json/autoware_prs.json,2019/05/15,184,51
generated_json/autoware_prs.json,2019/05/16,39,107
generated_json/autoware_prs.json,2019/05/16,1,1
generated_json/autoware_prs.json,2019/05/17,1,1
generated_json/autoware_prs.json,2019/05/17,1,1
generated_json/autoware_prs.json,2019/05/20,25,99
generated_json/autoware_prs.json,2019/05/21,56,35
generated_json/autoware_prs.json,2019/05/21,1,1
generated_json/autoware_prs.json,2019/05/22,81,138
generated_json/autoware_prs.json,2019/05/23,4,7
generated_json/autoware_prs.json,2019/05/23,51,178
generated_json/autoware_prs.json,2019/05/28,5,8
generated_json/autoware_prs.json,2019/05/29,6,2
generated_json/autoware_prs.json,2019/05/30,1258,458
generated_json/autoware_prs.json,2019/05/30,41,23
generated_json/autoware_prs.json,2019/05/31,0,0
generated_json/autoware_prs.json,2019/05/31,1,1
generated_json/autoware_prs.json,2019/06/24,1,1
generated_json/autoware_ai_common_prs.json,2020/06/09,48,0
generated_json/autoware_ai_perception_prs.json,2020/06/09,48,0
generated_json/autoware_ai_planning_prs.json,2020/06/09,48,0
generated_json/autoware_ai_drivers_prs.json,2020/06/09,48,0
generated_json/autoware_ai_messages_prs.json,2020/06/09,45,0
generated_json/autoware_ai_simulation_prs.json,2020/06/09,48,0
generated_json/autoware_ai_utilities_prs.json,2020/06/09,48,0
generated_json/autoware_ai_visualization_prs.json,2020/06/09,48,0
generated_json/autoware_ai_common_prs.json,2020/06/17,4,1
generated_json/autoware_ai_perception_prs.json,2020/06/17,8,13
generated_json/autoware_ai_planning_prs.json,2020/06/17,8,13
generated_json/autoware_ai_drivers_prs.json,2020/06/17,8,13
generated_json/autoware_ai_messages_prs.json,2020/06/17,5,3
generated_json/autoware_ai_simulation_prs.json,2020/06/17,8,13
generated_json/autoware_ai_utilities_prs.json,2020/06/17,8,13
generated_json/autoware_ai_visualization_prs.json,2020/06/17,8,13
generated_json/autoware_ai_common_prs.json,2020/06/17,4,12
generated_json/autoware_ai_utilities_prs.json,2020/06/19,12737,0
generated_json/autoware_ai_common_prs.json,2020/06/22,4,148
generated_json/autoware_ai_perception_prs.json,2020/07/09,1,1
generated_json/autoware_ai_perception_prs.json,2020/07/13,1,1
generated_json/autoware_ai_simulation_prs.json,2020/07/15,138,490
generated_json/autoware_ai_common_prs.json,2020/07/20,1,0
generated_json/autoware_ai_perception_prs.json,2020/07/21,106,23
generated_json/autoware_ai_perception_prs.json,2020/07/21,2,0
generated_json/autoware_ai_perception_prs.json,2020/07/22,1213,335
generated_json/autoware_ai_common_prs.json,2020/08/03,2,2
generated_json/autoware_ai_planning_prs.json,2020/08/04,2,2
generated_json/autoware_ai_perception_prs.json,2020/08/20,7,1
generated_json/autoware_ai_perception_prs.json,2020/08/27,90,33
generated_json/autoware_ai_drivers_prs.json,2020/09/03,19,26
generated_json/autoware_ai_planning_prs.json,2020/09/03,230,235
generated_json/autoware_ai_planning_prs.json,2020/09/03,54,96
generated_json/autoware_ai_planning_prs.json,2020/09/03,2,2
generated_json/autoware_ai_planning_prs.json,2020/09/03,0,1
generated_json/autoware_ai_planning_prs.json,2020/09/03,92,133
generated_json/autoware_ai_planning_prs.json,2020/09/03,5,4
generated_json/autoware_ai_planning_prs.json,2020/09/03,19,6
generated_json/autoware_ai_common_prs.json,2020/09/10,329,15
generated_json/autoware_ai_planning_prs.json,2020/09/14,2,2
generated_json/autoware_ai_planning_prs.json,2020/09/17,39,2
generated_json/autoware_ai_perception_prs.json,2020/09/24,1,1
generated_json/autoware_ai_common_prs.json,2020/09/29,915,0
generated_json/autoware_ai_planning_prs.json,2020/10/08,14,2
generated_json/autoware_ai_planning_prs.json,2020/10/08,954,910
generated_json/autoware_ai_common_prs.json,2020/10/09,38,13
generated_json/autoware_ai_perception_prs.json,2020/10/09,1,1
generated_json/autoware_ai_perception_prs.json,2020/10/09,1,1
generated_json/autoware_ai_perception_prs.json,2020/10/09,39,22
generated_json/autoware_ai_perception_prs.json,2020/10/09,19,7
generated_json/autoware_ai_perception_prs.json,2020/10/09,90,157
generated_json/autoware_ai_planning_prs.json,2020/10/13,97,174
generated_json/autoware_ai_planning_prs.json,2020/10/13,1,1
generated_json/autoware_ai_planning_prs.json,2020/10/13,3,4
generated_json/autoware_ai_utilities_prs.json,2020/10/14,61,49
generated_json/autoware_ai_perception_prs.json,2020/10/15,797,113
generated_json/autoware_ai_common_prs.json,2020/10/21,10,10
generated_json/autoware_ai_common_prs.json,2020/10/21,1,1
generated_json/autoware_ai_common_prs.json,2020/10/21,4,9
generated_json/autoware_ai_utilities_prs.json,2020/10/21,39,34
generated_json/autoware_ai_utilities_prs.json,2020/10/21,31,32
generated_json/autoware_ai_planning_prs.json,2020/10/21,35,126
generated_json/autoware_ai_messages_prs.json,2020/10/21,1,5
generated_json/autoware_ai_utilities_prs.json,2020/10/21,11,62
generated_json/autoware_ai_planning_prs.json,2020/10/21,30,2
generated_json/autoware_ai_planning_prs.json,2020/10/21,72,14
generated_json/autoware_ai_planning_prs.json,2020/10/21,61,29
generated_json/autoware_ai_planning_prs.json,2020/10/21,3,3
generated_json/autoware_ai_planning_prs.json,2020/10/21,61,16
generated_json/autoware_ai_planning_prs.json,2020/10/21,117,266
generated_json/autoware_ai_planning_prs.json,2020/10/21,317,0
generated_json/autoware_ai_planning_prs.json,2020/10/21,215,15
generated_json/autoware_ai_planning_prs.json,2020/10/21,3,4
generated_json/autoware_ai_planning_prs.json,2020/10/21,19,16
generated_json/autoware_ai_planning_prs.json,2020/10/21,0,8
generated_json/autoware_ai_planning_prs.json,2020/10/21,28,24
generated_json/autoware_ai_planning_prs.json,2020/10/21,58,52
generated_json/autoware_ai_planning_prs.json,2020/10/21,28,10
generated_json/autoware_ai_planning_prs.json,2020/10/21,44,19
generated_json/autoware_ai_planning_prs.json,2020/10/21,14,3
generated_json/autoware_ai_planning_prs.json,2020/10/21,112,82
generated_json/autoware_ai_planning_prs.json,2020/10/21,13,10
generated_json/autoware_ai_perception_prs.json,2020/10/22,2,2
generated_json/autoware_ai_perception_prs.json,2020/10/22,6,3
generated_json/autoware_ai_perception_prs.json,2020/10/22,142,57
generated_json/autoware_ai_perception_prs.json,2020/10/22,84,99
generated_json/autoware_ai_perception_prs.json,2020/10/22,12,0
generated_json/autoware_ai_perception_prs.json,2020/10/22,23,24
generated_json/autoware_ai_perception_prs.json,2020/10/22,18,28
generated_json/autoware_ai_perception_prs.json,2020/10/22,180,117
generated_json/autoware_ai_perception_prs.json,2020/10/22,15,15
generated_json/autoware_ai_perception_prs.json,2020/10/22,8,5
generated_json/autoware_ai_perception_prs.json,2020/10/22,9,9
generated_json/autoware_ai_utilities_prs.json,2020/10/22,42,47
generated_json/autoware_ai_perception_prs.json,2020/10/23,46,19
generated_json/autoware_ai_perception_prs.json,2020/10/30,3,3
generated_json/autoware_ai_perception_prs.json,2021/01/28,3,2
generated_json/universe_prs.json,2021/11/30,1805,0
generated_json/universe_prs.json,2021/11/30,2938,8
generated_json/universe_prs.json,2021/11/30,4080,0
generated_json/universe_prs.json,2021/11/30,9156,0
generated_json/universe_prs.json,2021/11/30,1949,0
generated_json/universe_prs.json,2021/11/30,1655,0
generated_json/universe_prs.json,2021/11/30,60,0
generated_json/universe_prs.json,2021/11/30,625,0
generated_json/universe_prs.json,2021/11/30,13246,0
generated_json/universe_prs.json,2021/11/30,556,0
generated_json/universe_prs.json,2021/11/30,241,0
generated_json/universe_prs.json,2021/11/30,526,0
generated_json/universe_prs.json,2021/11/30,382,0
generated_json/universe_prs.json,2021/11/30,371,0
generated_json/universe_prs.json,2021/11/30,255,0
generated_json/universe_prs.json,2021/11/30,577,0
generated_json/universe_prs.json,2021/11/30,1462,0
generated_json/universe_prs.json,2021/11/30,1685,0
generated_json/universe_prs.json,2021/11/30,16651,0
generated_json/universe_prs.json,2021/11/30,2720,1
generated_json/universe_prs.json,2021/11/30,20180,0
generated_json/universe_prs.json,2021/11/30,208,0
generated_json/universe_prs.json,2021/11/30,244,0
generated_json/universe_prs.json,2021/11/30,1624,0
generated_json/universe_prs.json,2021/11/30,2180,0
generated_json/universe_prs.json,2021/11/30,1225,0
generated_json/universe_prs.json,2021/11/30,929,0
generated_json/universe_prs.json,2021/11/30,414,0
generated_json/universe_prs.json,2021/11/30,203,0
generated_json/universe_prs.json,2021/11/30,8853,0
generated_json/universe_prs.json,2021/11/30,1031,0
generated_json/universe_prs.json,2021/11/30,743,0
generated_json/universe_prs.json,2021/11/30,1176,0
generated_json/universe_prs.json,2021/11/30,339,0
generated_json/universe_prs.json,2021/11/30,1363,0
generated_json/universe_prs.json,2021/11/30,502,0
generated_json/universe_prs.json,2021/11/30,1061,0
generated_json/universe_prs.json,2021/11/30,13,1
generated_json/universe_prs.json,2021/11/30,6927,0
generated_json/universe_prs.json,2021/11/30,14,0
generated_json/universe_prs.json,2021/11/30,10,0
generated_json/universe_prs.json,2021/11/30,5,0
generated_json/universe_prs.json,2021/11/30,65,2
generated_json/universe_prs.json,2021/11/30,62,0
generated_json/universe_prs.json,2021/12/01,377,0
generated_json/universe_prs.json,2021/12/01,3140,0
generated_json/universe_prs.json,2021/12/01,1900,0
generated_json/universe_prs.json,2021/12/01,894,0
generated_json/universe_prs.json,2021/12/01,748,0
generated_json/universe_prs.json,2021/12/01,0,4
generated_json/universe_prs.json,2021/12/01,4,0
generated_json/universe_prs.json,2021/12/01,4,0
generated_json/universe_prs.json,2021/12/01,1727,0
generated_json/universe_prs.json,2021/12/01,1050,0
generated_json/universe_prs.json,2021/12/01,4699,0
generated_json/universe_prs.json,2021/12/01,1594,0
generated_json/universe_prs.json,2021/12/01,544,0
generated_json/universe_prs.json,2021/12/01,1655,0
generated_json/universe_prs.json,2021/12/01,4649,0
generated_json/universe_prs.json,2021/12/01,641,0
generated_json/universe_prs.json,2021/12/01,49,0
generated_json/universe_prs.json,2021/12/01,6646,0
generated_json/universe_prs.json,2021/12/01,4809,0
generated_json/universe_prs.json,2021/12/02,36,0
generated_json/universe_prs.json,2021/12/02,3382,0
generated_json/universe_prs.json,2021/12/02,8908,0
generated_json/universe_prs.json,2021/12/02,853,0
generated_json/universe_prs.json,2021/12/02,6427,0
generated_json/universe_prs.json,2021/12/02,3582,0
generated_json/universe_prs.json,2021/12/02,2162,0
generated_json/universe_prs.json,2021/12/02,4,0
generated_json/universe_prs.json,2021/12/02,878,0
generated_json/universe_prs.json,2021/12/02,80,3
generated_json/universe_prs.json,2021/12/02,872,0
generated_json/universe_prs.json,2021/12/02,2101,0
generated_json/universe_prs.json,2021/12/02,690,0
generated_json/universe_prs.json,2021/12/02,3425,0
generated_json/universe_prs.json,2021/12/03,3534,0
generated_json/universe_prs.json,2021/12/03,373,0
generated_json/universe_prs.json,2021/12/03,1247,0
generated_json/universe_prs.json,2021/12/03,1935,0
generated_json/universe_prs.json,2021/12/03,983,0
generated_json/universe_prs.json,2021/12/03,181,0
generated_json/universe_prs.json,2021/12/06,293,0
generated_json/universe_prs.json,2021/12/06,832,0
generated_json/universe_prs.json,2021/12/06,4446,0
generated_json/universe_prs.json,2021/12/06,887,0
generated_json/universe_prs.json,2021/12/06,1293,0
generated_json/universe_prs.json,2021/12/06,12,12
generated_json/universe_prs.json,2021/12/07,1998,0
generated_json/universe_prs.json,2021/12/07,107,0
generated_json/universe_prs.json,2021/12/07,3,3
generated_json/universe_prs.json,2021/12/07,8,10
generated_json/universe_prs.json,2021/12/07,41,2
generated_json/universe_prs.json,2021/12/07,34,19
generated_json/universe_prs.json,2021/12/07,9,3
generated_json/universe_prs.json,2021/12/07,17,198
generated_json/universe_prs.json,2021/12/07,809,100
generated_json/universe_prs.json,2021/12/07,34,0
generated_json/universe_prs.json,2021/12/07,297,288
generated_json/universe_prs.json,2021/12/07,2,1
generated_json/universe_prs.json,2021/12/07,224,55
generated_json/universe_prs.json,2021/12/07,186,65
generated_json/universe_prs.json,2021/12/07,1,0
generated_json/universe_prs.json,2021/12/07,22,1
generated_json/universe_prs.json,2021/12/07,17,2
generated_json/universe_prs.json,2021/12/08,12,2
generated_json/universe_prs.json,2021/12/08,88,10
generated_json/universe_prs.json,2021/12/09,4,3
generated_json/universe_prs.json,2021/12/09,1497,1527
generated_json/universe_prs.json,2021/12/09,2,1
generated_json/universe_prs.json,2021/12/09,4,3
generated_json/universe_prs.json,2021/12/09,30,6
generated_json/universe_prs.json,2021/12/09,30,16
generated_json/universe_prs.json,2021/12/09,18,18
generated_json/universe_prs.json,2021/12/10,1,1
generated_json/universe_prs.json,2021/12/10,1021,0
generated_json/universe_prs.json,2021/12/10,22,0
generated_json/universe_prs.json,2021/12/10,15,20
generated_json/universe_prs.json,2021/12/11,43,37
generated_json/universe_prs.json,2021/12/11,95,83
generated_json/universe_prs.json,2021/12/11,6,8
generated_json/universe_prs.json,2021/12/11,47,11
generated_json/universe_prs.json,2021/12/13,2014,0
generated_json/universe_prs.json,2021/12/13,364,0
generated_json/universe_prs.json,2021/12/13,183,42
generated_json/universe_prs.json,2021/12/13,573,0
generated_json/universe_prs.json,2021/12/13,166,0
generated_json/universe_prs.json,2021/12/13,3,4
generated_json/universe_prs.json,2021/12/13,486,0
generated_json/universe_prs.json,2021/12/13,918,0
generated_json/universe_prs.json,2021/12/13,321,0
generated_json/universe_prs.json,2021/12/13,22,12
generated_json/universe_prs.json,2021/12/13,1966,0
generated_json/universe_prs.json,2021/12/13,1762,0
generated_json/universe_prs.json,2021/12/14,2,2
generated_json/universe_prs.json,2021/12/14,20,19
generated_json/universe_prs.json,2021/12/14,1404,1514
generated_json/universe_prs.json,2021/12/14,55,33
generated_json/universe_prs.json,2021/12/15,22179,5
generated_json/universe_prs.json,2021/12/15,247,248
generated_json/universe_prs.json,2021/12/15,0,5413
generated_json/universe_prs.json,2021/12/15,383,68
generated_json/universe_prs.json,2021/12/16,24,20
generated_json/universe_prs.json,2021/12/16,13,8
generated_json/universe_prs.json,2021/12/16,866,12
generated_json/universe_prs.json,2021/12/16,52,2
generated_json/universe_prs.json,2021/12/16,8,8
generated_json/universe_prs.json,2021/12/16,87,81
generated_json/universe_prs.json,2021/12/16,2,2
generated_json/universe_prs.json,2021/12/16,27,12
generated_json/autoware_common_prs.json,2021/12/16,370,0
generated_json/universe_prs.json,2021/12/16,0,0
generated_json/universe_prs.json,2021/12/17,9,9
generated_json/universe_prs.json,2021/12/17,4,4
generated_json/universe_prs.json,2021/12/17,4,0
generated_json/universe_prs.json,2021/12/17,1,1
generated_json/autoware_common_prs.json,2021/12/20,6,6
generated_json/universe_prs.json,2021/12/21,2,1
generated_json/universe_prs.json,2021/12/21,43,2
generated_json/universe_prs.json,2021/12/22,25,23
generated_json/universe_prs.json,2021/12/22,230,45
generated_json/universe_prs.json,2021/12/22,319,228
generated_json/universe_prs.json,2021/12/22,7,0
generated_json/universe_prs.json,2021/12/22,202,0
generated_json/universe_prs.json,2021/12/23,11,11
generated_json/universe_prs.json,2021/12/23,46,33
generated_json/universe_prs.json,2021/12/24,3,3
generated_json/universe_prs.json,2021/12/26,1,1
generated_json/universe_prs.json,2021/12/27,85,55
generated_json/universe_prs.json,2021/12/28,18,10
generated_json/universe_prs.json,2022/01/01,11,4
generated_json/universe_prs.json,2022/01/05,14,4
generated_json/universe_prs.json,2022/01/05,24,2
generated_json/universe_prs.json,2022/01/06,7632,5115
generated_json/universe_prs.json,2022/01/07,284,11
generated_json/universe_prs.json,2022/01/07,161,321
generated_json/universe_prs.json,2022/01/11,26,79
generated_json/universe_prs.json,2022/01/11,68,97
generated_json/universe_prs.json,2022/01/11,2,1
generated_json/universe_prs.json,2022/01/12,1933,0
generated_json/universe_prs.json,2022/01/12,3,1
generated_json/universe_prs.json,2022/01/14,5,1
generated_json/universe_prs.json,2022/01/14,3,2
generated_json/universe_prs.json,2022/01/14,22,12
generated_json/autoware_documentation_prs.json,2022/01/14,426,1
generated_json/universe_prs.json,2022/01/16,6,9
generated_json/universe_prs.json,2022/01/17,58,16
generated_json/universe_prs.json,2022/01/17,71,20
generated_json/universe_prs.json,2022/01/18,3,4
generated_json/universe_prs.json,2022/01/18,1,12
generated_json/universe_prs.json,2022/01/18,39,10
generated_json/universe_prs.json,2022/01/18,0,10
generated_json/universe_prs.json,2022/01/19,127,64
generated_json/universe_prs.json,2022/01/19,1778,0
generated_json/universe_prs.json,2022/01/20,8,78
generated_json/universe_prs.json,2022/01/20,1,1
generated_json/universe_prs.json,2022/01/21,1,1
generated_json/universe_prs.json,2022/01/21,6,6
generated_json/universe_prs.json,2022/01/21,95,39
generated_json/universe_prs.json,2022/01/21,1,1
generated_json/universe_prs.json,2022/01/21,31,10
generated_json/universe_prs.json,2022/01/24,181,2
generated_json/universe_prs.json,2022/01/24,641,36
generated_json/universe_prs.json,2022/01/24,2368,0
generated_json/universe_prs.json,2022/01/24,519,909
generated_json/universe_prs.json,2022/01/24,0,3
generated_json/universe_prs.json,2022/01/25,15,0
generated_json/universe_prs.json,2022/01/25,1,9
generated_json/universe_prs.json,2022/01/25,3,4
generated_json/universe_prs.json,2022/01/25,2,4
generated_json/universe_prs.json,2022/01/25,7,7
generated_json/universe_prs.json,2022/01/25,40,7
generated_json/universe_prs.json,2022/01/25,2,1
generated_json/universe_prs.json,2022/01/25,9,3
generated_json/universe_prs.json,2022/01/25,13,43
generated_json/universe_prs.json,2022/01/26,4,0
generated_json/universe_prs.json,2022/01/26,2,2
generated_json/universe_prs.json,2022/01/27,4,2
generated_json/universe_prs.json,2022/01/27,113,14
generated_json/universe_prs.json,2022/01/27,8,8
generated_json/autoware_common_prs.json,2022/01/27,37,0
generated_json/universe_prs.json,2022/01/27,7,20
generated_json/universe_prs.json,2022/01/27,13,12
generated_json/universe_prs.json,2022/01/27,9,8
generated_json/autoware_common_prs.json,2022/01/27,32,0
generated_json/autoware_common_prs.json,2022/01/27,48,7
generated_json/universe_prs.json,2022/01/27,46,0
generated_json/universe_prs.json,2022/01/27,73,2
generated_json/universe_prs.json,2022/01/28,3,1
generated_json/universe_prs.json,2022/01/28,18,8
generated_json/universe_prs.json,2022/01/28,1,1
generated_json/universe_prs.json,2022/01/28,0,3
generated_json/autoware_common_prs.json,2022/01/28,16,0
generated_json/universe_prs.json,2022/01/31,1,3
generated_json/universe_prs.json,2022/01/31,1,1
generated_json/universe_prs.json,2022/01/31,3,3
generated_json/autoware_common_prs.json,2022/01/31,1,1
generated_json/universe_prs.json,2022/01/31,1,0
generated_json/autoware_common_prs.json,2022/01/31,16,0
generated_json/universe_prs.json,2022/02/01,12,10
generated_json/universe_prs.json,2022/02/01,3,0
generated_json/autoware_common_prs.json,2022/02/01,23,4
generated_json/universe_prs.json,2022/02/01,113,258
generated_json/universe_prs.json,2022/02/01,16,6
generated_json/autoware_common_prs.json,2022/02/02,2,2
generated_json/universe_prs.json,2022/02/02,1,0
generated_json/universe_prs.json,2022/02/02,31,25
generated_json/autoware_documentation_prs.json,2022/02/02,39,0
generated_json/universe_prs.json,2022/02/02,4,0
generated_json/autoware_documentation_prs.json,2022/02/02,74,1
generated_json/autoware_common_prs.json,2022/02/02,4,0
generated_json/autoware_documentation_prs.json,2022/02/02,10,0
generated_json/autoware_common_prs.json,2022/02/02,3,30
generated_json/universe_prs.json,2022/02/02,26,4
generated_json/universe_prs.json,2022/02/02,48,29
generated_json/universe_prs.json,2022/02/03,5,5
generated_json/autoware_documentation_prs.json,2022/02/03,283,13
generated_json/universe_prs.json,2022/02/04,1,4
generated_json/universe_prs.json,2022/02/04,0,30
generated_json/autoware_documentation_prs.json,2022/02/04,0,30
generated_json/universe_prs.json,2022/02/04,5,0
generated_json/autoware_common_prs.json,2022/02/04,9,0
generated_json/autoware_common_prs.json,2022/02/04,40,4
generated_json/universe_prs.json,2022/02/06,271,190
generated_json/universe_prs.json,2022/02/07,144,23
generated_json/universe_prs.json,2022/02/07,334,0
generated_json/universe_prs.json,2022/02/07,48,7
generated_json/autoware_common_prs.json,2022/02/07,2,2
generated_json/autoware_common_prs.json,2022/02/07,1,2
generated_json/autoware_common_prs.json,2022/02/07,1,2
generated_json/universe_prs.json,2022/02/07,53,0
generated_json/universe_prs.json,2022/02/07,522,548
generated_json/autoware_common_prs.json,2022/02/07,5,5
generated_json/universe_prs.json,2022/02/07,5,5
generated_json/autoware_documentation_prs.json,2022/02/07,5,5
generated_json/universe_prs.json,2022/02/07,6,188
generated_json/autoware_common_prs.json,2022/02/08,32,9
generated_json/universe_prs.json,2022/02/08,51,28
generated_json/universe_prs.json,2022/02/08,287,67
generated_json/autoware_common_prs.json,2022/02/08,11,11
generated_json/universe_prs.json,2022/02/08,9,166
generated_json/universe_prs.json,2022/02/08,180,0
generated_json/autoware_common_prs.json,2022/02/08,4,4
generated_json/autoware_documentation_prs.json,2022/02/08,78,7
generated_json/autoware_documentation_prs.json,2022/02/08,1,17
generated_json/universe_prs.json,2022/02/08,198,8
generated_json/universe_prs.json,2022/02/09,13,9
generated_json/universe_prs.json,2022/02/09,1,1
generated_json/autoware_documentation_prs.json,2022/02/09,32,0
generated_json/universe_prs.json,2022/02/10,54,30
generated_json/universe_prs.json,2022/02/10,9,4
generated_json/autoware_documentation_prs.json,2022/02/10,48,2
generated_json/autoware_documentation_prs.json,2022/02/10,95,0
generated_json/autoware_common_prs.json,2022/02/11,2,0
generated_json/universe_prs.json,2022/02/11,3,1
generated_json/autoware_common_prs.json,2022/02/11,1,1
generated_json/universe_prs.json,2022/02/12,52,0
generated_json/universe_prs.json,2022/02/13,6,0
generated_json/autoware_common_prs.json,2022/02/13,6,0
generated_json/autoware_documentation_prs.json,2022/02/13,10,0
generated_json/universe_prs.json,2022/02/14,161,62
generated_json/universe_prs.json,2022/02/14,561,60
generated_json/universe_prs.json,2022/02/14,94,3
generated_json/universe_prs.json,2022/02/14,24,0
generated_json/autoware_documentation_prs.json,2022/02/14,131,4
generated_json/autoware_common_prs.json,2022/02/14,51,28
generated_json/universe_prs.json,2022/02/15,0,10
generated_json/universe_prs.json,2022/02/15,168,14
generated_json/universe_prs.json,2022/02/16,0,1991
generated_json/universe_prs.json,2022/02/16,5,2
generated_json/universe_prs.json,2022/02/16,0,30
generated_json/universe_prs.json,2022/02/16,26,25
generated_json/universe_prs.json,2022/02/16,45,10
generated_json/universe_prs.json,2022/02/16,49,102
generated_json/universe_prs.json,2022/02/16,42,11
generated_json/universe_prs.json,2022/02/16,5,5
generated_json/autoware_documentation_prs.json,2022/02/16,133,4
generated_json/autoware_common_prs.json,2022/02/17,0,30
generated_json/universe_prs.json,2022/02/17,37,22
generated_json/universe_prs.json,2022/02/17,181,27
generated_json/universe_prs.json,2022/02/17,38,11
generated_json/universe_prs.json,2022/02/17,81,1
generated_json/universe_prs.json,2022/02/18,4,9
generated_json/universe_prs.json,2022/02/18,1,1
generated_json/universe_prs.json,2022/02/18,104,267
generated_json/universe_prs.json,2022/02/18,9,2
generated_json/universe_prs.json,2022/02/18,3,1
generated_json/universe_prs.json,2022/02/18,187,0
generated_json/universe_prs.json,2022/02/18,26,0
generated_json/universe_prs.json,2022/02/18,18,165
generated_json/autoware_documentation_prs.json,2022/02/18,8,3
generated_json/universe_prs.json,2022/02/18,7,2
generated_json/universe_prs.json,2022/02/18,5,1970
generated_json/autoware_documentation_prs.json,2022/02/18,12,0
generated_json/universe_prs.json,2022/02/19,137,239
generated_json/autoware_common_prs.json,2022/02/21,0,7
generated_json/autoware_launch_prs.json,2022/02/21,141,0
generated_json/autoware_launch_prs.json,2022/02/21,286,0
generated_json/universe_prs.json,2022/02/21,3824,4685
generated_json/universe_prs.json,2022/02/21,6,6
generated_json/universe_prs.json,2022/02/21,113,95
generated_json/autoware_launch_prs.json,2022/02/21,4,4
generated_json/universe_prs.json,2022/02/21,0,7
generated_json/universe_prs.json,2022/02/22,12,37
generated_json/universe_prs.json,2022/02/22,5,4
generated_json/universe_prs.json,2022/02/22,1,1
generated_json/universe_prs.json,2022/02/22,116,290
generated_json/universe_prs.json,2022/02/23,5,25
generated_json/autoware_documentation_prs.json,2022/02/23,52,29
generated_json/universe_prs.json,2022/02/24,86,81
generated_json/universe_prs.json,2022/02/24,2,2
generated_json/universe_prs.json,2022/02/24,0,5560
generated_json/universe_prs.json,2022/02/24,69,17
generated_json/autoware_launch_prs.json,2022/02/24,149,109
generated_json/autoware_launch_prs.json,2022/02/24,21,6
generated_json/universe_prs.json,2022/02/24,6,8
generated_json/universe_prs.json,2022/02/24,0,13
generated_json/universe_prs.json,2022/02/25,74,23
generated_json/universe_prs.json,2022/02/25,1,1
generated_json/autoware_common_prs.json,2022/02/25,4,4
generated_json/universe_prs.json,2022/02/28,83,25
generated_json/universe_prs.json,2022/02/28,0,5
generated_json/universe_prs.json,2022/02/28,2,2
generated_json/universe_prs.json,2022/02/28,2,1
generated_json/universe_prs.json,2022/03/01,90,77
generated_json/universe_prs.json,2022/03/01,2,2
generated_json/universe_prs.json,2022/03/01,88,157
generated_json/autoware_documentation_prs.json,2022/03/01,2,2
generated_json/autoware_launch_prs.json,2022/03/02,7,7
generated_json/universe_prs.json,2022/03/02,457,47
generated_json/universe_prs.json,2022/03/02,120,136
generated_json/universe_prs.json,2022/03/02,1,1
generated_json/universe_prs.json,2022/03/02,43,39
generated_json/autoware_common_prs.json,2022/03/02,6,6
generated_json/universe_prs.json,2022/03/02,3,2
generated_json/universe_prs.json,2022/03/02,11,11
generated_json/autoware_documentation_prs.json,2022/03/02,3,3
generated_json/autoware_common_prs.json,2022/03/02,53,0
generated_json/universe_prs.json,2022/03/02,2,4
generated_json/autoware_core_prs.json,2022/03/03,56,0
generated_json/autoware_core_prs.json,2022/03/03,543,0
generated_json/autoware_core_prs.json,2022/03/03,6,0
generated_json/autoware_common_prs.json,2022/03/03,4,4
generated_json/autoware_common_prs.json,2022/03/03,25,25
generated_json/universe_prs.json,2022/03/03,27,27
generated_json/autoware_core_prs.json,2022/03/03,36,27
generated_json/autoware_documentation_prs.json,2022/03/03,4,4
generated_json/autoware_documentation_prs.json,2022/03/03,4,5
generated_json/universe_prs.json,2022/03/03,12,12
generated_json/autoware_core_prs.json,2022/03/03,8,8
generated_json/universe_prs.json,2022/03/03,27,10
generated_json/autoware_documentation_prs.json,2022/03/03,2,2
generated_json/autoware_common_prs.json,2022/03/03,3,3
generated_json/autoware_common_prs.json,2022/03/03,3,2
generated_json/autoware_launch_prs.json,2022/03/03,222,20
generated_json/universe_prs.json,2022/03/03,86,77
generated_json/universe_prs.json,2022/03/03,6,7
generated_json/autoware_documentation_prs.json,2022/03/03,34,36
generated_json/universe_prs.json,2022/03/03,1,1
generated_json/universe_prs.json,2022/03/03,121,12
generated_json/universe_prs.json,2022/03/03,18,14
generated_json/autoware_documentation_prs.json,2022/03/03,81,2
generated_json/autoware_launch_prs.json,2022/03/03,2,2
generated_json/autoware_documentation_prs.json,2022/03/04,201,0
generated_json/autoware_common_prs.json,2022/03/04,201,0
generated_json/universe_prs.json,2022/03/04,202,0
generated_json/autoware_core_prs.json,2022/03/04,202,0
generated_json/universe_prs.json,2022/03/04,25,3
generated_json/universe_prs.json,2022/03/04,42,21
generated_json/universe_prs.json,2022/03/04,1163,675
generated_json/autoware_documentation_prs.json,2022/03/04,1,0
generated_json/universe_prs.json,2022/03/05,43,19
generated_json/autoware_documentation_prs.json,2022/03/05,58,5
generated_json/autoware_documentation_prs.json,2022/03/05,47,1
generated_json/universe_prs.json,2022/03/06,170,125
generated_json/autoware_documentation_prs.json,2022/03/06,130,2
generated_json/autoware_documentation_prs.json,2022/03/06,46,0
generated_json/autoware_documentation_prs.json,2022/03/06,141,0
generated_json/universe_prs.json,2022/03/06,112,69
generated_json/universe_prs.json,2022/03/07,158,53
generated_json/universe_prs.json,2022/03/07,1,1
generated_json/universe_prs.json,2022/03/07,30,31
generated_json/universe_prs.json,2022/03/07,1665,1575
generated_json/universe_prs.json,2022/03/07,1,1
generated_json/autoware_core_prs.json,2022/03/07,5,5
generated_json/autoware_documentation_prs.json,2022/03/08,296,0
generated_json/universe_prs.json,2022/03/08,1,0
generated_json/autoware_documentation_prs.json,2022/03/08,1,0
generated_json/autoware_core_prs.json,2022/03/08,1,0
generated_json/autoware_documentation_prs.json,2022/03/08,4437,0
generated_json/universe_prs.json,2022/03/08,31,20
generated_json/universe_prs.json,2022/03/08,223,8
generated_json/universe_prs.json,2022/03/08,2,3
generated_json/autoware_common_prs.json,2022/03/08,4,1
generated_json/universe_prs.json,2022/03/08,143,2
generated_json/universe_prs.json,2022/03/09,10,2
generated_json/universe_prs.json,2022/03/09,19,12
generated_json/universe_prs.json,2022/03/10,87,79
generated_json/universe_prs.json,2022/03/10,7,6
generated_json/universe_prs.json,2022/03/10,509,1
generated_json/universe_prs.json,2022/03/11,37,0
generated_json/autoware_documentation_prs.json,2022/03/12,181,0
generated_json/autoware_launch_prs.json,2022/03/12,181,0
generated_json/autoware_common_prs.json,2022/03/12,181,0
generated_json/universe_prs.json,2022/03/12,181,0
generated_json/autoware_core_prs.json,2022/03/12,181,0
generated_json/universe_prs.json,2022/03/12,8,0
generated_json/autoware_common_prs.json,2022/03/12,8,0
generated_json/autoware_launch_prs.json,2022/03/12,8,0
generated_json/autoware_core_prs.json,2022/03/12,5,0
generated_json/autoware_documentation_prs.json,2022/03/12,5,0
generated_json/universe_prs.json,2022/03/12,5,0
generated_json/universe_prs.json,2022/03/12,4,0
generated_json/autoware_core_prs.json,2022/03/13,189,1
generated_json/autoware_common_prs.json,2022/03/13,189,1
generated_json/autoware_core_prs.json,2022/03/13,13,0
generated_json/autoware_common_prs.json,2022/03/13,13,0
generated_json/autoware_documentation_prs.json,2022/03/13,82,3
generated_json/autoware_launch_prs.json,2022/03/13,6,0
generated_json/autoware_launch_prs.json,2022/03/13,201,0
generated_json/universe_prs.json,2022/03/14,4,2
generated_json/universe_prs.json,2022/03/14,4,0
generated_json/autoware_documentation_prs.json,2022/03/14,1,1
generated_json/autoware_core_prs.json,2022/03/14,1,1
generated_json/universe_prs.json,2022/03/14,1,1
generated_json/universe_prs.json,2022/03/15,36,29
generated_json/universe_prs.json,2022/03/15,18,0
generated_json/universe_prs.json,2022/03/15,22,0
generated_json/universe_prs.json,2022/03/15,2,0
generated_json/universe_prs.json,2022/03/15,1,1
generated_json/universe_prs.json,2022/03/15,3,3
generated_json/universe_prs.json,2022/03/16,661,228
generated_json/universe_prs.json,2022/03/16,321,606
generated_json/universe_prs.json,2022/03/16,8,2
generated_json/universe_prs.json,2022/03/16,117,16
generated_json/autoware_documentation_prs.json,2022/03/16,159,154
generated_json/universe_prs.json,2022/03/17,408,8
generated_json/universe_prs.json,2022/03/17,8,5
generated_json/universe_prs.json,2022/03/17,2,20
generated_json/universe_prs.json,2022/03/17,85,70
generated_json/universe_prs.json,2022/03/17,199,47
generated_json/universe_prs.json,2022/03/17,112,108
generated_json/universe_prs.json,2022/03/17,6,0
generated_json/autoware_documentation_prs.json,2022/03/17,6,4
generated_json/universe_prs.json,2022/03/18,35,895
generated_json/universe_prs.json,2022/03/18,21,30
generated_json/universe_prs.json,2022/03/18,3,3
generated_json/universe_prs.json,2022/03/18,1491,703
generated_json/universe_prs.json,2022/03/21,1,1
generated_json/universe_prs.json,2022/03/22,27,15
generated_json/universe_prs.json,2022/03/22,578,578
generated_json/universe_prs.json,2022/03/22,51,40
generated_json/universe_prs.json,2022/03/22,428,156
generated_json/universe_prs.json,2022/03/23,422,112
generated_json/universe_prs.json,2022/03/23,6380,3
generated_json/universe_prs.json,2022/03/23,2,2
generated_json/universe_prs.json,2022/03/23,630,51
generated_json/universe_prs.json,2022/03/23,51,2
generated_json/universe_prs.json,2022/03/24,51,3
generated_json/autoware_documentation_prs.json,2022/03/24,2,4
generated_json/autoware_common_prs.json,2022/03/24,2,0
generated_json/autoware_launch_prs.json,2022/03/24,2,1
generated_json/autoware_core_prs.json,2022/03/24,2,1
generated_json/universe_prs.json,2022/03/24,2,1
generated_json/universe_prs.json,2022/03/24,2,2
generated_json/universe_prs.json,2022/03/24,8,1
generated_json/autoware_documentation_prs.json,2022/03/24,8,2
generated_json/autoware_core_prs.json,2022/03/24,19,10
generated_json/autoware_common_prs.json,2022/03/24,19,10
generated_json/autoware_launch_prs.json,2022/03/24,19,10
generated_json/universe_prs.json,2022/03/24,11,9
generated_json/autoware_documentation_prs.json,2022/03/25,17,1
generated_json/universe_prs.json,2022/03/25,65,23
generated_json/autoware_documentation_prs.json,2022/03/25,10,10
generated_json/autoware_documentation_prs.json,2022/03/25,21,16
generated_json/autoware_documentation_prs.json,2022/03/26,7,2
generated_json/autoware_launch_prs.json,2022/03/26,7,2
generated_json/autoware_common_prs.json,2022/03/26,7,2
generated_json/universe_prs.json,2022/03/26,7,2
generated_json/autoware_core_prs.json,2022/03/26,7,2
generated_json/autoware_documentation_prs.json,2022/03/26,5,0
generated_json/universe_prs.json,2022/03/26,53,14
generated_json/autoware_documentation_prs.json,2022/03/26,14,23
generated_json/universe_prs.json,2022/03/28,12,0
generated_json/universe_prs.json,2022/03/28,1,0
generated_json/universe_prs.json,2022/03/28,347,0
generated_json/universe_prs.json,2022/03/28,0,0
generated_json/universe_prs.json,2022/03/28,279,0
generated_json/universe_prs.json,2022/03/28,19,14
generated_json/universe_prs.json,2022/03/29,15,15
generated_json/universe_prs.json,2022/03/29,61,69
generated_json/autoware_documentation_prs.json,2022/03/30,3,3
generated_json/universe_prs.json,2022/03/30,2,3
generated_json/universe_prs.json,2022/03/30,76,115
generated_json/universe_prs.json,2022/03/31,24,27
generated_json/autoware_documentation_prs.json,2022/03/31,3,2
generated_json/universe_prs.json,2022/04/01,3,0
generated_json/autoware_documentation_prs.json,2022/04/01,1111,3
generated_json/universe_prs.json,2022/04/01,23,11
generated_json/universe_prs.json,2022/04/01,813,103
generated_json/universe_prs.json,2022/04/01,1,1
generated_json/autoware_msgs_prs.json,2022/04/01,837,0
generated_json/universe_prs.json,2022/04/02,136,12
generated_json/universe_prs.json,2022/04/02,1155,113
generated_json/universe_prs.json,2022/04/03,1061,1171
generated_json/autoware_common_prs.json,2022/04/03,4,3
generated_json/autoware_launch_prs.json,2022/04/03,3,16
generated_json/autoware_core_prs.json,2022/04/03,4,3
generated_json/universe_prs.json,2022/04/04,0,1
generated_json/autoware_launch_prs.json,2022/04/04,1,17
generated_json/universe_prs.json,2022/04/04,45,3
generated_json/autoware_documentation_prs.json,2022/04/04,9,3
generated_json/autoware_documentation_prs.json,2022/04/05,20,0
generated_json/autoware_launch_prs.json,2022/04/05,20,0
generated_json/autoware_msgs_prs.json,2022/04/05,65,3
generated_json/autoware_common_prs.json,2022/04/05,21,0
generated_json/universe_prs.json,2022/04/05,23,31
generated_json/autoware_core_prs.json,2022/04/05,23,2
generated_json/universe_prs.json,2022/04/05,4,4
generated_json/universe_prs.json,2022/04/05,2,2
generated_json/universe_prs.json,2022/04/05,2,2
generated_json/universe_prs.json,2022/04/05,1,0
generated_json/autoware_common_prs.json,2022/04/05,2,2
generated_json/autoware_launch_prs.json,2022/04/05,2,2
generated_json/universe_prs.json,2022/04/06,2,2
generated_json/autoware_launch_prs.json,2022/04/06,8,29
generated_json/universe_prs.json,2022/04/06,350,107
generated_json/universe_prs.json,2022/04/06,1,3
generated_json/universe_prs.json,2022/04/06,464,0
generated_json/autoware_documentation_prs.json,2022/04/06,3,0
generated_json/universe_prs.json,2022/04/06,12,0
generated_json/universe_prs.json,2022/04/06,239,1
generated_json/autoware_documentation_prs.json,2022/04/06,1,0
generated_json/universe_prs.json,2022/04/06,49,25
generated_json/autoware_launch_prs.json,2022/04/06,2,2
generated_json/autoware_launch_prs.json,2022/04/06,4,1
generated_json/universe_prs.json,2022/04/06,13,9
generated_json/universe_prs.json,2022/04/06,1342,2
generated_json/universe_prs.json,2022/04/07,1,0
generated_json/autoware_common_prs.json,2022/04/07,25,1
generated_json/autoware_documentation_prs.json,2022/04/07,15,1
generated_json/autoware_documentation_prs.json,2022/04/07,21,4
generated_json/universe_prs.json,2022/04/07,2,1
generated_json/universe_prs.json,2022/04/07,17,15
generated_json/universe_prs.json,2022/04/07,13,38
generated_json/universe_prs.json,2022/04/07,203,4
generated_json/universe_prs.json,2022/04/08,101,51
generated_json/universe_prs.json,2022/04/08,209,0
generated_json/universe_prs.json,2022/04/08,1133,250
generated_json/autoware_launch_prs.json,2022/04/08,18,0
generated_json/universe_prs.json,2022/04/08,161,9
generated_json/universe_prs.json,2022/04/08,2,2
generated_json/autoware_core_prs.json,2022/04/09,24,0
generated_json/autoware_core_prs.json,2022/04/09,1,0
generated_json/autoware_launch_prs.json,2022/04/10,2,0
generated_json/autoware_msgs_prs.json,2022/04/10,2,0
generated_json/universe_prs.json,2022/04/11,121,43
generated_json/universe_prs.json,2022/04/11,8,0
generated_json/universe_prs.json,2022/04/11,1,1
generated_json/universe_prs.json,2022/04/11,5,5
generated_json/universe_prs.json,2022/04/11,2,2
generated_json/universe_prs.json,2022/04/11,22,2
generated_json/autoware_launch_prs.json,2022/04/11,12,1
generated_json/universe_prs.json,2022/04/11,6,2
generated_json/autoware_documentation_prs.json,2022/04/11,1,1
generated_json/autoware_core_prs.json,2022/04/11,1,1
generated_json/universe_prs.json,2022/04/11,1,1
generated_json/autoware_msgs_prs.json,2022/04/11,1,1
generated_json/autoware_common_prs.json,2022/04/11,1,1
generated_json/autoware_launch_prs.json,2022/04/11,1,1
generated_json/autoware_documentation_prs.json,2022/04/11,88,0
generated_json/autoware_common_prs.json,2022/04/12,1,0
generated_json/universe_prs.json,2022/04/12,5,3
generated_json/universe_prs.json,2022/04/12,31,10
generated_json/universe_prs.json,2022/04/12,1,0
generated_json/universe_prs.json,2022/04/12,107,2
generated_json/autoware_documentation_prs.json,2022/04/13,7,0
generated_json/autoware_launch_prs.json,2022/04/13,7,0
generated_json/autoware_msgs_prs.json,2022/04/13,7,0
generated_json/universe_prs.json,2022/04/13,7,0
generated_json/autoware_core_prs.json,2022/04/13,7,0
generated_json/universe_prs.json,2022/04/13,19,4
generated_json/universe_prs.json,2022/04/13,156,10
generated_json/universe_prs.json,2022/04/13,1,0
generated_json/universe_prs.json,2022/04/13,2,2
generated_json/universe_prs.json,2022/04/13,108,32
generated_json/autoware_common_prs.json,2022/04/14,6,0
generated_json/universe_prs.json,2022/04/14,71,70
generated_json/universe_prs.json,2022/04/14,144,28
generated_json/universe_prs.json,2022/04/14,10,6
generated_json/universe_prs.json,2022/04/14,50,13
generated_json/universe_prs.json,2022/04/14,1,0
generated_json/universe_prs.json,2022/04/14,53,19
generated_json/universe_prs.json,2022/04/15,21,10
generated_json/universe_prs.json,2022/04/15,35,7
generated_json/universe_prs.json,2022/04/15,654,0
generated_json/universe_prs.json,2022/04/15,7,2
generated_json/universe_prs.json,2022/04/15,0,8
generated_json/universe_prs.json,2022/04/16,92,15
generated_json/autoware_documentation_prs.json,2022/04/17,16,0
generated_json/autoware_launch_prs.json,2022/04/17,16,0
generated_json/autoware_msgs_prs.json,2022/04/17,16,0
generated_json/autoware_common_prs.json,2022/04/17,16,0
generated_json/universe_prs.json,2022/04/17,16,0
generated_json/autoware_core_prs.json,2022/04/17,16,0
generated_json/universe_prs.json,2022/04/17,19,18
generated_json/universe_prs.json,2022/04/17,17,9
generated_json/universe_prs.json,2022/04/17,85,17
generated_json/universe_prs.json,2022/04/17,273,2
generated_json/universe_prs.json,2022/04/18,1093,133
generated_json/universe_prs.json,2022/04/18,562,7
generated_json/autoware_common_prs.json,2022/04/18,1,1
generated_json/universe_prs.json,2022/04/18,1,1
generated_json/autoware_core_prs.json,2022/04/18,1,1
generated_json/universe_prs.json,2022/04/18,45,1
generated_json/autoware_core_prs.json,2022/04/18,4,19
generated_json/universe_prs.json,2022/04/18,4,19
generated_json/autoware_common_prs.json,2022/04/18,4,19
generated_json/universe_prs.json,2022/04/19,27,23
generated_json/universe_prs.json,2022/04/19,54,2
generated_json/universe_prs.json,2022/04/19,50,46
generated_json/universe_prs.json,2022/04/20,7,12
generated_json/universe_prs.json,2022/04/20,6,6
generated_json/universe_prs.json,2022/04/20,576,377
generated_json/universe_prs.json,2022/04/20,1,0
generated_json/universe_prs.json,2022/04/20,94,1
generated_json/autoware_documentation_prs.json,2022/04/20,544,0
generated_json/autoware_msgs_prs.json,2022/04/20,182,0
generated_json/universe_prs.json,2022/04/20,51,29
generated_json/universe_prs.json,2022/04/21,1,1
generated_json/universe_prs.json,2022/04/21,1,0
generated_json/universe_prs.json,2022/04/21,11,2
generated_json/universe_prs.json,2022/04/21,2,2
generated_json/universe_prs.json,2022/04/21,2,2
generated_json/universe_prs.json,2022/04/21,45,16
generated_json/universe_prs.json,2022/04/21,3,0
generated_json/universe_prs.json,2022/04/21,2,0
generated_json/universe_prs.json,2022/04/21,8,3
generated_json/universe_prs.json,2022/04/21,48,11
generated_json/universe_prs.json,2022/04/21,9,9
generated_json/universe_prs.json,2022/04/21,3452,9
generated_json/universe_prs.json,2022/04/21,1,0
generated_json/autoware_core_prs.json,2022/04/21,1,0
generated_json/autoware_msgs_prs.json,2022/04/21,1,0
generated_json/autoware_documentation_prs.json,2022/04/21,1,0
generated_json/autoware_launch_prs.json,2022/04/21,1,0
generated_json/autoware_common_prs.json,2022/04/21,1,0
generated_json/autoware_common_prs.json,2022/04/21,63,0
generated_json/universe_prs.json,2022/04/21,63,0
generated_json/universe_prs.json,2022/04/21,17,2
generated_json/universe_prs.json,2022/04/21,15,2
generated_json/universe_prs.json,2022/04/21,9,2
generated_json/universe_prs.json,2022/04/21,7,0
generated_json/universe_prs.json,2022/04/21,10,1
generated_json/universe_prs.json,2022/04/21,1,0
generated_json/universe_prs.json,2022/04/21,8,2
generated_json/universe_prs.json,2022/04/21,13,2
generated_json/autoware_documentation_prs.json,2022/04/22,63,0
generated_json/autoware_launch_prs.json,2022/04/22,63,0
generated_json/autoware_msgs_prs.json,2022/04/22,63,0
generated_json/autoware_core_prs.json,2022/04/22,63,0
generated_json/universe_prs.json,2022/04/22,13,17
generated_json/universe_prs.json,2022/04/22,26,14
generated_json/universe_prs.json,2022/04/22,499,0
generated_json/universe_prs.json,2022/04/22,16,15
generated_json/universe_prs.json,2022/04/22,2,2
generated_json/universe_prs.json,2022/04/23,46,14
generated_json/universe_prs.json,2022/04/24,12,2
generated_json/universe_prs.json,2022/04/24,1,0
generated_json/universe_prs.json,2022/04/24,10,3
generated_json/universe_prs.json,2022/04/24,5,0
generated_json/universe_prs.json,2022/04/24,2,1
generated_json/universe_prs.json,2022/04/24,9,1
generated_json/universe_prs.json,2022/04/24,2,2
generated_json/universe_prs.json,2022/04/24,5,0
generated_json/universe_prs.json,2022/04/24,5,1
generated_json/universe_prs.json,2022/04/24,1,0
generated_json/universe_prs.json,2022/04/24,5,0
generated_json/universe_prs.json,2022/04/24,37,0
generated_json/universe_prs.json,2022/04/24,5,0
generated_json/universe_prs.json,2022/04/24,10,1
generated_json/universe_prs.json,2022/04/24,5,5
generated_json/universe_prs.json,2022/04/24,1,0
generated_json/universe_prs.json,2022/04/24,22,1
generated_json/universe_prs.json,2022/04/24,12,0
generated_json/universe_prs.json,2022/04/25,12,4
generated_json/universe_prs.json,2022/04/25,91,46
generated_json/autoware_documentation_prs.json,2022/04/25,67,48
generated_json/universe_prs.json,2022/04/25,11,2
generated_json/universe_prs.json,2022/04/25,170,5
generated_json/universe_prs.json,2022/04/25,15,3
generated_json/universe_prs.json,2022/04/25,22,0
generated_json/universe_prs.json,2022/04/25,38,3
generated_json/universe_prs.json,2022/04/25,97,41
generated_json/universe_prs.json,2022/04/25,2,0
generated_json/universe_prs.json,2022/04/25,1,0
generated_json/autoware_msgs_prs.json,2022/04/25,1,1
generated_json/autoware_launch_prs.json,2022/04/25,3,18
generated_json/universe_prs.json,2022/04/25,28,9
generated_json/universe_prs.json,2022/04/25,2,0
generated_json/autoware_documentation_prs.json,2022/04/26,7,0
generated_json/autoware_launch_prs.json,2022/04/26,8,1
generated_json/autoware_msgs_prs.json,2022/04/26,7,0
generated_json/autoware_common_prs.json,2022/04/26,8,1
generated_json/universe_prs.json,2022/04/26,8,1
generated_json/autoware_core_prs.json,2022/04/26,8,1
generated_json/universe_prs.json,2022/04/26,1,1
generated_json/universe_prs.json,2022/04/26,1,1
generated_json/autoware_launch_prs.json,2022/04/26,28,0
generated_json/universe_prs.json,2022/04/26,1,1
generated_json/universe_prs.json,2022/04/26,3,3
generated_json/universe_prs.json,2022/04/27,40,36
generated_json/universe_prs.json,2022/04/27,81,25
generated_json/autoware_documentation_prs.json,2022/04/27,4,1
generated_json/universe_prs.json,2022/04/27,15,5
generated_json/autoware_msgs_prs.json,2022/04/27,70,0
generated_json/universe_prs.json,2022/04/27,26,2
generated_json/universe_prs.json,2022/04/27,2,3
generated_json/universe_prs.json,2022/04/28,3,1
generated_json/universe_prs.json,2022/04/28,80,225
generated_json/universe_prs.json,2022/04/28,433,524
generated_json/universe_prs.json,2022/04/28,9,5
generated_json/universe_prs.json,2022/04/28,11,22
generated_json/universe_prs.json,2022/04/29,3,1
generated_json/universe_prs.json,2022/04/29,36,3
generated_json/autoware_msgs_prs.json,2022/04/29,2,0
generated_json/autoware_documentation_prs.json,2022/04/29,152,0
generated_json/universe_prs.json,2022/04/30,9,0
generated_json/autoware_documentation_prs.json,2022/05/02,2,2
generated_json/universe_prs.json,2022/05/02,6,6
generated_json/autoware_documentation_prs.json,2022/05/03,15,1
generated_json/autoware_launch_prs.json,2022/05/03,15,1
generated_json/autoware_msgs_prs.json,2022/05/03,15,1
generated_json/autoware_common_prs.json,2022/05/03,15,1
generated_json/universe_prs.json,2022/05/03,15,1
generated_json/autoware_core_prs.json,2022/05/03,15,1
generated_json/autoware_common_prs.json,2022/05/03,122,0
generated_json/universe_prs.json,2022/05/03,212,237
generated_json/autoware_documentation_prs.json,2022/05/03,5,2
generated_json/universe_prs.json,2022/05/03,128,128
generated_json/universe_prs.json,2022/05/03,0,174
generated_json/universe_prs.json,2022/05/03,104,119
generated_json/universe_prs.json,2022/05/03,0,2
generated_json/universe_prs.json,2022/05/03,601,2450
generated_json/universe_prs.json,2022/05/04,216,11
generated_json/universe_prs.json,2022/05/04,1,1
generated_json/universe_prs.json,2022/05/05,95,665
generated_json/universe_prs.json,2022/05/05,27,269
generated_json/universe_prs.json,2022/05/05,131,131
generated_json/autoware_common_prs.json,2022/05/05,8,5
generated_json/autoware_common_prs.json,2022/05/05,50,0
generated_json/autoware_common_prs.json,2022/05/05,3,0
generated_json/autoware_documentation_prs.json,2022/05/06,1,1
generated_json/universe_prs.json,2022/05/06,4704,0
generated_json/autoware_documentation_prs.json,2022/05/06,6,1
generated_json/universe_prs.json,2022/05/06,72,51
generated_json/universe_prs.json,2022/05/07,118,19
generated_json/autoware_launch_prs.json,2022/05/08,5,1
generated_json/autoware_msgs_prs.json,2022/05/08,3,0
generated_json/universe_prs.json,2022/05/08,3,0
generated_json/autoware_core_prs.json,2022/05/08,5,1
generated_json/autoware_common_prs.json,2022/05/08,4,1
generated_json/universe_prs.json,2022/05/09,3,1
generated_json/universe_prs.json,2022/05/09,475,240
generated_json/universe_prs.json,2022/05/09,3,3
generated_json/universe_prs.json,2022/05/09,9,20
generated_json/universe_prs.json,2022/05/09,1314,426
generated_json/universe_prs.json,2022/05/09,1,1
generated_json/autoware_core_prs.json,2022/05/09,3,3
generated_json/universe_prs.json,2022/05/09,2,2
generated_json/autoware_common_prs.json,2022/05/09,3,3
generated_json/universe_prs.json,2022/05/10,2,2
generated_json/universe_prs.json,2022/05/10,85,75
generated_json/universe_prs.json,2022/05/10,31,0
generated_json/universe_prs.json,2022/05/10,22,272
generated_json/universe_prs.json,2022/05/10,41,15
generated_json/autoware_documentation_prs.json,2022/05/11,28,32
generated_json/universe_prs.json,2022/05/11,0,1
generated_json/autoware_documentation_prs.json,2022/05/11,0,1
generated_json/universe_prs.json,2022/05/11,1,1
generated_json/universe_prs.json,2022/05/11,49,1
generated_json/autoware_documentation_prs.json,2022/05/12,2,1
generated_json/autoware_msgs_prs.json,2022/05/12,2,1
generated_json/universe_prs.json,2022/05/12,3,3
generated_json/universe_prs.json,2022/05/12,47,15
generated_json/universe_prs.json,2022/05/12,5,5
generated_json/universe_prs.json,2022/05/12,107,5
generated_json/universe_prs.json,2022/05/12,262,0
generated_json/universe_prs.json,2022/05/12,998,0
generated_json/universe_prs.json,2022/05/12,47,0
generated_json/universe_prs.json,2022/05/12,5,5
generated_json/universe_prs.json,2022/05/12,896,1
generated_json/universe_prs.json,2022/05/13,4,1
generated_json/autoware_documentation_prs.json,2022/05/13,85,30
generated_json/universe_prs.json,2022/05/13,366,48
generated_json/universe_prs.json,2022/05/13,119,17
generated_json/universe_prs.json,2022/05/13,2203,723
generated_json/autoware_documentation_prs.json,2022/05/14,2,2
generated_json/universe_prs.json,2022/05/14,17,7
generated_json/autoware_documentation_prs.json,2022/05/14,175,1
generated_json/autoware_documentation_prs.json,2022/05/14,75,20
generated_json/universe_prs.json,2022/05/15,111,5
generated_json/universe_prs.json,2022/05/15,1878,420
generated_json/universe_prs.json,2022/05/16,0,0
generated_json/universe_prs.json,2022/05/16,158,42
generated_json/universe_prs.json,2022/05/16,42,42
generated_json/universe_prs.json,2022/05/16,33,19
generated_json/autoware_common_prs.json,2022/05/17,1,0
generated_json/universe_prs.json,2022/05/17,1,0
generated_json/universe_prs.json,2022/05/17,167,210
generated_json/universe_prs.json,2022/05/17,527,0
generated_json/universe_prs.json,2022/05/17,229,266
generated_json/universe_prs.json,2022/05/17,6,1
generated_json/universe_prs.json,2022/05/18,0,330
generated_json/universe_prs.json,2022/05/18,3,2
generated_json/universe_prs.json,2022/05/18,552,91
generated_json/universe_prs.json,2022/05/18,16,1
generated_json/universe_prs.json,2022/05/18,362,0
generated_json/autoware_documentation_prs.json,2022/05/18,327,0
generated_json/universe_prs.json,2022/05/18,597,0
generated_json/universe_prs.json,2022/05/18,33,20
generated_json/universe_prs.json,2022/05/18,1,1
generated_json/universe_prs.json,2022/05/18,1692,0
generated_json/universe_prs.json,2022/05/18,371,0
generated_json/autoware_documentation_prs.json,2022/05/19,1,2
generated_json/universe_prs.json,2022/05/19,66,0
generated_json/universe_prs.json,2022/05/19,75,0
generated_json/universe_prs.json,2022/05/19,6,0
generated_json/autoware_documentation_prs.json,2022/05/19,95,12
generated_json/universe_prs.json,2022/05/20,174,204
generated_json/universe_prs.json,2022/05/20,11,9
generated_json/universe_prs.json,2022/05/20,13,11
generated_json/universe_prs.json,2022/05/20,924,0
generated_json/universe_prs.json,2022/05/21,608,0
generated_json/universe_prs.json,2022/05/21,306,646
generated_json/autoware_launch_prs.json,2022/05/21,328,255
generated_json/universe_prs.json,2022/05/22,261,1
generated_json/universe_prs.json,2022/05/23,80,27
generated_json/autoware_documentation_prs.json,2022/05/23,462,2
generated_json/autoware_documentation_prs.json,2022/05/23,56,15
generated_json/autoware_documentation_prs.json,2022/05/23,1,1
generated_json/autoware_documentation_prs.json,2022/05/23,1,1
generated_json/autoware_launch_prs.json,2022/05/23,2,2
generated_json/autoware_msgs_prs.json,2022/05/23,1,1
generated_json/universe_prs.json,2022/05/24,35,31
generated_json/universe_prs.json,2022/05/24,1,1
generated_json/universe_prs.json,2022/05/24,50,36
generated_json/autoware_launch_prs.json,2022/05/24,0,13
generated_json/universe_prs.json,2022/05/24,18,14
generated_json/autoware_common_prs.json,2022/05/24,6,6
generated_json/universe_prs.json,2022/05/24,1,1
generated_json/universe_prs.json,2022/05/24,6,0
generated_json/autoware_launch_prs.json,2022/05/25,3,3
generated_json/autoware_msgs_prs.json,2022/05/25,2,2
generated_json/autoware_core_prs.json,2022/05/25,5,5
generated_json/autoware_documentation_prs.json,2022/05/25,20,22
generated_json/universe_prs.json,2022/05/25,1,1
generated_json/universe_prs.json,2022/05/25,228,1
generated_json/universe_prs.json,2022/05/25,193,10
generated_json/universe_prs.json,2022/05/26,279,83
generated_json/universe_prs.json,2022/05/26,360,0
generated_json/universe_prs.json,2022/05/26,31,27
generated_json/autoware_documentation_prs.json,2022/05/26,62,0
generated_json/universe_prs.json,2022/05/26,107,20
generated_json/universe_prs.json,2022/05/26,12,12
generated_json/universe_prs.json,2022/05/26,1,1
generated_json/universe_prs.json,2022/05/26,2,2
generated_json/universe_prs.json,2022/05/26,11,9
generated_json/universe_prs.json,2022/05/26,6,6
generated_json/universe_prs.json,2022/05/26,4,0
generated_json/universe_prs.json,2022/05/26,8,6
generated_json/universe_prs.json,2022/05/26,78,9
generated_json/autoware_documentation_prs.json,2022/05/27,29,0
generated_json/autoware_launch_prs.json,2022/05/27,1,3
generated_json/autoware_common_prs.json,2022/05/27,5,0
generated_json/autoware_common_prs.json,2022/05/27,1,3
generated_json/autoware_core_prs.json,2022/05/27,5,2
generated_json/universe_prs.json,2022/05/27,4,2
generated_json/autoware_documentation_prs.json,2022/05/27,46,0
generated_json/autoware_prs.json,2022/05/27,13,4
generated_json/universe_prs.json,2022/05/27,3,3
generated_json/universe_prs.json,2022/05/27,6,8
generated_json/autoware_common_prs.json,2022/05/27,90,20
generated_json/universe_prs.json,2022/05/27,18,6
generated_json/universe_prs.json,2022/05/27,68,1
generated_json/autoware_documentation_prs.json,2022/05/27,6,7
generated_json/autoware_launch_prs.json,2022/05/28,36,10
generated_json/autoware_msgs_prs.json,2022/05/28,36,10
generated_json/autoware_core_prs.json,2022/05/28,72,20
generated_json/universe_prs.json,2022/05/29,22,13
generated_json/universe_prs.json,2022/05/29,19,30
generated_json/universe_prs.json,2022/05/30,13,13
generated_json/universe_prs.json,2022/05/30,512,0
generated_json/universe_prs.json,2022/05/30,2307,37
generated_json/universe_prs.json,2022/05/30,1151,33
generated_json/universe_prs.json,2022/05/30,25,20
generated_json/universe_prs.json,2022/05/30,2,1
generated_json/universe_prs.json,2022/05/30,1,1
generated_json/universe_prs.json,2022/05/30,30,22
generated_json/universe_prs.json,2022/05/30,560,290
generated_json/autoware_core_prs.json,2022/05/30,3,3
generated_json/autoware_common_prs.json,2022/05/30,3,3
generated_json/autoware_documentation_prs.json,2022/05/30,2,2
generated_json/autoware_launch_prs.json,2022/05/30,2,2
generated_json/universe_prs.json,2022/05/31,17,17
generated_json/universe_prs.json,2022/05/31,5,1
generated_json/universe_prs.json,2022/05/31,891,430
generated_json/autoware_launch_prs.json,2022/05/31,2,0
generated_json/universe_prs.json,2022/05/31,4,0
generated_json/universe_prs.json,2022/05/31,45,6
generated_json/universe_prs.json,2022/05/31,2,0
generated_json/universe_prs.json,2022/05/31,238,15
generated_json/universe_prs.json,2022/05/31,23,21
generated_json/universe_prs.json,2022/05/31,76,7
generated_json/universe_prs.json,2022/05/31,500,0
generated_json/universe_prs.json,2022/06/01,0,0
generated_json/universe_prs.json,2022/06/01,2072,0
generated_json/universe_prs.json,2022/06/01,2,2
generated_json/universe_prs.json,2022/06/01,7,5
generated_json/universe_prs.json,2022/06/01,30,21
generated_json/universe_prs.json,2022/06/01,146,33
generated_json/universe_prs.json,2022/06/01,14,5
generated_json/universe_prs.json,2022/06/01,3,0
generated_json/universe_prs.json,2022/06/02,16,19
generated_json/universe_prs.json,2022/06/02,213,97
generated_json/universe_prs.json,2022/06/02,302,324
generated_json/universe_prs.json,2022/06/02,5,3
generated_json/universe_prs.json,2022/06/03,23,15
generated_json/universe_prs.json,2022/06/03,7,25
generated_json/universe_prs.json,2022/06/03,77,42
generated_json/universe_prs.json,2022/06/03,24,23
generated_json/autoware_launch_prs.json,2022/06/03,1,0
generated_json/universe_prs.json,2022/06/03,14,16
generated_json/autoware_documentation_prs.json,2022/06/04,1442,2
generated_json/universe_prs.json,2022/06/05,4,4
generated_json/universe_prs.json,2022/06/05,12,8
generated_json/universe_prs.json,2022/06/05,1,1
generated_json/universe_prs.json,2022/06/05,25,14
generated_json/universe_prs.json,2022/06/06,25,9
generated_json/universe_prs.json,2022/06/06,11,11
generated_json/autoware_documentation_prs.json,2022/06/06,13,52
generated_json/autoware_documentation_prs.json,2022/06/06,29,5
generated_json/universe_prs.json,2022/06/06,11,21
generated_json/autoware_documentation_prs.json,2022/06/06,101,43
generated_json/autoware_documentation_prs.json,2022/06/06,36,40
generated_json/universe_prs.json,2022/06/06,37,0
generated_json/universe_prs.json,2022/06/06,1,1
generated_json/universe_prs.json,2022/06/06,55,0
generated_json/universe_prs.json,2022/06/07,14,13
generated_json/universe_prs.json,2022/06/07,10,5
generated_json/universe_prs.json,2022/06/07,4,15
generated_json/universe_prs.json,2022/06/08,219,0
generated_json/universe_prs.json,2022/06/08,4,2
generated_json/universe_prs.json,2022/06/08,5,2
generated_json/universe_prs.json,2022/06/08,114,207
generated_json/universe_prs.json,2022/06/08,100,60
generated_json/universe_prs.json,2022/06/09,10,12
generated_json/universe_prs.json,2022/06/09,99,70
generated_json/autoware_documentation_prs.json,2022/06/09,82,0
generated_json/universe_prs.json,2022/06/09,2,2
generated_json/autoware_documentation_prs.json,2022/06/09,292,3
generated_json/universe_prs.json,2022/06/09,2,21
generated_json/universe_prs.json,2022/06/09,22,6
generated_json/universe_prs.json,2022/06/09,4,0
generated_json/universe_prs.json,2022/06/09,4992,12
generated_json/universe_prs.json,2022/06/09,3,0
generated_json/autoware_msgs_prs.json,2022/06/09,306,0
generated_json/universe_prs.json,2022/06/09,92,115
generated_json/universe_prs.json,2022/06/10,24,28
generated_json/autoware_documentation_prs.json,2022/06/10,15,21
generated_json/autoware_documentation_prs.json,2022/06/10,1,1
generated_json/universe_prs.json,2022/06/10,80,1031
generated_json/universe_prs.json,2022/06/10,45,21
generated_json/autoware_documentation_prs.json,2022/06/13,9,1
generated_json/universe_prs.json,2022/06/13,7,7
generated_json/universe_prs.json,2022/06/13,50,0
generated_json/universe_prs.json,2022/06/13,157,0
generated_json/universe_prs.json,2022/06/13,3,1
generated_json/universe_prs.json,2022/06/13,144,165
generated_json/universe_prs.json,2022/06/13,3,3
generated_json/universe_prs.json,2022/06/13,19,4
generated_json/universe_prs.json,2022/06/13,2,2
generated_json/autoware_msgs_prs.json,2022/06/13,1,1
generated_json/universe_prs.json,2022/06/14,305,0
generated_json/universe_prs.json,2022/06/14,6,5
generated_json/universe_prs.json,2022/06/14,14,19
generated_json/universe_prs.json,2022/06/14,66,1
generated_json/universe_prs.json,2022/06/14,1,1
generated_json/universe_prs.json,2022/06/14,267,69
generated_json/universe_prs.json,2022/06/14,108,0
generated_json/universe_prs.json,2022/06/14,6,0
generated_json/universe_prs.json,2022/06/14,82,5
generated_json/universe_prs.json,2022/06/14,66,0
generated_json/autoware_documentation_prs.json,2022/06/14,20,2
generated_json/universe_prs.json,2022/06/14,477,556
generated_json/universe_prs.json,2022/06/15,0,26
generated_json/universe_prs.json,2022/06/15,1878,0
generated_json/universe_prs.json,2022/06/15,1,1
generated_json/universe_prs.json,2022/06/15,98,1
generated_json/universe_prs.json,2022/06/16,105,150
generated_json/universe_prs.json,2022/06/16,294,0
generated_json/universe_prs.json,2022/06/16,4,2
generated_json/universe_prs.json,2022/06/16,3,2
generated_json/universe_prs.json,2022/06/16,118,53
generated_json/universe_prs.json,2022/06/16,91,5
generated_json/universe_prs.json,2022/06/17,11,7
generated_json/universe_prs.json,2022/06/17,155,27
generated_json/autoware_launch_prs.json,2022/06/19,196,144
generated_json/universe_prs.json,2022/06/20,23,0
generated_json/universe_prs.json,2022/06/20,47,26
generated_json/universe_prs.json,2022/06/20,6,2
generated_json/universe_prs.json,2022/06/20,215,162
generated_json/autoware_core_prs.json,2022/06/20,2,2
generated_json/autoware_common_prs.json,2022/06/20,2,2
generated_json/autoware_documentation_prs.json,2022/06/20,1,1
generated_json/universe_prs.json,2022/06/20,2,2
generated_json/autoware_launch_prs.json,2022/06/20,1,1
generated_json/autoware_msgs_prs.json,2022/06/20,1,1
generated_json/universe_prs.json,2022/06/21,37,23
generated_json/universe_prs.json,2022/06/21,213,113
generated_json/universe_prs.json,2022/06/21,148,1
generated_json/universe_prs.json,2022/06/21,6,0
generated_json/universe_prs.json,2022/06/21,675,322
generated_json/universe_prs.json,2022/06/21,493,24
generated_json/autoware_documentation_prs.json,2022/06/21,2,2
generated_json/universe_prs.json,2022/06/21,4,0
generated_json/universe_prs.json,2022/06/21,17,10
generated_json/universe_prs.json,2022/06/21,12,12
generated_json/autoware_documentation_prs.json,2022/06/21,2,2
generated_json/universe_prs.json,2022/06/21,92,51
generated_json/autoware_documentation_prs.json,2022/06/21,24,0
generated_json/universe_prs.json,2022/06/21,126,4
generated_json/universe_prs.json,2022/06/21,41,10
generated_json/universe_prs.json,2022/06/22,2,2
generated_json/universe_prs.json,2022/06/22,174,0
generated_json/universe_prs.json,2022/06/22,2,2
generated_json/autoware_documentation_prs.json,2022/06/22,308,0
generated_json/autoware_documentation_prs.json,2022/06/22,181,0
generated_json/autoware_documentation_prs.json,2022/06/22,227,0
generated_json/universe_prs.json,2022/06/22,120,83
generated_json/universe_prs.json,2022/06/22,60,11
generated_json/universe_prs.json,2022/06/22,8,8
generated_json/universe_prs.json,2022/06/22,14,0
generated_json/universe_prs.json,2022/06/22,8,8
generated_json/universe_prs.json,2022/06/22,14,8
generated_json/universe_prs.json,2022/06/22,2,2
generated_json/universe_prs.json,2022/06/23,8,8
generated_json/universe_prs.json,2022/06/23,14,2
generated_json/autoware_documentation_prs.json,2022/06/24,699,0
generated_json/autoware_documentation_prs.json,2022/06/24,426,0
generated_json/autoware_prs.json,2022/06/24,4,0
generated_json/autoware_prs.json,2022/06/24,18,18
generated_json/autoware_documentation_prs.json,2022/06/24,116,3
generated_json/universe_prs.json,2022/06/24,18,9
generated_json/universe_prs.json,2022/06/24,6,80
generated_json/universe_prs.json,2022/06/25,2,0
generated_json/autoware_prs.json,2022/06/26,2,2
generated_json/universe_prs.json,2022/06/26,99,31
generated_json/universe_prs.json,2022/06/26,5,2
generated_json/autoware_documentation_prs.json,2022/06/26,5,5
generated_json/universe_prs.json,2022/06/27,17,0
generated_json/universe_prs.json,2022/06/27,1,3
generated_json/autoware_common_prs.json,2022/06/27,2,2
generated_json/universe_prs.json,2022/06/27,9,0
generated_json/universe_prs.json,2022/06/27,408,0
generated_json/universe_prs.json,2022/06/27,6,24
generated_json/universe_prs.json,2022/06/27,1,1
generated_json/universe_prs.json,2022/06/27,2369,0
generated_json/autoware_prs.json,2022/06/27,1,1
generated_json/autoware_launch_prs.json,2022/06/28,2,2
generated_json/autoware_msgs_prs.json,2022/06/28,1,1
generated_json/universe_prs.json,2022/06/28,20,20
generated_json/autoware_core_prs.json,2022/06/28,2,2
generated_json/autoware_prs.json,2022/06/28,67,82
generated_json/universe_prs.json,2022/06/28,6,1
generated_json/universe_prs.json,2022/06/28,1443,710
generated_json/universe_prs.json,2022/06/28,604,740
generated_json/autoware_documentation_prs.json,2022/06/28,7,0
generated_json/autoware_documentation_prs.json,2022/06/28,283,139
generated_json/autoware_documentation_prs.json,2022/06/29,91,2
generated_json/universe_prs.json,2022/06/29,1,1
generated_json/universe_prs.json,2022/06/29,0,4
generated_json/universe_prs.json,2022/06/29,6,1
generated_json/universe_prs.json,2022/06/29,25,22
generated_json/universe_prs.json,2022/06/30,47,23
generated_json/universe_prs.json,2022/06/30,11,2
generated_json/universe_prs.json,2022/06/30,160,37
generated_json/universe_prs.json,2022/06/30,16,15
generated_json/universe_prs.json,2022/06/30,238,0
generated_json/universe_prs.json,2022/06/30,25,17
generated_json/universe_prs.json,2022/06/30,45,15
generated_json/universe_prs.json,2022/07/01,7,1
generated_json/universe_prs.json,2022/07/01,18,8
generated_json/universe_prs.json,2022/07/01,117,69
generated_json/universe_prs.json,2022/07/01,78,60
generated_json/universe_prs.json,2022/07/01,401,812
generated_json/universe_prs.json,2022/07/01,28,0
generated_json/universe_prs.json,2022/07/02,4,4
generated_json/universe_prs.json,2022/07/02,146,28
generated_json/universe_prs.json,2022/07/03,4,4
generated_json/universe_prs.json,2022/07/04,7,0
generated_json/universe_prs.json,2022/07/04,645,1
generated_json/autoware_prs.json,2022/07/04,55,26
generated_json/universe_prs.json,2022/07/04,561,4
generated_json/autoware_prs.json,2022/07/04,11,4
generated_json/universe_prs.json,2022/07/04,3,1
generated_json/autoware_prs.json,2022/07/04,51,10
generated_json/autoware_prs.json,2022/07/04,2,10
generated_json/universe_prs.json,2022/07/04,0,2
generated_json/universe_prs.json,2022/07/04,23,11
generated_json/universe_prs.json,2022/07/04,60,26
generated_json/universe_prs.json,2022/07/04,2,2
generated_json/autoware_core_prs.json,2022/07/04,2,2
generated_json/autoware_common_prs.json,2022/07/04,2,2
generated_json/autoware_launch_prs.json,2022/07/04,1,1
generated_json/universe_prs.json,2022/07/04,54,39
generated_json/universe_prs.json,2022/07/05,3,3
generated_json/universe_prs.json,2022/07/05,10,4
generated_json/universe_prs.json,2022/07/05,0,6810
generated_json/universe_prs.json,2022/07/05,5,3
generated_json/universe_prs.json,2022/07/05,21,17
generated_json/universe_prs.json,2022/07/05,72,53
generated_json/universe_prs.json,2022/07/05,161,108
generated_json/universe_prs.json,2022/07/05,93,70
generated_json/universe_prs.json,2022/07/05,30,24
generated_json/universe_prs.json,2022/07/05,134,28
generated_json/universe_prs.json,2022/07/05,158,65
generated_json/universe_prs.json,2022/07/05,3,0
generated_json/universe_prs.json,2022/07/05,1197,1
generated_json/autoware_launch_prs.json,2022/07/05,3,0
generated_json/universe_prs.json,2022/07/06,2,1
generated_json/universe_prs.json,2022/07/06,20,9
generated_json/universe_prs.json,2022/07/06,195,45
generated_json/universe_prs.json,2022/07/06,200,8
generated_json/universe_prs.json,2022/07/06,350,118
generated_json/universe_prs.json,2022/07/06,380,22
generated_json/universe_prs.json,2022/07/06,548,0
generated_json/universe_prs.json,2022/07/06,1,3
generated_json/universe_prs.json,2022/07/06,1,1
generated_json/universe_prs.json,2022/07/06,187,17
generated_json/universe_prs.json,2022/07/06,8,0
generated_json/universe_prs.json,2022/07/06,40,11
generated_json/universe_prs.json,2022/07/07,11,1
generated_json/universe_prs.json,2022/07/07,2,2
generated_json/universe_prs.json,2022/07/07,300,105
generated_json/universe_prs.json,2022/07/07,1,1
generated_json/universe_prs.json,2022/07/07,38,9
generated_json/universe_prs.json,2022/07/07,48,11
generated_json/universe_prs.json,2022/07/07,25,11
generated_json/universe_prs.json,2022/07/07,42,23
generated_json/universe_prs.json,2022/07/07,86,68
generated_json/universe_prs.json,2022/07/07,39,8
generated_json/universe_prs.json,2022/07/07,115,18
generated_json/universe_prs.json,2022/07/07,35,0
generated_json/universe_prs.json,2022/07/07,26,4
generated_json/universe_prs.json,2022/07/07,1,0
generated_json/universe_prs.json,2022/07/08,17,15
generated_json/universe_prs.json,2022/07/08,6,7
generated_json/universe_prs.json,2022/07/08,17,187
generated_json/universe_prs.json,2022/07/08,10,8
generated_json/universe_prs.json,2022/07/08,0,157
generated_json/universe_prs.json,2022/07/08,4,0
generated_json/universe_prs.json,2022/07/08,1,1
generated_json/universe_prs.json,2022/07/08,7,2
generated_json/universe_prs.json,2022/07/08,94,37
generated_json/universe_prs.json,2022/07/08,175,13
generated_json/universe_prs.json,2022/07/08,21,8
generated_json/autoware_launch_prs.json,2022/07/08,57,0
generated_json/universe_prs.json,2022/07/11,15,32
generated_json/autoware_launch_prs.json,2022/07/11,112,185
generated_json/universe_prs.json,2022/07/11,7,5
generated_json/universe_prs.json,2022/07/11,46,31
generated_json/universe_prs.json,2022/07/11,3,0
generated_json/universe_prs.json,2022/07/11,13,2
generated_json/universe_prs.json,2022/07/11,458,0
generated_json/universe_prs.json,2022/07/11,39,32
generated_json/universe_prs.json,2022/07/11,40,9
generated_json/universe_prs.json,2022/07/11,25,13
generated_json/universe_prs.json,2022/07/11,2,2
generated_json/autoware_prs.json,2022/07/11,4,4
generated_json/autoware_documentation_prs.json,2022/07/11,2,2
generated_json/autoware_core_prs.json,2022/07/11,5,5
generated_json/autoware_common_prs.json,2022/07/11,6,6
generated_json/universe_prs.json,2022/07/11,2,2
generated_json/autoware_msgs_prs.json,2022/07/11,2,2
generated_json/autoware_launch_prs.json,2022/07/11,5,5
generated_json/autoware_prs.json,2022/07/12,1,1
generated_json/universe_prs.json,2022/07/12,24,4
generated_json/universe_prs.json,2022/07/12,4,4
generated_json/universe_prs.json,2022/07/12,172,38
generated_json/universe_prs.json,2022/07/12,1,1
generated_json/universe_prs.json,2022/07/12,37,10
generated_json/universe_prs.json,2022/07/12,3,1
generated_json/universe_prs.json,2022/07/12,187,0
generated_json/universe_prs.json,2022/07/12,29,0
generated_json/universe_prs.json,2022/07/12,75,47
generated_json/universe_prs.json,2022/07/12,48,5
generated_json/autoware_prs.json,2022/07/13,2,0
generated_json/universe_prs.json,2022/07/13,32,26
generated_json/universe_prs.json,2022/07/13,1,1
generated_json/universe_prs.json,2022/07/13,34,23
generated_json/universe_prs.json,2022/07/13,4,4
generated_json/universe_prs.json,2022/07/13,537,526
generated_json/universe_prs.json,2022/07/13,73,40
generated_json/universe_prs.json,2022/07/13,79,8
generated_json/autoware_documentation_prs.json,2022/07/13,1,1
generated_json/universe_prs.json,2022/07/13,44,62
generated_json/universe_prs.json,2022/07/13,3,1
generated_json/universe_prs.json,2022/07/13,14,6
generated_json/universe_prs.json,2022/07/13,62,63
generated_json/universe_prs.json,2022/07/13,391,7
generated_json/universe_prs.json,2022/07/14,3,1
generated_json/universe_prs.json,2022/07/14,3,3
generated_json/universe_prs.json,2022/07/14,704,0
generated_json/universe_prs.json,2022/07/14,5,5
generated_json/universe_prs.json,2022/07/14,3,2
generated_json/autoware_prs.json,2022/07/14,6,0
generated_json/universe_prs.json,2022/07/14,4,3
generated_json/universe_prs.json,2022/07/14,1,1
generated_json/universe_prs.json,2022/07/14,4,0
generated_json/universe_prs.json,2022/07/14,79,23
generated_json/universe_prs.json,2022/07/15,11,6
generated_json/universe_prs.json,2022/07/15,1,0
generated_json/universe_prs.json,2022/07/15,6,1
generated_json/universe_prs.json,2022/07/15,0,1
generated_json/universe_prs.json,2022/07/15,2,2
generated_json/universe_prs.json,2022/07/15,37,8
generated_json/autoware_prs.json,2022/07/15,4,0
generated_json/universe_prs.json,2022/07/15,114,0
generated_json/universe_prs.json,2022/07/15,153,44
generated_json/universe_prs.json,2022/07/15,20,3
generated_json/universe_prs.json,2022/07/16,374,6
generated_json/universe_prs.json,2022/07/16,192,177
generated_json/universe_prs.json,2022/07/19,115,2
generated_json/universe_prs.json,2022/07/19,1,6
generated_json/universe_prs.json,2022/07/19,90,18
generated_json/universe_prs.json,2022/07/19,491,0
generated_json/universe_prs.json,2022/07/19,5,1
generated_json/universe_prs.json,2022/07/19,3,1
generated_json/universe_prs.json,2022/07/19,0,71
generated_json/universe_prs.json,2022/07/19,15,10
generated_json/universe_prs.json,2022/07/19,179,0
generated_json/universe_prs.json,2022/07/19,681,0
generated_json/autoware_documentation_prs.json,2022/07/19,456,170
generated_json/universe_prs.json,2022/07/19,15,15
generated_json/universe_prs.json,2022/07/20,1012,0
generated_json/universe_prs.json,2022/07/20,1,1
generated_json/universe_prs.json,2022/07/20,7,10
generated_json/universe_prs.json,2022/07/20,61,53
generated_json/universe_prs.json,2022/07/20,24,91
generated_json/universe_prs.json,2022/07/20,53,35
generated_json/universe_prs.json,2022/07/20,88,1390
generated_json/autoware_documentation_prs.json,2022/07/20,1,1
generated_json/universe_prs.json,2022/07/21,430,0
generated_json/universe_prs.json,2022/07/21,6,4
generated_json/universe_prs.json,2022/07/21,239,647
generated_json/universe_prs.json,2022/07/21,7,4
generated_json/universe_prs.json,2022/07/21,35,13
generated_json/universe_prs.json,2022/07/21,83,31
generated_json/universe_prs.json,2022/07/21,1013,0
generated_json/universe_prs.json,2022/07/21,114,39
generated_json/autoware_launch_prs.json,2022/07/21,26,0
generated_json/universe_prs.json,2022/07/21,20,0
generated_json/universe_prs.json,2022/07/22,8,0
generated_json/universe_prs.json,2022/07/22,65942,0
generated_json/universe_prs.json,2022/07/22,118,19
generated_json/universe_prs.json,2022/07/24,26,9
generated_json/universe_prs.json,2022/07/25,60,5
generated_json/universe_prs.json,2022/07/25,9,118
generated_json/universe_prs.json,2022/07/25,13,394
generated_json/universe_prs.json,2022/07/25,47,394
generated_json/universe_prs.json,2022/07/25,15,380
generated_json/universe_prs.json,2022/07/25,7,151
generated_json/universe_prs.json,2022/07/25,822,13
generated_json/universe_prs.json,2022/07/25,100,178
generated_json/universe_prs.json,2022/07/25,5,5
generated_json/universe_prs.json,2022/07/25,8,1
generated_json/universe_prs.json,2022/07/25,2,1
generated_json/universe_prs.json,2022/07/25,135,213
generated_json/universe_prs.json,2022/07/25,12,13
generated_json/universe_prs.json,2022/07/25,15,19
generated_json/universe_prs.json,2022/07/25,4,12
generated_json/autoware_documentation_prs.json,2022/07/25,235,9
generated_json/universe_prs.json,2022/07/25,69,48
generated_json/universe_prs.json,2022/07/25,445,0
generated_json/autoware_documentation_prs.json,2022/07/26,17,17
generated_json/universe_prs.json,2022/07/26,234,30
generated_json/universe_prs.json,2022/07/26,260,21
generated_json/universe_prs.json,2022/07/26,0,90
generated_json/universe_prs.json,2022/07/26,398,19
generated_json/autoware_launch_prs.json,2022/07/26,145,0
generated_json/universe_prs.json,2022/07/26,35,40
generated_json/universe_prs.json,2022/07/26,188,349
generated_json/universe_prs.json,2022/07/26,55,15
generated_json/universe_prs.json,2022/07/26,57,36
generated_json/universe_prs.json,2022/07/26,28,5
generated_json/universe_prs.json,2022/07/26,1172,1210
generated_json/autoware_documentation_prs.json,2022/07/26,8,1
generated_json/universe_prs.json,2022/07/27,14,24
generated_json/universe_prs.json,2022/07/27,70,84
generated_json/universe_prs.json,2022/07/27,2,0
generated_json/universe_prs.json,2022/07/27,43,1
generated_json/universe_prs.json,2022/07/27,2,6
generated_json/universe_prs.json,2022/07/27,1962,680
generated_json/autoware_documentation_prs.json,2022/07/27,11,19
generated_json/universe_prs.json,2022/07/27,7,5
generated_json/universe_prs.json,2022/07/27,1,0
generated_json/universe_prs.json,2022/07/28,2,1
generated_json/universe_prs.json,2022/07/28,31,3
generated_json/universe_prs.json,2022/07/28,2,0
generated_json/universe_prs.json,2022/07/28,23,0
generated_json/universe_prs.json,2022/07/28,2,2
generated_json/universe_prs.json,2022/07/28,50,11
generated_json/universe_prs.json,2022/07/28,107,82
generated_json/universe_prs.json,2022/07/28,84,10
generated_json/universe_prs.json,2022/07/28,4,4
generated_json/autoware_launch_prs.json,2022/07/29,8,7
generated_json/universe_prs.json,2022/07/29,3,1
generated_json/universe_prs.json,2022/07/29,64,37
generated_json/universe_prs.json,2022/07/29,44,22
generated_json/universe_prs.json,2022/07/29,27,16
generated_json/universe_prs.json,2022/07/29,2,0
generated_json/universe_prs.json,2022/07/29,35,47
generated_json/universe_prs.json,2022/07/30,26,6
generated_json/universe_prs.json,2022/07/31,5,5
generated_json/autoware_prs.json,2022/07/31,15,0
generated_json/autoware_common_prs.json,2022/07/31,1,0
generated_json/autoware_common_prs.json,2022/08/01,727,0
generated_json/universe_prs.json,2022/08/01,13,13
generated_json/universe_prs.json,2022/08/01,82,50
generated_json/universe_prs.json,2022/08/01,15,3
generated_json/universe_prs.json,2022/08/01,3,2
generated_json/universe_prs.json,2022/08/01,10,8
generated_json/universe_prs.json,2022/08/01,36,3
generated_json/universe_prs.json,2022/08/01,37,16
generated_json/universe_prs.json,2022/08/01,1,1
generated_json/universe_prs.json,2022/08/01,9,5
generated_json/autoware_documentation_prs.json,2022/08/01,12,17
generated_json/universe_prs.json,2022/08/01,210,10
generated_json/universe_prs.json,2022/08/02,146,253
generated_json/universe_prs.json,2022/08/02,24,2
generated_json/universe_prs.json,2022/08/02,9,26
generated_json/universe_prs.json,2022/08/02,9,43
generated_json/autoware_common_prs.json,2022/08/02,455,0
generated_json/universe_prs.json,2022/08/02,270,1
generated_json/universe_prs.json,2022/08/02,877,436
generated_json/autoware_launch_prs.json,2022/08/02,1,0
generated_json/universe_prs.json,2022/08/02,1,3
generated_json/autoware_prs.json,2022/08/02,6,21
generated_json/universe_prs.json,2022/08/02,768,463
generated_json/autoware_launch_prs.json,2022/08/02,6,19
generated_json/universe_prs.json,2022/08/02,68,6
generated_json/autoware_common_prs.json,2022/08/02,6909,2
generated_json/universe_prs.json,2022/08/02,1689,77
generated_json/universe_prs.json,2022/08/02,3,1
generated_json/autoware_prs.json,2022/08/02,2,0
generated_json/autoware_common_prs.json,2022/08/03,2,0
generated_json/universe_prs.json,2022/08/03,2,3
generated_json/universe_prs.json,2022/08/03,2,0
generated_json/universe_prs.json,2022/08/03,153,29
generated_json/universe_prs.json,2022/08/03,47,3
generated_json/universe_prs.json,2022/08/03,8,17
generated_json/autoware_documentation_prs.json,2022/08/03,2,0
generated_json/autoware_launch_prs.json,2022/08/04,2,3
generated_json/autoware_msgs_prs.json,2022/08/04,2,2
generated_json/universe_prs.json,2022/08/04,81,0
generated_json/universe_prs.json,2022/08/04,5,5
generated_json/autoware_core_prs.json,2022/08/04,3,3
generated_json/universe_prs.json,2022/08/04,5,0
generated_json/universe_prs.json,2022/08/04,1,1
generated_json/universe_prs.json,2022/08/04,25,62
generated_json/universe_prs.json,2022/08/04,2,0
generated_json/universe_prs.json,2022/08/04,3,3
generated_json/universe_prs.json,2022/08/04,9,85
generated_json/universe_prs.json,2022/08/04,294,359
generated_json/autoware_launch_prs.json,2022/08/05,1,0
generated_json/universe_prs.json,2022/08/05,27,9
generated_json/universe_prs.json,2022/08/05,131,16
generated_json/universe_prs.json,2022/08/05,65,3
generated_json/universe_prs.json,2022/08/05,17,1
generated_json/universe_prs.json,2022/08/05,617,87
generated_json/autoware_common_prs.json,2022/08/05,102,1
generated_json/universe_prs.json,2022/08/05,33,28
generated_json/autoware_msgs_prs.json,2022/08/05,27,0
generated_json/universe_prs.json,2022/08/08,14,19
generated_json/universe_prs.json,2022/08/08,36,38
generated_json/universe_prs.json,2022/08/08,440,224
generated_json/universe_prs.json,2022/08/08,1002,881
generated_json/universe_prs.json,2022/08/08,780,0
generated_json/universe_prs.json,2022/08/08,0,1
generated_json/universe_prs.json,2022/08/08,2,2
generated_json/universe_prs.json,2022/08/08,4,1
generated_json/universe_prs.json,2022/08/08,6,5
generated_json/universe_prs.json,2022/08/08,299,285
generated_json/universe_prs.json,2022/08/08,34,54
generated_json/autoware_documentation_prs.json,2022/08/09,9,1
generated_json/universe_prs.json,2022/08/09,35,4
generated_json/autoware_documentation_prs.json,2022/08/09,16,4
generated_json/universe_prs.json,2022/08/09,1,216
generated_json/universe_prs.json,2022/08/09,2,2
generated_json/universe_prs.json,2022/08/10,47,30
generated_json/universe_prs.json,2022/08/10,1,1
generated_json/universe_prs.json,2022/08/10,34,40
generated_json/universe_prs.json,2022/08/10,2,2
generated_json/universe_prs.json,2022/08/10,182,1001
generated_json/universe_prs.json,2022/08/10,208,3
generated_json/universe_prs.json,2022/08/10,102,0
generated_json/universe_prs.json,2022/08/10,31,104
generated_json/universe_prs.json,2022/08/10,5,3
generated_json/universe_prs.json,2022/08/10,22,22
generated_json/universe_prs.json,2022/08/10,33,2
generated_json/universe_prs.json,2022/08/10,16,8
generated_json/universe_prs.json,2022/08/10,278,8
generated_json/universe_prs.json,2022/08/10,123,0
generated_json/autoware_common_prs.json,2022/08/10,24,0
generated_json/universe_prs.json,2022/08/11,15,8
generated_json/universe_prs.json,2022/08/11,128,92
generated_json/universe_prs.json,2022/08/12,185,5
generated_json/universe_prs.json,2022/08/12,140,23
generated_json/universe_prs.json,2022/08/13,138,362
generated_json/universe_prs.json,2022/08/13,3560,7
generated_json/universe_prs.json,2022/08/15,32,0
generated_json/universe_prs.json,2022/08/15,8,6
generated_json/universe_prs.json,2022/08/15,128,110
generated_json/universe_prs.json,2022/08/15,2,2
generated_json/universe_prs.json,2022/08/15,77,15
generated_json/universe_prs.json,2022/08/15,100,15
generated_json/universe_prs.json,2022/08/15,27,2
generated_json/universe_prs.json,2022/08/15,21,22
generated_json/autoware_prs.json,2022/08/15,1,1
generated_json/universe_prs.json,2022/08/15,142,188
generated_json/universe_prs.json,2022/08/15,397,301
generated_json/universe_prs.json,2022/08/15,0,235
generated_json/autoware_documentation_prs.json,2022/08/15,269,2
generated_json/autoware_common_prs.json,2022/08/16,28,26
generated_json/universe_prs.json,2022/08/16,51,185
generated_json/universe_prs.json,2022/08/16,65,57
generated_json/autoware_prs.json,2022/08/16,2,1
generated_json/universe_prs.json,2022/08/16,31,30
generated_json/universe_prs.json,2022/08/16,9,11
generated_json/universe_prs.json,2022/08/16,4,4
generated_json/autoware_core_prs.json,2022/08/16,0,0
generated_json/autoware_core_prs.json,2022/08/16,0,0
generated_json/autoware_core_prs.json,2022/08/16,0,0
generated_json/universe_prs.json,2022/08/16,175,570
generated_json/universe_prs.json,2022/08/17,15,19
generated_json/universe_prs.json,2022/08/17,4,4
generated_json/universe_prs.json,2022/08/17,10,1
generated_json/universe_prs.json,2022/08/17,6,6
generated_json/universe_prs.json,2022/08/17,7,2
generated_json/universe_prs.json,2022/08/17,14,0
generated_json/universe_prs.json,2022/08/17,18,23
generated_json/universe_prs.json,2022/08/17,13,7
generated_json/universe_prs.json,2022/08/17,156,37
generated_json/universe_prs.json,2022/08/17,12,17
generated_json/universe_prs.json,2022/08/17,26,29
generated_json/universe_prs.json,2022/08/18,163,11
generated_json/universe_prs.json,2022/08/18,15,110
generated_json/autoware_prs.json,2022/08/18,21,3
generated_json/universe_prs.json,2022/08/18,39,21
generated_json/autoware_launch_prs.json,2022/08/18,134,0
generated_json/universe_prs.json,2022/08/18,7,1
generated_json/autoware_prs.json,2022/08/18,1,1
generated_json/autoware_prs.json,2022/08/18,4,4
generated_json/universe_prs.json,2022/08/18,30,31
generated_json/universe_prs.json,2022/08/18,8,8
generated_json/universe_prs.json,2022/08/18,35,0
generated_json/universe_prs.json,2022/08/18,4,3
generated_json/autoware_documentation_prs.json,2022/08/18,3,1
generated_json/universe_prs.json,2022/08/18,10,9
generated_json/universe_prs.json,2022/08/18,57,3
generated_json/universe_prs.json,2022/08/18,27,30
generated_json/universe_prs.json,2022/08/18,17,18
generated_json/universe_prs.json,2022/08/18,91,56
generated_json/universe_prs.json,2022/08/18,4,0
generated_json/universe_prs.json,2022/08/18,22,169
generated_json/universe_prs.json,2022/08/19,1,0
generated_json/universe_prs.json,2022/08/19,17,11
generated_json/universe_prs.json,2022/08/19,39,54
generated_json/autoware_prs.json,2022/08/19,0,4
generated_json/universe_prs.json,2022/08/19,64,29
generated_json/universe_prs.json,2022/08/19,3,5
generated_json/universe_prs.json,2022/08/19,67,1
generated_json/universe_prs.json,2022/08/19,16,0
generated_json/universe_prs.json,2022/08/19,21,16
generated_json/universe_prs.json,2022/08/19,22,13
generated_json/universe_prs.json,2022/08/19,7,4
generated_json/universe_prs.json,2022/08/19,14,67
generated_json/universe_prs.json,2022/08/22,6,6
generated_json/universe_prs.json,2022/08/22,4,0
generated_json/universe_prs.json,2022/08/22,353,175
generated_json/universe_prs.json,2022/08/22,20,4
generated_json/universe_prs.json,2022/08/22,86,58
generated_json/universe_prs.json,2022/08/22,11,13
generated_json/universe_prs.json,2022/08/22,2,3
generated_json/universe_prs.json,2022/08/22,3,3
generated_json/universe_prs.json,2022/08/22,62,62
generated_json/universe_prs.json,2022/08/22,3,3
generated_json/universe_prs.json,2022/08/22,7,2
generated_json/universe_prs.json,2022/08/22,3,3
generated_json/autoware_documentation_prs.json,2022/08/22,6,6
generated_json/autoware_msgs_prs.json,2022/08/22,4,4
generated_json/universe_prs.json,2022/08/23,0,1888
generated_json/universe_prs.json,2022/08/23,14,20
generated_json/universe_prs.json,2022/08/23,32,15
generated_json/universe_prs.json,2022/08/23,8,8
generated_json/universe_prs.json,2022/08/23,1,1
generated_json/universe_prs.json,2022/08/23,7,1
generated_json/autoware_launch_prs.json,2022/08/23,141,93
generated_json/universe_prs.json,2022/08/23,226,80
generated_json/universe_prs.json,2022/08/23,2,2
generated_json/universe_prs.json,2022/08/23,1,1
generated_json/universe_prs.json,2022/08/23,0,4
generated_json/universe_prs.json,2022/08/23,1,1
generated_json/universe_prs.json,2022/08/23,159,0
generated_json/universe_prs.json,2022/08/23,6,6
generated_json/autoware_common_prs.json,2022/08/23,35,0
generated_json/autoware_core_prs.json,2022/08/23,35,0
generated_json/universe_prs.json,2022/08/23,3,3
generated_json/autoware_launch_prs.json,2022/08/24,4,6
generated_json/universe_prs.json,2022/08/24,11,2
generated_json/universe_prs.json,2022/08/24,27,9
generated_json/universe_prs.json,2022/08/24,50,29
generated_json/universe_prs.json,2022/08/24,2,2
generated_json/universe_prs.json,2022/08/24,1,0
generated_json/universe_prs.json,2022/08/24,1,1
generated_json/universe_prs.json,2022/08/24,1,0
generated_json/universe_prs.json,2022/08/24,28,50
generated_json/universe_prs.json,2022/08/24,340,199
generated_json/autoware_documentation_prs.json,2022/08/24,77,0
generated_json/universe_prs.json,2022/08/25,29,30
generated_json/universe_prs.json,2022/08/25,120,53
generated_json/universe_prs.json,2022/08/25,274,299
generated_json/universe_prs.json,2022/08/25,75,1
generated_json/universe_prs.json,2022/08/25,48,148
generated_json/universe_prs.json,2022/08/25,1,1
generated_json/universe_prs.json,2022/08/25,0,7
generated_json/universe_prs.json,2022/08/25,10,2
generated_json/universe_prs.json,2022/08/25,55,0
generated_json/universe_prs.json,2022/08/25,2,1
generated_json/universe_prs.json,2022/08/25,1,1
generated_json/universe_prs.json,2022/08/25,171,201
generated_json/universe_prs.json,2022/08/25,2,0
generated_json/universe_prs.json,2022/08/25,21,4
generated_json/universe_prs.json,2022/08/25,2,1
generated_json/universe_prs.json,2022/08/25,659,550
generated_json/universe_prs.json,2022/08/26,177,0
generated_json/universe_prs.json,2022/08/26,33,8
generated_json/universe_prs.json,2022/08/26,14,0
generated_json/universe_prs.json,2022/08/26,21,36
generated_json/autoware_documentation_prs.json,2022/08/26,3,3
generated_json/universe_prs.json,2022/08/26,329,5
generated_json/universe_prs.json,2022/08/26,36,55
generated_json/universe_prs.json,2022/08/26,10,4
generated_json/autoware_common_prs.json,2022/08/26,1,1
generated_json/autoware_launch_prs.json,2022/08/27,1,1
generated_json/universe_prs.json,2022/08/27,4,4
generated_json/universe_prs.json,2022/08/28,12,8
generated_json/universe_prs.json,2022/08/29,12,28
generated_json/universe_prs.json,2022/08/29,327,38
generated_json/universe_prs.json,2022/08/29,58,19
generated_json/autoware_documentation_prs.json,2022/08/29,12,0
generated_json/universe_prs.json,2022/08/29,8,32
generated_json/autoware_prs.json,2022/08/29,7,3
generated_json/universe_prs.json,2022/08/29,154,56
generated_json/universe_prs.json,2022/08/29,554,1734
generated_json/universe_prs.json,2022/08/29,19,28
generated_json/autoware_prs.json,2022/08/29,21,23
generated_json/autoware_launch_prs.json,2022/08/29,55,12
generated_json/autoware_documentation_prs.json,2022/08/30,0,1
generated_json/autoware_msgs_prs.json,2022/08/30,0,4
generated_json/universe_prs.json,2022/08/30,0,1
generated_json/universe_prs.json,2022/08/30,108,70
generated_json/universe_prs.json,2022/08/30,79,0
generated_json/autoware_core_prs.json,2022/08/30,4,0
generated_json/autoware_common_prs.json,2022/08/30,8,0
generated_json/universe_prs.json,2022/08/30,17,18
generated_json/universe_prs.json,2022/08/30,21,6
generated_json/universe_prs.json,2022/08/30,17,164
generated_json/universe_prs.json,2022/08/30,1,1
generated_json/universe_prs.json,2022/08/30,2,2
generated_json/universe_prs.json,2022/08/30,169,49
generated_json/autoware_msgs_prs.json,2022/08/30,65,0
generated_json/autoware_core_prs.json,2022/08/31,460,0
generated_json/universe_prs.json,2022/08/31,62,1
generated_json/universe_prs.json,2022/08/31,15,3
generated_json/autoware_common_prs.json,2022/08/31,1,3
generated_json/autoware_core_prs.json,2022/08/31,1,0
generated_json/autoware_common_prs.json,2022/08/31,14,0
generated_json/autoware_common_prs.json,2022/08/31,16,3
generated_json/universe_prs.json,2022/08/31,83,78
generated_json/universe_prs.json,2022/08/31,451,0
generated_json/autoware_launch_prs.json,2022/08/31,18,11
generated_json/autoware_core_prs.json,2022/08/31,30,6
generated_json/universe_prs.json,2022/08/31,16,3
generated_json/universe_prs.json,2022/08/31,2,3
generated_json/universe_prs.json,2022/08/31,1,1
generated_json/universe_prs.json,2022/08/31,34,24
generated_json/universe_prs.json,2022/08/31,12,11
generated_json/autoware_common_prs.json,2022/08/31,1,1
generated_json/autoware_common_prs.json,2022/08/31,0,3
generated_json/universe_prs.json,2022/08/31,10,1
generated_json/autoware_common_prs.json,2022/08/31,1,1
generated_json/autoware_common_prs.json,2022/08/31,25,16
generated_json/universe_prs.json,2022/08/31,1,4
generated_json/universe_prs.json,2022/08/31,38,37
generated_json/universe_prs.json,2022/09/01,3,1
generated_json/autoware_core_prs.json,2022/09/01,2,5
generated_json/universe_prs.json,2022/09/01,24,0
generated_json/universe_prs.json,2022/09/01,11,7
generated_json/universe_prs.json,2022/09/01,34,7
generated_json/universe_prs.json,2022/09/01,2,0
generated_json/autoware_prs.json,2022/09/01,2,2
generated_json/autoware_prs.json,2022/09/01,1,0
generated_json/universe_prs.json,2022/09/01,572,366
generated_json/universe_prs.json,2022/09/01,284,57
generated_json/universe_prs.json,2022/09/01,3,3
generated_json/universe_prs.json,2022/09/01,245,2
generated_json/autoware_common_prs.json,2022/09/01,13,4
generated_json/universe_prs.json,2022/09/01,135,106
generated_json/universe_prs.json,2022/09/02,2,3
generated_json/autoware_launch_prs.json,2022/09/02,24,1
generated_json/autoware_msgs_prs.json,2022/09/02,17,9
generated_json/autoware_core_prs.json,2022/09/02,11,2
generated_json/autoware_prs.json,2022/09/02,14,0
generated_json/autoware_common_prs.json,2022/09/02,1,3
generated_json/autoware_core_prs.json,2022/09/02,1,3
generated_json/universe_prs.json,2022/09/02,1,17
generated_json/universe_prs.json,2022/09/02,56,196
generated_json/universe_prs.json,2022/09/02,1,1
generated_json/autoware_common_prs.json,2022/09/02,1,1
generated_json/universe_prs.json,2022/09/02,101,101
generated_json/universe_prs.json,2022/09/02,3,3
generated_json/universe_prs.json,2022/09/02,21,2
generated_json/universe_prs.json,2022/09/02,299,396
generated_json/universe_prs.json,2022/09/02,2,0
generated_json/autoware_prs.json,2022/09/02,0,2
generated_json/universe_prs.json,2022/09/04,1468,68
generated_json/universe_prs.json,2022/09/05,280,0
generated_json/universe_prs.json,2022/09/05,162,118
generated_json/universe_prs.json,2022/09/05,28,33
generated_json/universe_prs.json,2022/09/05,35,80
generated_json/universe_prs.json,2022/09/05,2,2
generated_json/universe_prs.json,2022/09/05,50,0
generated_json/universe_prs.json,2022/09/05,4,2
generated_json/universe_prs.json,2022/09/05,31,220
generated_json/autoware_documentation_prs.json,2022/09/05,86,1
generated_json/autoware_documentation_prs.json,2022/09/05,3,3
generated_json/universe_prs.json,2022/09/05,500,335
generated_json/autoware_documentation_prs.json,2022/09/05,12,1
generated_json/universe_prs.json,2022/09/05,23,25
generated_json/autoware_documentation_prs.json,2022/09/05,1,0
generated_json/autoware_documentation_prs.json,2022/09/05,122,120
generated_json/autoware_documentation_prs.json,2022/09/05,109,50
generated_json/universe_prs.json,2022/09/06,2,1
generated_json/universe_prs.json,2022/09/06,14,14
generated_json/universe_prs.json,2022/09/06,12,10
generated_json/universe_prs.json,2022/09/06,42,105
generated_json/universe_prs.json,2022/09/06,98,455
generated_json/universe_prs.json,2022/09/06,172,38
generated_json/universe_prs.json,2022/09/06,120,5
generated_json/universe_prs.json,2022/09/06,9,69
generated_json/autoware_prs.json,2022/09/07,2,2
generated_json/universe_prs.json,2022/09/07,11,10
generated_json/autoware_prs.json,2022/09/07,2,7
generated_json/universe_prs.json,2022/09/07,6,1
generated_json/universe_prs.json,2022/09/07,76,0
generated_json/universe_prs.json,2022/09/08,7,6
generated_json/universe_prs.json,2022/09/08,9,9
generated_json/universe_prs.json,2022/09/08,84,20
generated_json/universe_prs.json,2022/09/08,96,0
generated_json/universe_prs.json,2022/09/08,228,4
generated_json/universe_prs.json,2022/09/08,142,157
generated_json/universe_prs.json,2022/09/08,128,170
generated_json/universe_prs.json,2022/09/08,224,0
generated_json/universe_prs.json,2022/09/08,16,16
generated_json/universe_prs.json,2022/09/08,3,7
generated_json/universe_prs.json,2022/09/08,29,2
generated_json/universe_prs.json,2022/09/08,41,42
generated_json/autoware_prs.json,2022/09/09,20,0
generated_json/universe_prs.json,2022/09/09,17,0
generated_json/universe_prs.json,2022/09/09,109,0
generated_json/universe_prs.json,2022/09/09,28,27
generated_json/universe_prs.json,2022/09/09,1059,876
generated_json/universe_prs.json,2022/09/09,13,0
generated_json/universe_prs.json,2022/09/09,3,1
generated_json/universe_prs.json,2022/09/09,7,3
generated_json/universe_prs.json,2022/09/09,549,1348
generated_json/universe_prs.json,2022/09/09,1,1
generated_json/universe_prs.json,2022/09/09,90,46
generated_json/universe_prs.json,2022/09/11,239,182
generated_json/universe_prs.json,2022/09/11,2,1
generated_json/universe_prs.json,2022/09/12,24,1
generated_json/universe_prs.json,2022/09/12,10,0
generated_json/autoware_prs.json,2022/09/12,26,0
generated_json/universe_prs.json,2022/09/12,0,5
generated_json/universe_prs.json,2022/09/12,86,33
generated_json/universe_prs.json,2022/09/12,1,0
generated_json/universe_prs.json,2022/09/12,24,0
generated_json/universe_prs.json,2022/09/12,121,0
generated_json/universe_prs.json,2022/09/12,93,441
generated_json/universe_prs.json,2022/09/12,105,117
generated_json/universe_prs.json,2022/09/13,2,40
generated_json/universe_prs.json,2022/09/13,167,0
generated_json/autoware_launch_prs.json,2022/09/13,78,36
generated_json/universe_prs.json,2022/09/13,8,0
generated_json/universe_prs.json,2022/09/13,15,9
generated_json/universe_prs.json,2022/09/13,83,50
generated_json/universe_prs.json,2022/09/13,180,6
generated_json/universe_prs.json,2022/09/13,95,15
generated_json/universe_prs.json,2022/09/13,76,0
generated_json/universe_prs.json,2022/09/13,19,4
generated_json/autoware_documentation_prs.json,2022/09/14,2,0
generated_json/autoware_prs.json,2022/09/14,0,4
generated_json/autoware_common_prs.json,2022/09/14,4,4
generated_json/universe_prs.json,2022/09/14,156,156
generated_json/universe_prs.json,2022/09/14,49,67
generated_json/universe_prs.json,2022/09/14,9,12
generated_json/universe_prs.json,2022/09/14,3,1
generated_json/universe_prs.json,2022/09/14,4,4
generated_json/universe_prs.json,2022/09/14,11,7
generated_json/universe_prs.json,2022/09/14,19,5
generated_json/universe_prs.json,2022/09/14,164,157
generated_json/universe_prs.json,2022/09/15,17,0
generated_json/universe_prs.json,2022/09/15,155,32
generated_json/universe_prs.json,2022/09/15,14,3
generated_json/autoware_msgs_prs.json,2022/09/15,48,0
generated_json/universe_prs.json,2022/09/15,206,10
generated_json/universe_prs.json,2022/09/15,8,8
generated_json/universe_prs.json,2022/09/15,79,74
generated_json/autoware_msgs_prs.json,2022/09/15,4,10
generated_json/universe_prs.json,2022/09/15,188,25
generated_json/universe_prs.json,2022/09/15,112,30
generated_json/universe_prs.json,2022/09/15,7,3
generated_json/universe_prs.json,2022/09/15,240,395
generated_json/universe_prs.json,2022/09/15,13,0
generated_json/autoware_prs.json,2022/09/15,4,0
generated_json/universe_prs.json,2022/09/15,77,2
generated_json/universe_prs.json,2022/09/15,26,22
generated_json/universe_prs.json,2022/09/15,255,67
generated_json/universe_prs.json,2022/09/15,14,4
generated_json/universe_prs.json,2022/09/15,95,4
generated_json/universe_prs.json,2022/09/15,9,9
generated_json/universe_prs.json,2022/09/16,7,6
generated_json/universe_prs.json,2022/09/16,8,0
generated_json/universe_prs.json,2022/09/16,4,0
generated_json/autoware_launch_prs.json,2022/09/16,1,0
generated_json/universe_prs.json,2022/09/16,2,0
generated_json/universe_prs.json,2022/09/16,42,12
generated_json/universe_prs.json,2022/09/16,20,33
generated_json/universe_prs.json,2022/09/16,6,2
generated_json/universe_prs.json,2022/09/16,46,202
generated_json/universe_prs.json,2022/09/16,396,32
generated_json/universe_prs.json,2022/09/16,5,2
generated_json/autoware_launch_prs.json,2022/09/16,0,2
generated_json/universe_prs.json,2022/09/16,26,2
generated_json/universe_prs.json,2022/09/16,173,13
generated_json/autoware_launch_prs.json,2022/09/17,76,86
generated_json/autoware_documentation_prs.json,2022/09/18,8,8
generated_json/autoware_documentation_prs.json,2022/09/18,23,3
generated_json/universe_prs.json,2022/09/18,77,100
generated_json/autoware_documentation_prs.json,2022/09/19,82,0
generated_json/universe_prs.json,2022/09/20,50,0
generated_json/universe_prs.json,2022/09/20,31,29
generated_json/autoware_documentation_prs.json,2022/09/20,2,2
generated_json/autoware_prs.json,2022/09/20,1,1
generated_json/universe_prs.json,2022/09/20,937,691
generated_json/autoware_launch_prs.json,2022/09/21,1,1
generated_json/autoware_common_prs.json,2022/09/21,1,1
generated_json/universe_prs.json,2022/09/21,1,1
generated_json/universe_prs.json,2022/09/21,11,350
generated_json/universe_prs.json,2022/09/21,10,0
generated_json/universe_prs.json,2022/09/21,32,24
generated_json/universe_prs.json,2022/09/21,24,4
generated_json/universe_prs.json,2022/09/21,1,0
generated_json/universe_prs.json,2022/09/21,1,0
generated_json/universe_prs.json,2022/09/21,59,4
generated_json/universe_prs.json,2022/09/21,2,0
generated_json/universe_prs.json,2022/09/21,0,0
generated_json/universe_prs.json,2022/09/21,5,0
generated_json/universe_prs.json,2022/09/21,15,7
generated_json/universe_prs.json,2022/09/21,438,0
generated_json/universe_prs.json,2022/09/21,1,1
generated_json/autoware_common_prs.json,2022/09/22,2,2
generated_json/universe_prs.json,2022/09/22,2,2
generated_json/universe_prs.json,2022/09/22,124,124
generated_json/universe_prs.json,2022/09/22,1,1
generated_json/autoware_prs.json,2022/09/22,4,4
generated_json/universe_prs.json,2022/09/22,237,16
generated_json/universe_prs.json,2022/09/22,521,0
generated_json/universe_prs.json,2022/09/22,491,14
generated_json/universe_prs.json,2022/09/22,228,222
generated_json/universe_prs.json,2022/09/22,54,20
generated_json/universe_prs.json,2022/09/23,3,3
generated_json/autoware_launch_prs.json,2022/09/23,1,1
generated_json/universe_prs.json,2022/09/23,1,1
generated_json/universe_prs.json,2022/09/23,6,4
generated_json/universe_prs.json,2022/09/24,9,4
generated_json/universe_prs.json,2022/09/24,2392,13
generated_json/universe_prs.json,2022/09/24,2,2
generated_json/autoware_common_prs.json,2022/09/24,1,1
generated_json/autoware_launch_prs.json,2022/09/25,1,1
generated_json/universe_prs.json,2022/09/25,1,1
generated_json/autoware_core_prs.json,2022/09/25,1,1
generated_json/autoware_common_prs.json,2022/09/25,1,1
generated_json/universe_prs.json,2022/09/25,40,37
generated_json/universe_prs.json,2022/09/25,2,0
generated_json/universe_prs.json,2022/09/26,2,0
generated_json/autoware_launch_prs.json,2022/09/26,1,2
generated_json/autoware_documentation_prs.json,2022/09/26,15,2
generated_json/universe_prs.json,2022/09/26,1,0
generated_json/universe_prs.json,2022/09/26,697,547
generated_json/autoware_common_prs.json,2022/09/26,131,0
generated_json/universe_prs.json,2022/09/26,43,0
generated_json/universe_prs.json,2022/09/26,14,14
generated_json/autoware_prs.json,2022/09/27,7,13
generated_json/universe_prs.json,2022/09/27,5,18
generated_json/universe_prs.json,2022/09/27,1,1
generated_json/universe_prs.json,2022/09/27,27,17
generated_json/universe_prs.json,2022/09/27,12,7
generated_json/universe_prs.json,2022/09/27,967,217
generated_json/autoware_documentation_prs.json,2022/09/28,39,1
generated_json/universe_prs.json,2022/09/28,3,3
generated_json/autoware_msgs_prs.json,2022/09/28,119,0
generated_json/universe_prs.json,2022/09/28,2,0
generated_json/universe_prs.json,2022/09/28,7,7
generated_json/universe_prs.json,2022/09/28,11,8
generated_json/autoware_documentation_prs.json,2022/09/28,25,19
generated_json/universe_prs.json,2022/09/28,235,40
generated_json/universe_prs.json,2022/09/28,59,29
generated_json/autoware_prs.json,2022/09/28,8,1
generated_json/universe_prs.json,2022/09/28,4,5
generated_json/universe_prs.json,2022/09/28,2,0
generated_json/universe_prs.json,2022/09/28,11,6
generated_json/universe_prs.json,2022/09/28,7,4
generated_json/universe_prs.json,2022/09/28,1,4
generated_json/universe_prs.json,2022/09/28,42,4
generated_json/universe_prs.json,2022/09/28,52,2
generated_json/universe_prs.json,2022/09/29,1,1
generated_json/universe_prs.json,2022/09/29,115,52
generated_json/universe_prs.json,2022/09/29,253,8
generated_json/universe_prs.json,2022/09/29,471,0
generated_json/universe_prs.json,2022/09/30,10,5
generated_json/autoware_launch_prs.json,2022/09/30,60,0
generated_json/universe_prs.json,2022/09/30,5,1
generated_json/universe_prs.json,2022/09/30,140,126
generated_json/universe_prs.json,2022/09/30,302,0
generated_json/universe_prs.json,2022/09/30,4,1
generated_json/universe_prs.json,2022/09/30,46,3
generated_json/autoware_prs.json,2022/10/01,1,1
generated_json/autoware_common_prs.json,2022/10/02,1,1
generated_json/universe_prs.json,2022/10/02,1,1
generated_json/autoware_core_prs.json,2022/10/02,1,1
generated_json/autoware_launch_prs.json,2022/10/03,1,1
generated_json/autoware_prs.json,2022/10/03,16,16
generated_json/universe_prs.json,2022/10/03,41,46
generated_json/universe_prs.json,2022/10/03,18,19
generated_json/autoware_prs.json,2022/10/03,4,0
generated_json/universe_prs.json,2022/10/03,38,30
generated_json/universe_prs.json,2022/10/04,83,60
generated_json/universe_prs.json,2022/10/04,105,85
generated_json/universe_prs.json,2022/10/04,5,1
generated_json/universe_prs.json,2022/10/04,2331,0
generated_json/universe_prs.json,2022/10/04,17,14
generated_json/universe_prs.json,2022/10/04,541,1
generated_json/universe_prs.json,2022/10/04,5,5
generated_json/universe_prs.json,2022/10/04,157,14
generated_json/universe_prs.json,2022/10/05,65,67
generated_json/universe_prs.json,2022/10/05,119,13
generated_json/universe_prs.json,2022/10/05,126,37
generated_json/universe_prs.json,2022/10/05,242,31
generated_json/autoware_documentation_prs.json,2022/10/05,2,211
generated_json/universe_prs.json,2022/10/06,65,53
generated_json/autoware_documentation_prs.json,2022/10/06,1,1
generated_json/universe_prs.json,2022/10/06,11,12
generated_json/autoware_prs.json,2022/10/06,64,1
generated_json/autoware_common_prs.json,2022/10/06,1,1
generated_json/universe_prs.json,2022/10/06,20,3
generated_json/universe_prs.json,2022/10/06,4,9
generated_json/universe_prs.json,2022/10/06,27,8
generated_json/autoware_prs.json,2022/10/06,33,3
generated_json/autoware_prs.json,2022/10/06,1,1
generated_json/autoware_launch_prs.json,2022/10/07,1,1
generated_json/universe_prs.json,2022/10/07,1,1
generated_json/autoware_core_prs.json,2022/10/07,1,1
generated_json/universe_prs.json,2022/10/07,12,8
generated_json/autoware_prs.json,2022/10/07,19,5
generated_json/universe_prs.json,2022/10/07,9,7
generated_json/universe_prs.json,2022/10/07,2,0
generated_json/autoware_prs.json,2022/10/07,1,1
generated_json/universe_prs.json,2022/10/07,210,36
generated_json/autoware_documentation_prs.json,2022/10/08,4,1
generated_json/universe_prs.json,2022/10/08,10,4
generated_json/universe_prs.json,2022/10/09,75,25
generated_json/autoware_documentation_prs.json,2022/10/10,1,1
generated_json/autoware_documentation_prs.json,2022/10/10,2,0
generated_json/autoware_core_prs.json,2022/10/10,4,4
generated_json/universe_prs.json,2022/10/11,93,54
generated_json/universe_prs.json,2022/10/11,853,848
generated_json/universe_prs.json,2022/10/11,46,77
generated_json/universe_prs.json,2022/10/11,88,0
generated_json/universe_prs.json,2022/10/12,32,30
generated_json/universe_prs.json,2022/10/12,45,45
generated_json/universe_prs.json,2022/10/12,65,1920
generated_json/universe_prs.json,2022/10/12,13,2
generated_json/autoware_common_prs.json,2022/10/12,1,1
generated_json/universe_prs.json,2022/10/12,1078,0
generated_json/autoware_launch_prs.json,2022/10/13,8,11
generated_json/universe_prs.json,2022/10/13,18,18
generated_json/universe_prs.json,2022/10/13,1,1
generated_json/universe_prs.json,2022/10/13,60,4
generated_json/universe_prs.json,2022/10/13,44,21
generated_json/universe_prs.json,2022/10/13,9,0
generated_json/universe_prs.json,2022/10/13,7,0
generated_json/autoware_prs.json,2022/10/13,7,7
generated_json/universe_prs.json,2022/10/13,4,18
generated_json/universe_prs.json,2022/10/13,88,13
generated_json/autoware_prs.json,2022/10/13,1,1
generated_json/universe_prs.json,2022/10/14,2,1
generated_json/universe_prs.json,2022/10/14,292,142
generated_json/universe_prs.json,2022/10/14,1055,97
generated_json/universe_prs.json,2022/10/14,148,197
generated_json/autoware_documentation_prs.json,2022/10/14,1,3
generated_json/universe_prs.json,2022/10/14,102,9
generated_json/universe_prs.json,2022/10/14,71,120
generated_json/universe_prs.json,2022/10/15,10,0
generated_json/universe_prs.json,2022/10/15,27,12
generated_json/universe_prs.json,2022/10/15,283,355
generated_json/universe_prs.json,2022/10/15,20,18
generated_json/universe_prs.json,2022/10/17,1,1
generated_json/universe_prs.json,2022/10/17,12,0
generated_json/autoware_launch_prs.json,2022/10/17,3,3
generated_json/universe_prs.json,2022/10/17,131,0
generated_json/autoware_documentation_prs.json,2022/10/17,7,6
generated_json/universe_prs.json,2022/10/17,71,28
generated_json/universe_prs.json,2022/10/17,8,9
generated_json/universe_prs.json,2022/10/17,410,22
generated_json/universe_prs.json,2022/10/18,5,1
generated_json/universe_prs.json,2022/10/18,146,0
generated_json/universe_prs.json,2022/10/18,2,2
generated_json/universe_prs.json,2022/10/18,73,6
generated_json/universe_prs.json,2022/10/18,113,166
generated_json/universe_prs.json,2022/10/18,25,5
generated_json/universe_prs.json,2022/10/18,1,1
generated_json/universe_prs.json,2022/10/18,1,0
generated_json/universe_prs.json,2022/10/19,2,73
generated_json/universe_prs.json,2022/10/19,10,9
generated_json/universe_prs.json,2022/10/19,119,94
generated_json/universe_prs.json,2022/10/19,3,0
generated_json/universe_prs.json,2022/10/19,2,0
generated_json/universe_prs.json,2022/10/19,3,0
generated_json/universe_prs.json,2022/10/19,927,8
generated_json/universe_prs.json,2022/10/19,21,8
generated_json/universe_prs.json,2022/10/19,269,36
generated_json/universe_prs.json,2022/10/20,1,3
generated_json/universe_prs.json,2022/10/20,7,7
generated_json/universe_prs.json,2022/10/20,11,5
generated_json/universe_prs.json,2022/10/20,527,0
generated_json/universe_prs.json,2022/10/20,10,8
generated_json/universe_prs.json,2022/10/20,35,35
generated_json/universe_prs.json,2022/10/20,1,1
generated_json/universe_prs.json,2022/10/20,72,35
generated_json/autoware_documentation_prs.json,2022/10/20,4,0
generated_json/universe_prs.json,2022/10/20,245,38
generated_json/autoware_common_prs.json,2022/10/20,389,0
generated_json/universe_prs.json,2022/10/21,3,0
generated_json/autoware_launch_prs.json,2022/10/21,7,5
generated_json/universe_prs.json,2022/10/21,0,2
generated_json/universe_prs.json,2022/10/21,3,1
generated_json/universe_prs.json,2022/10/21,272,368
generated_json/universe_prs.json,2022/10/22,1,1
generated_json/autoware_core_prs.json,2022/10/22,1,1
generated_json/universe_prs.json,2022/10/24,0,1
generated_json/autoware_common_prs.json,2022/10/24,1,1
generated_json/universe_prs.json,2022/10/24,50,36
generated_json/universe_prs.json,2022/10/24,5,68
generated_json/universe_prs.json,2022/10/24,12,12
generated_json/universe_prs.json,2022/10/24,12,10
generated_json/universe_prs.json,2022/10/24,62,1
generated_json/universe_prs.json,2022/10/24,29,23
generated_json/autoware_documentation_prs.json,2022/10/24,96,2
generated_json/universe_prs.json,2022/10/24,178,188
generated_json/universe_prs.json,2022/10/24,2,0
generated_json/autoware_core_prs.json,2022/10/25,39,30
generated_json/universe_prs.json,2022/10/25,79,3
generated_json/universe_prs.json,2022/10/25,60,26
generated_json/universe_prs.json,2022/10/25,258,139
generated_json/universe_prs.json,2022/10/25,222,29
generated_json/universe_prs.json,2022/10/25,133,75
generated_json/autoware_common_prs.json,2022/10/26,1,1
generated_json/autoware_documentation_prs.json,2022/10/26,55,0
generated_json/autoware_documentation_prs.json,2022/10/26,197,4
generated_json/universe_prs.json,2022/10/26,2,0
generated_json/universe_prs.json,2022/10/26,10,1
generated_json/autoware_prs.json,2022/10/26,3,0
generated_json/universe_prs.json,2022/10/26,3,0
generated_json/universe_prs.json,2022/10/26,5,5
generated_json/universe_prs.json,2022/10/26,93,4
generated_json/autoware_documentation_prs.json,2022/10/26,5,5
generated_json/universe_prs.json,2022/10/26,14,17
generated_json/autoware_documentation_prs.json,2022/10/27,3,0
generated_json/autoware_common_prs.json,2022/10/27,3,0
generated_json/universe_prs.json,2022/10/27,6,3
generated_json/universe_prs.json,2022/10/27,37,12
generated_json/universe_prs.json,2022/10/27,1,1
generated_json/universe_prs.json,2022/10/27,2,2
generated_json/universe_prs.json,2022/10/27,104,36
generated_json/universe_prs.json,2022/10/27,20,1
generated_json/universe_prs.json,2022/10/27,20,32
generated_json/universe_prs.json,2022/10/27,1,1
generated_json/autoware_documentation_prs.json,2022/10/27,44,0
generated_json/universe_prs.json,2022/10/27,44735,15972
generated_json/universe_prs.json,2022/10/28,0,2
generated_json/autoware_documentation_prs.json,2022/10/28,15,2
generated_json/universe_prs.json,2022/10/28,331,150
generated_json/autoware_prs.json,2022/10/28,14,11
generated_json/autoware_documentation_prs.json,2022/10/31,3,0
generated_json/universe_prs.json,2022/10/31,170,100
generated_json/universe_prs.json,2022/10/31,8,8
generated_json/universe_prs.json,2022/10/31,113,0
generated_json/universe_prs.json,2022/10/31,354,67
generated_json/universe_prs.json,2022/10/31,29,15
generated_json/autoware_prs.json,2022/10/31,1,1
generated_json/universe_prs.json,2022/11/01,33,37
generated_json/universe_prs.json,2022/11/01,88,0
generated_json/universe_prs.json,2022/11/01,1,1
generated_json/universe_prs.json,2022/11/01,60,18
generated_json/universe_prs.json,2022/11/01,15,6
generated_json/universe_prs.json,2022/11/01,3,2
generated_json/universe_prs.json,2022/11/01,53,0
generated_json/universe_prs.json,2022/11/02,74,30
generated_json/universe_prs.json,2022/11/02,154,94
generated_json/universe_prs.json,2022/11/02,2,2
generated_json/universe_prs.json,2022/11/02,11,5
generated_json/autoware_launch_prs.json,2022/11/02,15,0
generated_json/universe_prs.json,2022/11/02,25,47
generated_json/autoware_documentation_prs.json,2022/11/02,48,0
generated_json/universe_prs.json,2022/11/02,2,0
generated_json/autoware_launch_prs.json,2022/11/02,10,1
generated_json/universe_prs.json,2022/11/03,3,3
generated_json/universe_prs.json,2022/11/03,44,15
generated_json/universe_prs.json,2022/11/03,2,2
generated_json/universe_prs.json,2022/11/03,2,2
generated_json/universe_prs.json,2022/11/03,63,96
generated_json/autoware_documentation_prs.json,2022/11/03,15,5
generated_json/universe_prs.json,2022/11/03,83,0
generated_json/universe_prs.json,2022/11/04,8,4
generated_json/universe_prs.json,2022/11/04,54,18
generated_json/universe_prs.json,2022/11/04,394,272
generated_json/autoware_documentation_prs.json,2022/11/04,133,1
generated_json/autoware_common_prs.json,2022/11/06,13,2
generated_json/autoware_common_prs.json,2022/11/06,62,0
generated_json/universe_prs.json,2022/11/06,2,0
generated_json/autoware_common_prs.json,2022/11/06,1,0
generated_json/autoware_documentation_prs.json,2022/11/07,8,5777
generated_json/universe_prs.json,2022/11/07,1,1
generated_json/universe_prs.json,2022/11/07,2,2
generated_json/universe_prs.json,2022/11/07,15,0
generated_json/autoware_prs.json,2022/11/07,2,0
generated_json/universe_prs.json,2022/11/07,77,86
generated_json/universe_prs.json,2022/11/07,299,278
generated_json/universe_prs.json,2022/11/07,2,0
generated_json/autoware_documentation_prs.json,2022/11/07,2,0
generated_json/autoware_prs.json,2022/11/07,23,32
generated_json/universe_prs.json,2022/11/07,985,1054
generated_json/universe_prs.json,2022/11/07,20,40
generated_json/universe_prs.json,2022/11/07,9,12
generated_json/universe_prs.json,2022/11/07,0,773
generated_json/universe_prs.json,2022/11/07,354,374
generated_json/autoware_common_prs.json,2022/11/07,9,9
generated_json/universe_prs.json,2022/11/07,550,119
generated_json/autoware_common_prs.json,2022/11/08,6,1
generated_json/universe_prs.json,2022/11/08,0,1
generated_json/universe_prs.json,2022/11/08,2,2
generated_json/universe_prs.json,2022/11/08,2,0
generated_json/universe_prs.json,2022/11/08,13,38
generated_json/universe_prs.json,2022/11/08,176,113
generated_json/autoware_documentation_prs.json,2022/11/08,5,0
generated_json/autoware_prs.json,2022/11/08,20,0
generated_json/universe_prs.json,2022/11/08,88,0
generated_json/universe_prs.json,2022/11/08,3,1
generated_json/universe_prs.json,2022/11/08,5,2
generated_json/autoware_documentation_prs.json,2022/11/08,7,1
generated_json/autoware_launch_prs.json,2022/11/08,5,0
generated_json/universe_prs.json,2022/11/08,11,11
generated_json/autoware_msgs_prs.json,2022/11/08,7,7
generated_json/universe_prs.json,2022/11/08,1,1
generated_json/universe_prs.json,2022/11/08,102,25
generated_json/autoware_launch_prs.json,2022/11/08,1,1
generated_json/universe_prs.json,2022/11/08,1,1
generated_json/autoware_msgs_prs.json,2022/11/09,6,0
generated_json/universe_prs.json,2022/11/09,244,117
generated_json/autoware_documentation_prs.json,2022/11/09,5,1
generated_json/universe_prs.json,2022/11/09,6,2
generated_json/universe_prs.json,2022/11/09,6,6
generated_json/universe_prs.json,2022/11/09,16,6
generated_json/universe_prs.json,2022/11/10,29,2
generated_json/universe_prs.json,2022/11/10,35,5
generated_json/universe_prs.json,2022/11/10,6,430
generated_json/universe_prs.json,2022/11/11,4,3
generated_json/universe_prs.json,2022/11/11,58,0
generated_json/universe_prs.json,2022/11/11,33,39
generated_json/autoware_documentation_prs.json,2022/11/11,36,0
generated_json/universe_prs.json,2022/11/11,25,0
generated_json/autoware_prs.json,2022/11/11,11,29
generated_json/universe_prs.json,2022/11/11,39,48
generated_json/universe_prs.json,2022/11/11,27,0
generated_json/universe_prs.json,2022/11/12,7,8
generated_json/universe_prs.json,2022/11/12,0,2901
generated_json/universe_prs.json,2022/11/12,0,1
generated_json/universe_prs.json,2022/11/13,12,3
generated_json/universe_prs.json,2022/11/13,19,12
generated_json/universe_prs.json,2022/11/13,10,12
generated_json/universe_prs.json,2022/11/14,1,1
generated_json/universe_prs.json,2022/11/14,398,58
generated_json/universe_prs.json,2022/11/14,86,57
generated_json/universe_prs.json,2022/11/14,0,4
generated_json/autoware_documentation_prs.json,2022/11/14,1,1
generated_json/universe_prs.json,2022/11/14,3,2
generated_json/autoware_launch_prs.json,2022/11/14,12,0
generated_json/universe_prs.json,2022/11/14,0,5
generated_json/autoware_launch_prs.json,2022/11/14,1,1
generated_json/universe_prs.json,2022/11/15,155,74
generated_json/universe_prs.json,2022/11/15,57,16
generated_json/universe_prs.json,2022/11/15,5,5
generated_json/autoware_prs.json,2022/11/15,6,1
generated_json/autoware_prs.json,2022/11/15,33,0
generated_json/autoware_prs.json,2022/11/15,15,15
generated_json/universe_prs.json,2022/11/15,164,65
generated_json/universe_prs.json,2022/11/15,134,0
generated_json/autoware_prs.json,2022/11/15,3,0
generated_json/autoware_prs.json,2022/11/15,1,1
generated_json/universe_prs.json,2022/11/15,250,29
generated_json/universe_prs.json,2022/11/15,10,2
generated_json/universe_prs.json,2022/11/15,7,0
generated_json/universe_prs.json,2022/11/16,5,1
generated_json/universe_prs.json,2022/11/16,377,0
generated_json/universe_prs.json,2022/11/16,1,2
generated_json/autoware_documentation_prs.json,2022/11/16,4,4
generated_json/universe_prs.json,2022/11/16,1,1
generated_json/autoware_prs.json,2022/11/16,3,0
generated_json/universe_prs.json,2022/11/16,10,5
generated_json/universe_prs.json,2022/11/16,3856,0
generated_json/universe_prs.json,2022/11/16,9,43
generated_json/universe_prs.json,2022/11/17,9,5
generated_json/autoware_documentation_prs.json,2022/11/17,6,0
generated_json/universe_prs.json,2022/11/17,567,2562
generated_json/universe_prs.json,2022/11/17,76,4
generated_json/universe_prs.json,2022/11/17,1,1
generated_json/autoware_documentation_prs.json,2022/11/17,2373,439
generated_json/universe_prs.json,2022/11/17,38,0
generated_json/universe_prs.json,2022/11/17,1,0
generated_json/universe_prs.json,2022/11/17,161,161
generated_json/universe_prs.json,2022/11/18,68,86
generated_json/universe_prs.json,2022/11/18,12,8
generated_json/universe_prs.json,2022/11/18,2,2
generated_json/universe_prs.json,2022/11/18,346,122
generated_json/autoware_prs.json,2022/11/18,112,0
generated_json/autoware_prs.json,2022/11/18,1,1
generated_json/autoware_prs.json,2022/11/18,1,1
generated_json/universe_prs.json,2022/11/18,2,2
generated_json/universe_prs.json,2022/11/18,2,1
generated_json/universe_prs.json,2022/11/18,13,1
generated_json/universe_prs.json,2022/11/18,10,8
generated_json/autoware_documentation_prs.json,2022/11/19,2,2
generated_json/universe_prs.json,2022/11/19,225,61
generated_json/autoware_documentation_prs.json,2022/11/19,421,320
generated_json/universe_prs.json,2022/11/20,13,12
generated_json/universe_prs.json,2022/11/20,15,4
generated_json/universe_prs.json,2022/11/21,723,472
generated_json/autoware_prs.json,2022/11/21,0,4
generated_json/universe_prs.json,2022/11/21,330,0
generated_json/universe_prs.json,2022/11/21,2,2
generated_json/universe_prs.json,2022/11/21,508,20
generated_json/universe_prs.json,2022/11/21,1,18
generated_json/universe_prs.json,2022/11/21,0,1
generated_json/universe_prs.json,2022/11/21,36,13
generated_json/universe_prs.json,2022/11/21,4,2
generated_json/universe_prs.json,2022/11/21,9,1
generated_json/autoware_prs.json,2022/11/22,1,1
generated_json/universe_prs.json,2022/11/22,2,2
generated_json/universe_prs.json,2022/11/22,1,0
generated_json/autoware_common_prs.json,2022/11/22,1,0
generated_json/autoware_common_prs.json,2022/11/22,565,6
generated_json/universe_prs.json,2022/11/22,9,3
generated_json/universe_prs.json,2022/11/22,7,3
generated_json/autoware_common_prs.json,2022/11/23,4,4
generated_json/universe_prs.json,2022/11/23,2,2
generated_json/universe_prs.json,2022/11/23,135,135
generated_json/autoware_common_prs.json,2022/11/23,17,12
generated_json/universe_prs.json,2022/11/24,24,1
generated_json/universe_prs.json,2022/11/24,199,149
generated_json/universe_prs.json,2022/11/24,469,153
generated_json/universe_prs.json,2022/11/24,112,33
generated_json/autoware_documentation_prs.json,2022/11/24,2,2
generated_json/universe_prs.json,2022/11/24,34,1
generated_json/universe_prs.json,2022/11/24,567,0
generated_json/universe_prs.json,2022/11/24,2,0
generated_json/universe_prs.json,2022/11/24,2,2
generated_json/universe_prs.json,2022/11/24,5,14
generated_json/universe_prs.json,2022/11/24,2,12
generated_json/universe_prs.json,2022/11/24,2,17
generated_json/universe_prs.json,2022/11/24,3,12
generated_json/universe_prs.json,2022/11/24,1766,0
generated_json/universe_prs.json,2022/11/24,60,39
generated_json/universe_prs.json,2022/11/24,85,0
generated_json/universe_prs.json,2022/11/24,43,81
generated_json/universe_prs.json,2022/11/25,2,2
generated_json/autoware_documentation_prs.json,2022/11/25,1,1
generated_json/autoware_prs.json,2022/11/25,5,0
generated_json/universe_prs.json,2022/11/25,5,6
generated_json/universe_prs.json,2022/11/25,73,40
generated_json/autoware_documentation_prs.json,2022/11/25,8,1
generated_json/universe_prs.json,2022/11/25,120,15
generated_json/universe_prs.json,2022/11/26,6,5
generated_json/universe_prs.json,2022/11/28,9,0
generated_json/universe_prs.json,2022/11/28,8,2
generated_json/universe_prs.json,2022/11/28,2364,0
generated_json/universe_prs.json,2022/11/28,4,4
generated_json/universe_prs.json,2022/11/28,371,1
generated_json/universe_prs.json,2022/11/28,13,2
generated_json/autoware_common_prs.json,2022/11/28,2,1
generated_json/universe_prs.json,2022/11/28,6,7
generated_json/universe_prs.json,2022/11/28,1,0
generated_json/autoware_common_prs.json,2022/11/28,1,1
generated_json/universe_prs.json,2022/11/29,3,0
generated_json/universe_prs.json,2022/11/29,36,82
generated_json/universe_prs.json,2022/11/29,3,1
generated_json/universe_prs.json,2022/11/29,13,5
generated_json/autoware_documentation_prs.json,2022/11/29,1,1
generated_json/universe_prs.json,2022/11/29,12,0
generated_json/universe_prs.json,2022/11/29,17,10
generated_json/autoware_documentation_prs.json,2022/11/29,18,19
generated_json/universe_prs.json,2022/11/29,1,1
generated_json/universe_prs.json,2022/11/29,22,4
generated_json/universe_prs.json,2022/11/30,25,1
generated_json/universe_prs.json,2022/11/30,0,4
generated_json/universe_prs.json,2022/11/30,3,2
generated_json/autoware_launch_prs.json,2022/11/30,0,3
generated_json/autoware_documentation_prs.json,2022/11/30,17,17
generated_json/universe_prs.json,2022/11/30,0,877
generated_json/autoware_prs.json,2022/11/30,3,0
generated_json/universe_prs.json,2022/11/30,9,8
generated_json/autoware_prs.json,2022/11/30,64,21
generated_json/autoware_prs.json,2022/11/30,11,0
generated_json/universe_prs.json,2022/11/30,112,4
generated_json/autoware_common_prs.json,2022/11/30,3,23
generated_json/universe_prs.json,2022/11/30,7,76
generated_json/universe_prs.json,2022/11/30,4,0
generated_json/autoware_prs.json,2022/11/30,6,6
generated_json/universe_prs.json,2022/11/30,13,13
generated_json/autoware_prs.json,2022/11/30,0,210
generated_json/universe_prs.json,2022/11/30,15,4
generated_json/universe_prs.json,2022/11/30,34,15
generated_json/universe_prs.json,2022/11/30,14,13
generated_json/autoware_prs.json,2022/11/30,59,49
generated_json/autoware_prs.json,2022/11/30,15,9
generated_json/universe_prs.json,2022/12/01,5,1
generated_json/universe_prs.json,2022/12/01,2,0
generated_json/universe_prs.json,2022/12/01,169,1
generated_json/autoware_prs.json,2022/12/01,1,1
generated_json/autoware_common_prs.json,2022/12/01,1,1
generated_json/autoware_documentation_prs.json,2022/12/01,1,1
generated_json/autoware_launch_prs.json,2022/12/01,1,1
generated_json/universe_prs.json,2022/12/01,67,12
generated_json/autoware_core_prs.json,2022/12/01,1,0
generated_json/autoware_msgs_prs.json,2022/12/01,1,1
generated_json/universe_prs.json,2022/12/01,1,0
generated_json/universe_prs.json,2022/12/01,2,0
generated_json/universe_prs.json,2022/12/01,27,9
generated_json/universe_prs.json,2022/12/01,200,114
generated_json/universe_prs.json,2022/12/01,17,8
generated_json/autoware_documentation_prs.json,2022/12/01,1,0
generated_json/universe_prs.json,2022/12/01,8,0
generated_json/universe_prs.json,2022/12/01,420,136
generated_json/universe_prs.json,2022/12/01,0,4
generated_json/autoware_documentation_prs.json,2022/12/01,9,29
generated_json/autoware_documentation_prs.json,2022/12/01,1,10
generated_json/autoware_prs.json,2022/12/01,15,0
generated_json/universe_prs.json,2022/12/01,38,206
generated_json/universe_prs.json,2022/12/02,5,4
generated_json/universe_prs.json,2022/12/02,319,222
generated_json/universe_prs.json,2022/12/02,198,199
generated_json/autoware_prs.json,2022/12/02,7,4
generated_json/universe_prs.json,2022/12/02,1,0
generated_json/universe_prs.json,2022/12/02,309,42
generated_json/universe_prs.json,2022/12/02,8,4
generated_json/universe_prs.json,2022/12/02,41,178
generated_json/autoware_prs.json,2022/12/03,2,2
generated_json/autoware_prs.json,2022/12/04,1,1
generated_json/universe_prs.json,2022/12/04,15,10
generated_json/universe_prs.json,2022/12/04,33,0
generated_json/universe_prs.json,2022/12/04,1193,62
generated_json/autoware_prs.json,2022/12/05,1,1
generated_json/universe_prs.json,2022/12/05,1,0
generated_json/universe_prs.json,2022/12/05,1,1
generated_json/universe_prs.json,2022/12/05,5,14
generated_json/autoware_documentation_prs.json,2022/12/05,4,4
generated_json/universe_prs.json,2022/12/05,83,13
generated_json/universe_prs.json,2022/12/05,60,25
generated_json/universe_prs.json,2022/12/05,1,0
generated_json/autoware_launch_prs.json,2022/12/05,1,1
generated_json/universe_prs.json,2022/12/05,1,1
generated_json/universe_prs.json,2022/12/05,105,12
generated_json/universe_prs.json,2022/12/05,14,0
generated_json/universe_prs.json,2022/12/05,118,14
generated_json/universe_prs.json,2022/12/05,14,11
generated_json/universe_prs.json,2022/12/06,7,7
generated_json/universe_prs.json,2022/12/06,0,12
generated_json/autoware_launch_prs.json,2022/12/06,3,3
generated_json/universe_prs.json,2022/12/06,1,1
generated_json/universe_prs.json,2022/12/06,4,112
generated_json/universe_prs.json,2022/12/06,151,5
generated_json/universe_prs.json,2022/12/06,0,39
generated_json/universe_prs.json,2022/12/07,79,92
generated_json/autoware_documentation_prs.json,2022/12/07,73,1
generated_json/universe_prs.json,2022/12/07,2,1
generated_json/autoware_documentation_prs.json,2022/12/07,2,0
generated_json/universe_prs.json,2022/12/07,107,15
generated_json/universe_prs.json,2022/12/07,73,0
generated_json/universe_prs.json,2022/12/07,63,42
generated_json/universe_prs.json,2022/12/07,175,283
generated_json/universe_prs.json,2022/12/07,2,2
generated_json/autoware_launch_prs.json,2022/12/07,0,6
generated_json/universe_prs.json,2022/12/07,1,0
generated_json/universe_prs.json,2022/12/08,715,1654
generated_json/universe_prs.json,2022/12/08,1252,908
generated_json/universe_prs.json,2022/12/08,28,12
generated_json/universe_prs.json,2022/12/08,8,0
generated_json/autoware_documentation_prs.json,2022/12/08,33,2
generated_json/autoware_documentation_prs.json,2022/12/08,4,0
generated_json/universe_prs.json,2022/12/08,29,5
generated_json/autoware_documentation_prs.json,2022/12/08,90,0
generated_json/universe_prs.json,2022/12/09,0,1
generated_json/universe_prs.json,2022/12/09,559,0
generated_json/universe_prs.json,2022/12/09,1,1
generated_json/universe_prs.json,2022/12/09,7,0
generated_json/universe_prs.json,2022/12/09,18,1
generated_json/universe_prs.json,2022/12/11,103,67
generated_json/autoware_launch_prs.json,2022/12/11,72,3
generated_json/autoware_documentation_prs.json,2022/12/12,1203,172
generated_json/universe_prs.json,2022/12/12,27,8
generated_json/universe_prs.json,2022/12/12,14,11
generated_json/autoware_documentation_prs.json,2022/12/12,76,0
generated_json/autoware_launch_prs.json,2022/12/12,3,3
generated_json/autoware_prs.json,2022/12/12,2,2
generated_json/universe_prs.json,2022/12/12,3213,3
generated_json/autoware_prs.json,2022/12/12,5,5
generated_json/autoware_common_prs.json,2022/12/12,7,7
generated_json/autoware_launch_prs.json,2022/12/12,6,6
generated_json/universe_prs.json,2022/12/13,34,0
generated_json/universe_prs.json,2022/12/13,19,17
generated_json/universe_prs.json,2022/12/13,35,302
generated_json/universe_prs.json,2022/12/13,5,0
generated_json/universe_prs.json,2022/12/13,62,31
generated_json/universe_prs.json,2022/12/14,3,1
generated_json/universe_prs.json,2022/12/14,101,6
generated_json/universe_prs.json,2022/12/14,5,4
generated_json/universe_prs.json,2022/12/14,24,40
generated_json/universe_prs.json,2022/12/14,210,1
generated_json/universe_prs.json,2022/12/14,43,44
generated_json/universe_prs.json,2022/12/14,14,11
generated_json/universe_prs.json,2022/12/15,235,42
generated_json/universe_prs.json,2022/12/15,939,222
generated_json/universe_prs.json,2022/12/15,37,17
generated_json/universe_prs.json,2022/12/15,38,5
generated_json/universe_prs.json,2022/12/15,57,32
generated_json/universe_prs.json,2022/12/16,7,0
generated_json/universe_prs.json,2022/12/16,65,79
generated_json/universe_prs.json,2022/12/16,419,13
generated_json/universe_prs.json,2022/12/16,1007,187
generated_json/universe_prs.json,2022/12/16,0,24
generated_json/universe_prs.json,2022/12/18,65,3
generated_json/universe_prs.json,2022/12/18,247,150
generated_json/universe_prs.json,2022/12/18,42,25
generated_json/universe_prs.json,2022/12/18,2,0
generated_json/autoware_common_prs.json,2022/12/19,1,1
generated_json/universe_prs.json,2022/12/19,1,0
generated_json/universe_prs.json,2022/12/19,15,11
generated_json/universe_prs.json,2022/12/19,23,20
generated_json/universe_prs.json,2022/12/19,10,67
generated_json/universe_prs.json,2022/12/19,385,539
generated_json/universe_prs.json,2022/12/19,2,0
generated_json/universe_prs.json,2022/12/19,2338,0
generated_json/universe_prs.json,2022/12/20,3,7
generated_json/universe_prs.json,2022/12/20,243,291
generated_json/universe_prs.json,2022/12/20,18,8
generated_json/universe_prs.json,2022/12/20,844,22
generated_json/universe_prs.json,2022/12/20,215,177
generated_json/universe_prs.json,2022/12/20,832,58
generated_json/universe_prs.json,2022/12/20,28,37
generated_json/universe_prs.json,2022/12/20,3,0
generated_json/autoware_launch_prs.json,2022/12/20,23,1
generated_json/autoware_launch_prs.json,2022/12/20,105,1
generated_json/autoware_launch_prs.json,2022/12/20,416,1
generated_json/autoware_launch_prs.json,2022/12/20,202,1
generated_json/universe_prs.json,2022/12/20,21,129
generated_json/universe_prs.json,2022/12/20,11,15
generated_json/universe_prs.json,2022/12/20,27,190
generated_json/universe_prs.json,2022/12/20,39,409
generated_json/universe_prs.json,2022/12/20,5,42
generated_json/autoware_launch_prs.json,2022/12/20,36,2
generated_json/universe_prs.json,2022/12/20,2,0
generated_json/universe_prs.json,2022/12/20,129,1447
generated_json/autoware_launch_prs.json,2022/12/20,1209,3
generated_json/universe_prs.json,2022/12/20,39,324
generated_json/autoware_launch_prs.json,2022/12/20,309,2
generated_json/universe_prs.json,2022/12/20,6,5
generated_json/universe_prs.json,2022/12/20,19,19
generated_json/universe_prs.json,2022/12/21,1,0
generated_json/autoware_launch_prs.json,2022/12/21,14,0
generated_json/universe_prs.json,2022/12/21,0,1
generated_json/universe_prs.json,2022/12/21,137,5
generated_json/universe_prs.json,2022/12/21,1,1
generated_json/universe_prs.json,2022/12/21,14,4
generated_json/autoware_launch_prs.json,2022/12/21,1,1
generated_json/autoware_launch_prs.json,2022/12/21,1,2
generated_json/universe_prs.json,2022/12/21,0,26
generated_json/universe_prs.json,2022/12/21,27,2
generated_json/autoware_launch_prs.json,2022/12/21,15,0
generated_json/universe_prs.json,2022/12/21,3,0
generated_json/universe_prs.json,2022/12/21,17,13
generated_json/autoware_documentation_prs.json,2022/12/21,185,2
generated_json/universe_prs.json,2022/12/21,12,0
generated_json/autoware_documentation_prs.json,2022/12/21,4,0
generated_json/universe_prs.json,2022/12/21,8,8
generated_json/universe_prs.json,2022/12/22,16,2
generated_json/universe_prs.json,2022/12/22,2,0
generated_json/universe_prs.json,2022/12/22,3,3
generated_json/autoware_prs.json,2022/12/22,2,2
generated_json/universe_prs.json,2022/12/22,4,0
generated_json/universe_prs.json,2022/12/22,32,25
generated_json/universe_prs.json,2022/12/22,11,6
generated_json/autoware_launch_prs.json,2022/12/22,9,1
generated_json/universe_prs.json,2022/12/22,8,8
generated_json/universe_prs.json,2022/12/22,30,7
generated_json/autoware_launch_prs.json,2022/12/22,5,5
generated_json/universe_prs.json,2022/12/22,23,19
generated_json/autoware_launch_prs.json,2022/12/23,1,1
generated_json/autoware_msgs_prs.json,2022/12/23,1,1
generated_json/autoware_common_prs.json,2022/12/23,1,1
generated_json/autoware_core_prs.json,2022/12/23,9,9
generated_json/universe_prs.json,2022/12/23,2,1
generated_json/universe_prs.json,2022/12/23,40,1
generated_json/universe_prs.json,2022/12/23,6,0
generated_json/universe_prs.json,2022/12/23,3,3
generated_json/universe_prs.json,2022/12/23,1,0
generated_json/universe_prs.json,2022/12/23,18,1
generated_json/autoware_documentation_prs.json,2022/12/23,125,2
generated_json/universe_prs.json,2022/12/23,288,278
generated_json/universe_prs.json,2022/12/24,11,0
generated_json/universe_prs.json,2022/12/24,1464,728
generated_json/autoware_launch_prs.json,2022/12/24,12,3
generated_json/autoware_launch_prs.json,2022/12/25,17,2
generated_json/autoware_documentation_prs.json,2022/12/25,1,1
generated_json/autoware_launch_prs.json,2022/12/25,85,66
generated_json/autoware_documentation_prs.json,2022/12/26,64,2
generated_json/universe_prs.json,2022/12/26,46,4
generated_json/universe_prs.json,2022/12/26,1,1
generated_json/universe_prs.json,2022/12/26,15,53
generated_json/universe_prs.json,2022/12/26,1,1
generated_json/universe_prs.json,2022/12/26,109,95
generated_json/autoware_launch_prs.json,2022/12/26,13,40
generated_json/autoware_launch_prs.json,2022/12/26,15,2
generated_json/autoware_msgs_prs.json,2022/12/26,5,5
generated_json/universe_prs.json,2022/12/27,6,3
generated_json/universe_prs.json,2022/12/27,2,2
generated_json/universe_prs.json,2022/12/27,5,0
generated_json/universe_prs.json,2022/12/27,287,21
generated_json/universe_prs.json,2022/12/27,29,24
generated_json/universe_prs.json,2022/12/27,6,4
generated_json/universe_prs.json,2022/12/27,0,9
generated_json/universe_prs.json,2022/12/27,2,2
generated_json/universe_prs.json,2022/12/27,2,1
generated_json/universe_prs.json,2022/12/28,1,1
generated_json/autoware_launch_prs.json,2022/12/28,2,0
generated_json/universe_prs.json,2022/12/28,27,0
generated_json/universe_prs.json,2022/12/28,97,63
generated_json/universe_prs.json,2022/12/29,9,8
generated_json/autoware_documentation_prs.json,2022/12/29,191,136
generated_json/autoware_msgs_prs.json,2022/12/29,3,3
generated_json/autoware_documentation_prs.json,2022/12/29,4,1
generated_json/autoware_launch_prs.json,2022/12/29,2,0
generated_json/universe_prs.json,2022/12/30,4,2
generated_json/universe_prs.json,2022/12/30,62,29
generated_json/universe_prs.json,2022/12/30,96,16
generated_json/universe_prs.json,2023/01/02,0,1279
generated_json/universe_prs.json,2023/01/03,104,4
generated_json/autoware_documentation_prs.json,2023/01/04,8,8
generated_json/universe_prs.json,2023/01/04,1561,41
generated_json/universe_prs.json,2023/01/04,1,1
generated_json/autoware_launch_prs.json,2023/01/05,13,2
generated_json/autoware_launch_prs.json,2023/01/05,1,0
generated_json/universe_prs.json,2023/01/05,13,0
generated_json/autoware_launch_prs.json,2023/01/05,1,0
generated_json/universe_prs.json,2023/01/05,16,1
generated_json/universe_prs.json,2023/01/06,192,129
generated_json/autoware_common_prs.json,2023/01/06,78,10
generated_json/universe_prs.json,2023/01/06,3,1
generated_json/universe_prs.json,2023/01/07,19,10
generated_json/universe_prs.json,2023/01/08,65,2
generated_json/universe_prs.json,2023/01/08,95,443
generated_json/universe_prs.json,2023/01/09,12,5
generated_json/autoware_launch_prs.json,2023/01/09,13,4
generated_json/autoware_launch_prs.json,2023/01/10,6,0
generated_json/universe_prs.json,2023/01/10,20,7
generated_json/universe_prs.json,2023/01/10,1,5
generated_json/universe_prs.json,2023/01/10,22,1
generated_json/autoware_launch_prs.json,2023/01/10,3,0
generated_json/universe_prs.json,2023/01/10,2,2
generated_json/universe_prs.json,2023/01/10,104,0
generated_json/universe_prs.json,2023/01/10,96,152
generated_json/universe_prs.json,2023/01/10,81,31
generated_json/universe_prs.json,2023/01/10,13,4
generated_json/universe_prs.json,2023/01/11,296,0
generated_json/universe_prs.json,2023/01/11,34,16
generated_json/universe_prs.json,2023/01/11,6,0
generated_json/autoware_launch_prs.json,2023/01/11,47,16
generated_json/autoware_msgs_prs.json,2023/01/12,100,0
generated_json/universe_prs.json,2023/01/12,57,21
generated_json/autoware_documentation_prs.json,2023/01/12,11,0
generated_json/universe_prs.json,2023/01/12,1,4
generated_json/universe_prs.json,2023/01/12,10,6
generated_json/universe_prs.json,2023/01/12,12,6
generated_json/universe_prs.json,2023/01/12,7,7
generated_json/universe_prs.json,2023/01/12,4,1
generated_json/universe_prs.json,2023/01/12,47,43
generated_json/autoware_launch_prs.json,2023/01/12,3,0
generated_json/universe_prs.json,2023/01/12,38,0
generated_json/autoware_launch_prs.json,2023/01/12,6,0
generated_json/autoware_launch_prs.json,2023/01/13,57,0
generated_json/universe_prs.json,2023/01/13,120,72
generated_json/autoware_launch_prs.json,2023/01/13,1,1
generated_json/universe_prs.json,2023/01/13,49,22
generated_json/universe_prs.json,2023/01/14,5,5
generated_json/autoware_documentation_prs.json,2023/01/16,8,0
generated_json/universe_prs.json,2023/01/16,47,44
generated_json/universe_prs.json,2023/01/16,44,12
generated_json/universe_prs.json,2023/01/16,37,2
generated_json/autoware_prs.json,2023/01/16,396,347
generated_json/universe_prs.json,2023/01/16,2,1
generated_json/autoware_msgs_prs.json,2023/01/16,10,3
generated_json/universe_prs.json,2023/01/16,238,0
generated_json/autoware_launch_prs.json,2023/01/17,37,0
generated_json/universe_prs.json,2023/01/17,37,33
generated_json/autoware_launch_prs.json,2023/01/17,301,1
generated_json/autoware_documentation_prs.json,2023/01/17,1,0
generated_json/universe_prs.json,2023/01/17,22,10
generated_json/autoware_launch_prs.json,2023/01/17,1,0
generated_json/autoware_launch_prs.json,2023/01/17,0,13
generated_json/universe_prs.json,2023/01/17,14,15
generated_json/autoware_documentation_prs.json,2023/01/17,9,12
generated_json/universe_prs.json,2023/01/17,14,1
generated_json/autoware_launch_prs.json,2023/01/17,1,0
generated_json/autoware_launch_prs.json,2023/01/17,8,0
generated_json/autoware_launch_prs.json,2023/01/17,0,2
generated_json/universe_prs.json,2023/01/17,4,2
generated_json/universe_prs.json,2023/01/17,0,2
generated_json/universe_prs.json,2023/01/17,8,2
generated_json/universe_prs.json,2023/01/17,11,11
generated_json/universe_prs.json,2023/01/17,33,18
generated_json/autoware_launch_prs.json,2023/01/17,1,0
generated_json/autoware_launch_prs.json,2023/01/18,3,3
generated_json/universe_prs.json,2023/01/18,5,1
generated_json/universe_prs.json,2023/01/18,52,70
generated_json/universe_prs.json,2023/01/18,18,7
generated_json/universe_prs.json,2023/01/18,161,145
generated_json/universe_prs.json,2023/01/18,192,48
generated_json/universe_prs.json,2023/01/18,7,6
generated_json/universe_prs.json,2023/01/18,2,26
generated_json/universe_prs.json,2023/01/18,1,1
generated_json/universe_prs.json,2023/01/18,4,4
generated_json/universe_prs.json,2023/01/18,40,0
generated_json/universe_prs.json,2023/01/19,8,8
generated_json/autoware_launch_prs.json,2023/01/19,6,1
generated_json/universe_prs.json,2023/01/19,4,2
generated_json/universe_prs.json,2023/01/19,14,11
generated_json/autoware_launch_prs.json,2023/01/19,1,1
generated_json/universe_prs.json,2023/01/19,43,16
generated_json/autoware_launch_prs.json,2023/01/19,1,0
generated_json/universe_prs.json,2023/01/19,7,12
generated_json/universe_prs.json,2023/01/19,5,1
generated_json/universe_prs.json,2023/01/19,112,35
generated_json/universe_prs.json,2023/01/19,13,2
generated_json/universe_prs.json,2023/01/19,56,18
generated_json/autoware_launch_prs.json,2023/01/20,1,1
generated_json/universe_prs.json,2023/01/20,23,0
generated_json/autoware_launch_prs.json,2023/01/20,3,3
generated_json/autoware_launch_prs.json,2023/01/20,7,7
generated_json/autoware_launch_prs.json,2023/01/20,5,5
generated_json/universe_prs.json,2023/01/20,62,8
generated_json/autoware_launch_prs.json,2023/01/20,31,0
generated_json/universe_prs.json,2023/01/20,56,43
generated_json/universe_prs.json,2023/01/20,47,1
generated_json/universe_prs.json,2023/01/20,1,1
generated_json/universe_prs.json,2023/01/20,5,17
generated_json/universe_prs.json,2023/01/20,225,8
generated_json/autoware_common_prs.json,2023/01/20,2,0
generated_json/universe_prs.json,2023/01/21,21,21
generated_json/universe_prs.json,2023/01/21,7,2
generated_json/universe_prs.json,2023/01/23,1,0
generated_json/universe_prs.json,2023/01/23,5,0
generated_json/universe_prs.json,2023/01/23,16,85
generated_json/universe_prs.json,2023/01/23,1,0
generated_json/universe_prs.json,2023/01/23,52,16
generated_json/universe_prs.json,2023/01/23,8,9
generated_json/universe_prs.json,2023/01/23,50,94
generated_json/universe_prs.json,2023/01/23,155,57
generated_json/autoware_common_prs.json,2023/01/23,0,2
generated_json/autoware_common_prs.json,2023/01/23,3,0
generated_json/autoware_common_prs.json,2023/01/23,2,1
generated_json/autoware_common_prs.json,2023/01/23,3,0
generated_json/autoware_common_prs.json,2023/01/23,3,3
generated_json/universe_prs.json,2023/01/24,2,16
generated_json/universe_prs.json,2023/01/24,371,385
generated_json/universe_prs.json,2023/01/24,3,3
generated_json/autoware_launch_prs.json,2023/01/24,4,5
generated_json/universe_prs.json,2023/01/24,101,104
generated_json/universe_prs.json,2023/01/24,41,28
generated_json/autoware_launch_prs.json,2023/01/24,6,10
generated_json/universe_prs.json,2023/01/24,15,1
generated_json/autoware_launch_prs.json,2023/01/24,3,3
generated_json/universe_prs.json,2023/01/24,153,0
generated_json/autoware_launch_prs.json,2023/01/24,1,0
generated_json/universe_prs.json,2023/01/24,1,1
generated_json/universe_prs.json,2023/01/24,44,13
generated_json/autoware_common_prs.json,2023/01/24,75,0
generated_json/universe_prs.json,2023/01/24,1,0
generated_json/universe_prs.json,2023/01/24,2,0
generated_json/universe_prs.json,2023/01/24,1,0
generated_json/universe_prs.json,2023/01/24,1,0
generated_json/universe_prs.json,2023/01/24,1,0
generated_json/universe_prs.json,2023/01/24,1,0
generated_json/universe_prs.json,2023/01/24,1,0
generated_json/universe_prs.json,2023/01/24,2,0
generated_json/universe_prs.json,2023/01/24,1,13
generated_json/universe_prs.json,2023/01/25,109,210
generated_json/autoware_launch_prs.json,2023/01/25,11,23
generated_json/universe_prs.json,2023/01/25,278,4
generated_json/autoware_launch_prs.json,2023/01/25,7,31
generated_json/universe_prs.json,2023/01/25,54,14
generated_json/universe_prs.json,2023/01/25,49,40
generated_json/universe_prs.json,2023/01/26,110,14
generated_json/universe_prs.json,2023/01/26,1,1
generated_json/universe_prs.json,2023/01/26,1,1
generated_json/universe_prs.json,2023/01/26,3,0
generated_json/autoware_launch_prs.json,2023/01/26,2,0
generated_json/autoware_launch_prs.json,2023/01/27,1,0
generated_json/universe_prs.json,2023/01/27,4,2
generated_json/autoware_launch_prs.json,2023/01/27,3,3
generated_json/autoware_launch_prs.json,2023/01/27,8,0
generated_json/universe_prs.json,2023/01/27,1,1
generated_json/universe_prs.json,2023/01/27,1,0
generated_json/autoware_documentation_prs.json,2023/01/27,1,1
generated_json/universe_prs.json,2023/01/27,55,40
generated_json/universe_prs.json,2023/01/27,6,42
generated_json/universe_prs.json,2023/01/27,0,4
generated_json/universe_prs.json,2023/01/27,1,1
generated_json/universe_prs.json,2023/01/27,5,4
generated_json/universe_prs.json,2023/01/27,4,0
generated_json/universe_prs.json,2023/01/27,4,3
generated_json/universe_prs.json,2023/01/27,6,1
generated_json/universe_prs.json,2023/01/28,1,1
generated_json/universe_prs.json,2023/01/28,0,4
generated_json/universe_prs.json,2023/01/28,172,210
generated_json/autoware_documentation_prs.json,2023/01/28,63,18
generated_json/autoware_documentation_prs.json,2023/01/28,1,1
generated_json/universe_prs.json,2023/01/29,10399,4417
generated_json/universe_prs.json,2023/01/29,45,20
generated_json/universe_prs.json,2023/01/30,225,139
generated_json/universe_prs.json,2023/01/30,1,1
generated_json/autoware_common_prs.json,2023/01/30,1,1
generated_json/universe_prs.json,2023/01/30,15,14
generated_json/universe_prs.json,2023/01/30,10,4
generated_json/universe_prs.json,2023/01/30,157,6
generated_json/autoware_documentation_prs.json,2023/01/30,0,4
generated_json/universe_prs.json,2023/01/30,12,0
generated_json/universe_prs.json,2023/01/30,13,6
generated_json/autoware_prs.json,2023/01/31,4,4
generated_json/autoware_prs.json,2023/01/31,1,1
generated_json/autoware_documentation_prs.json,2023/01/31,1,0
generated_json/universe_prs.json,2023/01/31,1,0
generated_json/autoware_documentation_prs.json,2023/01/31,156,0
generated_json/universe_prs.json,2023/01/31,1,1
generated_json/universe_prs.json,2023/01/31,34,5
generated_json/universe_prs.json,2023/01/31,802,17
generated_json/universe_prs.json,2023/02/01,3,3
generated_json/autoware_launch_prs.json,2023/02/01,1,1
generated_json/universe_prs.json,2023/02/01,85,48
generated_json/universe_prs.json,2023/02/01,6,0
generated_json/universe_prs.json,2023/02/01,2,0
generated_json/universe_prs.json,2023/02/01,798,0
generated_json/universe_prs.json,2023/02/01,24,13
generated_json/autoware_launch_prs.json,2023/02/01,3,0
generated_json/universe_prs.json,2023/02/02,1,1
generated_json/universe_prs.json,2023/02/02,6831,7550
generated_json/universe_prs.json,2023/02/02,14,13
generated_json/autoware_documentation_prs.json,2023/02/02,10,4
generated_json/universe_prs.json,2023/02/02,24,27
generated_json/universe_prs.json,2023/02/02,235,167
generated_json/universe_prs.json,2023/02/02,12,4
generated_json/universe_prs.json,2023/02/02,353,216
generated_json/autoware_documentation_prs.json,2023/02/02,17,0
generated_json/autoware_launch_prs.json,2023/02/02,1,1
generated_json/universe_prs.json,2023/02/02,46,42
generated_json/autoware_launch_prs.json,2023/02/02,3,3
generated_json/universe_prs.json,2023/02/02,295,34
generated_json/autoware_documentation_prs.json,2023/02/02,44,0
generated_json/universe_prs.json,2023/02/02,10,4
generated_json/universe_prs.json,2023/02/03,31,7
generated_json/universe_prs.json,2023/02/03,1,1
generated_json/autoware_launch_prs.json,2023/02/03,7,30
generated_json/universe_prs.json,2023/02/03,1,19
generated_json/autoware_prs.json,2023/02/03,1,0
generated_json/autoware_common_prs.json,2023/02/03,2,0
generated_json/autoware_documentation_prs.json,2023/02/05,1,1
generated_json/universe_prs.json,2023/02/06,18,38
generated_json/autoware_prs.json,2023/02/06,13,1
generated_json/universe_prs.json,2023/02/06,1,0
generated_json/autoware_launch_prs.json,2023/02/06,13,13
generated_json/universe_prs.json,2023/02/06,74,43
generated_json/universe_prs.json,2023/02/06,22,7
generated_json/autoware_common_prs.json,2023/02/06,12,12
generated_json/universe_prs.json,2023/02/06,9,9
generated_json/universe_prs.json,2023/02/06,3,0
generated_json/universe_prs.json,2023/02/06,2,2
generated_json/universe_prs.json,2023/02/06,1,0
generated_json/universe_prs.json,2023/02/06,2,23
generated_json/autoware_launch_prs.json,2023/02/06,1,1
generated_json/universe_prs.json,2023/02/06,202,41
generated_json/universe_prs.json,2023/02/07,2,2
generated_json/universe_prs.json,2023/02/07,228,89
generated_json/universe_prs.json,2023/02/07,0,2
generated_json/universe_prs.json,2023/02/07,3,1
generated_json/universe_prs.json,2023/02/07,244,284
generated_json/universe_prs.json,2023/02/07,1,126
generated_json/universe_prs.json,2023/02/07,2,2
generated_json/universe_prs.json,2023/02/07,10,1
generated_json/universe_prs.json,2023/02/07,32,21
generated_json/universe_prs.json,2023/02/07,39,38
generated_json/universe_prs.json,2023/02/07,10,2
generated_json/autoware_launch_prs.json,2023/02/07,1,0
generated_json/universe_prs.json,2023/02/07,19,13
generated_json/universe_prs.json,2023/02/07,106,0
generated_json/universe_prs.json,2023/02/08,8,8
generated_json/universe_prs.json,2023/02/08,0,1
generated_json/universe_prs.json,2023/02/08,91,62
generated_json/autoware_documentation_prs.json,2023/02/08,173,1
generated_json/universe_prs.json,2023/02/08,459,177
generated_json/universe_prs.json,2023/02/08,6,6
generated_json/universe_prs.json,2023/02/08,35,0
generated_json/universe_prs.json,2023/02/08,16,0
generated_json/universe_prs.json,2023/02/08,3,19
generated_json/universe_prs.json,2023/02/08,77,4
generated_json/autoware_documentation_prs.json,2023/02/08,1,1
generated_json/universe_prs.json,2023/02/08,88,25
generated_json/autoware_prs.json,2023/02/08,12,0
generated_json/autoware_launch_prs.json,2023/02/08,230,1
generated_json/autoware_common_prs.json,2023/02/09,1,1
generated_json/autoware_prs.json,2023/02/09,0,1
generated_json/autoware_prs.json,2023/02/09,0,1
generated_json/autoware_common_prs.json,2023/02/09,37,0
generated_json/universe_prs.json,2023/02/09,21,6
generated_json/universe_prs.json,2023/02/09,1,1
generated_json/autoware_common_prs.json,2023/02/09,1,1
generated_json/universe_prs.json,2023/02/09,47,34
generated_json/universe_prs.json,2023/02/09,5,5
generated_json/autoware_documentation_prs.json,2023/02/09,1,1
generated_json/universe_prs.json,2023/02/09,14,5
generated_json/universe_prs.json,2023/02/09,4,1
generated_json/autoware_core_prs.json,2023/02/10,1,2
generated_json/universe_prs.json,2023/02/10,4,4
generated_json/universe_prs.json,2023/02/10,41,39
generated_json/universe_prs.json,2023/02/10,13,6
generated_json/universe_prs.json,2023/02/10,2,6
generated_json/universe_prs.json,2023/02/10,112,54
generated_json/universe_prs.json,2023/02/10,502,156
generated_json/autoware_launch_prs.json,2023/02/10,1,0
generated_json/universe_prs.json,2023/02/10,141,2
generated_json/universe_prs.json,2023/02/10,1,1
generated_json/universe_prs.json,2023/02/11,406,960
generated_json/universe_prs.json,2023/02/11,374,1115
generated_json/universe_prs.json,2023/02/12,1,1
generated_json/universe_prs.json,2023/02/13,3,1
generated_json/universe_prs.json,2023/02/13,63,37
generated_json/autoware_launch_prs.json,2023/02/13,32,0
generated_json/universe_prs.json,2023/02/13,2,0
generated_json/autoware_launch_prs.json,2023/02/13,12,7
generated_json/universe_prs.json,2023/02/13,0,844
generated_json/universe_prs.json,2023/02/13,305,2
generated_json/universe_prs.json,2023/02/13,69,50
generated_json/universe_prs.json,2023/02/13,917,126
generated_json/universe_prs.json,2023/02/13,352,174
generated_json/universe_prs.json,2023/02/13,4,2
generated_json/universe_prs.json,2023/02/14,1,1
generated_json/autoware_launch_prs.json,2023/02/14,27,0
generated_json/universe_prs.json,2023/02/14,11,8
generated_json/universe_prs.json,2023/02/14,59,197
generated_json/universe_prs.json,2023/02/14,301,0
generated_json/universe_prs.json,2023/02/15,221,0
generated_json/universe_prs.json,2023/02/15,6,6
generated_json/universe_prs.json,2023/02/15,65,65
generated_json/universe_prs.json,2023/02/15,10,0
generated_json/universe_prs.json,2023/02/15,3,6
generated_json/universe_prs.json,2023/02/15,3,0
generated_json/autoware_launch_prs.json,2023/02/15,21,49
generated_json/autoware_launch_prs.json,2023/02/15,2,2
generated_json/autoware_launch_prs.json,2023/02/15,0,57
generated_json/universe_prs.json,2023/02/15,28,10
generated_json/universe_prs.json,2023/02/15,25,5
generated_json/autoware_documentation_prs.json,2023/02/16,1188,0
generated_json/universe_prs.json,2023/02/16,302,0
generated_json/universe_prs.json,2023/02/16,9,9
generated_json/autoware_launch_prs.json,2023/02/16,81,5
generated_json/autoware_launch_prs.json,2023/02/16,16,0
generated_json/universe_prs.json,2023/02/16,246,210
generated_json/universe_prs.json,2023/02/17,1,1
generated_json/universe_prs.json,2023/02/17,0,44
generated_json/autoware_prs.json,2023/02/17,1,0
generated_json/universe_prs.json,2023/02/17,11,0
generated_json/autoware_launch_prs.json,2023/02/17,94,6
generated_json/universe_prs.json,2023/02/17,431,0
generated_json/universe_prs.json,2023/02/17,181,92
generated_json/universe_prs.json,2023/02/17,50,7
generated_json/autoware_launch_prs.json,2023/02/18,12,10
generated_json/autoware_msgs_prs.json,2023/02/18,28,12
generated_json/universe_prs.json,2023/02/18,2,2
generated_json/autoware_core_prs.json,2023/02/18,14,18
generated_json/universe_prs.json,2023/02/18,291,64
generated_json/universe_prs.json,2023/02/20,0,31
generated_json/universe_prs.json,2023/02/20,36,37
generated_json/universe_prs.json,2023/02/20,28,47
generated_json/autoware_launch_prs.json,2023/02/20,0,181
generated_json/universe_prs.json,2023/02/20,8413,21
generated_json/universe_prs.json,2023/02/20,403,298
generated_json/universe_prs.json,2023/02/20,12,7
generated_json/universe_prs.json,2023/02/20,1,0
generated_json/autoware_documentation_prs.json,2023/02/20,1,1
generated_json/autoware_launch_prs.json,2023/02/20,4,0
generated_json/universe_prs.json,2023/02/20,148,93
generated_json/universe_prs.json,2023/02/21,1427,31
generated_json/universe_prs.json,2023/02/21,0,2
generated_json/universe_prs.json,2023/02/21,49,46
generated_json/autoware_launch_prs.json,2023/02/21,2,0
generated_json/autoware_launch_prs.json,2023/02/21,8,0
generated_json/autoware_documentation_prs.json,2023/02/21,6212,8
generated_json/autoware_documentation_prs.json,2023/02/21,191,0
generated_json/universe_prs.json,2023/02/21,2,17
generated_json/autoware_launch_prs.json,2023/02/21,111,137
generated_json/universe_prs.json,2023/02/21,1,1
generated_json/universe_prs.json,2023/02/22,48,56
generated_json/universe_prs.json,2023/02/22,24,24
generated_json/universe_prs.json,2023/02/22,94,82
generated_json/universe_prs.json,2023/02/22,451,0
generated_json/autoware_launch_prs.json,2023/02/22,31,0
generated_json/universe_prs.json,2023/02/22,34,33
generated_json/universe_prs.json,2023/02/22,86,22
generated_json/universe_prs.json,2023/02/22,146,96
generated_json/autoware_launch_prs.json,2023/02/22,2,0
generated_json/universe_prs.json,2023/02/22,9,9
generated_json/universe_prs.json,2023/02/22,70,71
generated_json/autoware_launch_prs.json,2023/02/22,1,1
generated_json/autoware_launch_prs.json,2023/02/22,11,0
generated_json/universe_prs.json,2023/02/22,1,0
generated_json/universe_prs.json,2023/02/23,104,18
generated_json/autoware_launch_prs.json,2023/02/23,3,0
generated_json/universe_prs.json,2023/02/23,132,22
generated_json/universe_prs.json,2023/02/24,0,7
generated_json/universe_prs.json,2023/02/24,18,19
generated_json/universe_prs.json,2023/02/24,12,12
generated_json/universe_prs.json,2023/02/24,6,6
generated_json/universe_prs.json,2023/02/24,6,6
generated_json/universe_prs.json,2023/02/24,1,1
generated_json/universe_prs.json,2023/02/24,654,161
generated_json/autoware_launch_prs.json,2023/02/24,1,1
generated_json/universe_prs.json,2023/02/26,7,2
generated_json/universe_prs.json,2023/02/26,35,1
generated_json/universe_prs.json,2023/02/27,1,1
generated_json/autoware_prs.json,2023/02/27,6,1
generated_json/universe_prs.json,2023/02/27,20,9
generated_json/autoware_launch_prs.json,2023/02/27,4,3
generated_json/universe_prs.json,2023/02/27,2903,304
generated_json/autoware_launch_prs.json,2023/02/27,1,1
generated_json/universe_prs.json,2023/02/27,2,3
generated_json/universe_prs.json,2023/02/27,13,13
generated_json/universe_prs.json,2023/02/28,3,2
generated_json/universe_prs.json,2023/02/28,7,0
generated_json/universe_prs.json,2023/02/28,15,20
generated_json/autoware_documentation_prs.json,2023/02/28,46,0
generated_json/autoware_launch_prs.json,2023/02/28,12,0
generated_json/autoware_launch_prs.json,2023/02/28,34,0
generated_json/universe_prs.json,2023/02/28,1712,2073
generated_json/universe_prs.json,2023/02/28,126,366
generated_json/universe_prs.json,2023/02/28,10,10
generated_json/autoware_prs.json,2023/03/01,5,4
generated_json/universe_prs.json,2023/03/01,409,614
generated_json/universe_prs.json,2023/03/01,13,13
generated_json/universe_prs.json,2023/03/01,3,0
generated_json/universe_prs.json,2023/03/02,11,6
generated_json/universe_prs.json,2023/03/02,41,43
generated_json/universe_prs.json,2023/03/02,1,0
generated_json/universe_prs.json,2023/03/02,3,0
generated_json/universe_prs.json,2023/03/02,20,11
generated_json/universe_prs.json,2023/03/02,147,0
generated_json/universe_prs.json,2023/03/02,14,8
generated_json/universe_prs.json,2023/03/02,8,0
generated_json/universe_prs.json,2023/03/02,295,49
generated_json/universe_prs.json,2023/03/02,1,1
generated_json/universe_prs.json,2023/03/02,8,5
generated_json/autoware_prs.json,2023/03/02,3,4
generated_json/autoware_launch_prs.json,2023/03/02,10,3
generated_json/autoware_prs.json,2023/03/03,3,3
generated_json/autoware_common_prs.json,2023/03/03,4,4
generated_json/universe_prs.json,2023/03/03,7,2
generated_json/autoware_prs.json,2023/03/03,5,0
generated_json/universe_prs.json,2023/03/03,5,3
generated_json/universe_prs.json,2023/03/03,8,9
generated_json/universe_prs.json,2023/03/03,1,0
generated_json/universe_prs.json,2023/03/03,273,31
generated_json/autoware_launch_prs.json,2023/03/03,6,0
generated_json/universe_prs.json,2023/03/03,88,74
generated_json/universe_prs.json,2023/03/03,10,10
generated_json/universe_prs.json,2023/03/03,2449,498
generated_json/autoware_launch_prs.json,2023/03/03,31,0
generated_json/universe_prs.json,2023/03/05,69,27
generated_json/universe_prs.json,2023/03/05,126,100
generated_json/autoware_launch_prs.json,2023/03/06,8,0
generated_json/universe_prs.json,2023/03/06,240,51
generated_json/autoware_launch_prs.json,2023/03/06,6,0
generated_json/universe_prs.json,2023/03/06,253,76
generated_json/universe_prs.json,2023/03/06,1729,1517
generated_json/universe_prs.json,2023/03/06,3,3
generated_json/universe_prs.json,2023/03/06,7,5
generated_json/universe_prs.json,2023/03/06,5,2
generated_json/universe_prs.json,2023/03/06,1,0
generated_json/universe_prs.json,2023/03/06,1,3
generated_json/autoware_core_prs.json,2023/03/06,11,11
generated_json/autoware_launch_prs.json,2023/03/06,4,4
generated_json/universe_prs.json,2023/03/06,157,68
generated_json/universe_prs.json,2023/03/07,31,17
generated_json/universe_prs.json,2023/03/07,219,42
generated_json/universe_prs.json,2023/03/07,9,12
generated_json/universe_prs.json,2023/03/07,12,9
generated_json/universe_prs.json,2023/03/07,31,26
generated_json/autoware_launch_prs.json,2023/03/07,7,1
generated_json/autoware_ai_common_prs.json,2023/03/07,14,0
generated_json/universe_prs.json,2023/03/08,1,1
generated_json/universe_prs.json,2023/03/08,1,5
generated_json/universe_prs.json,2023/03/08,1,0
generated_json/autoware_launch_prs.json,2023/03/08,0,4
generated_json/universe_prs.json,2023/03/08,2694,0
generated_json/universe_prs.json,2023/03/08,1,0
generated_json/universe_prs.json,2023/03/08,11,13
generated_json/universe_prs.json,2023/03/08,4,6
generated_json/universe_prs.json,2023/03/08,2,0
generated_json/universe_prs.json,2023/03/08,1416,0
generated_json/universe_prs.json,2023/03/08,329,170
generated_json/universe_prs.json,2023/03/08,33,14
generated_json/autoware_launch_prs.json,2023/03/09,5,5
generated_json/autoware_launch_prs.json,2023/03/09,1,1
generated_json/universe_prs.json,2023/03/09,0,1
generated_json/universe_prs.json,2023/03/09,23,9
generated_json/universe_prs.json,2023/03/09,64,0
generated_json/universe_prs.json,2023/03/09,56,55
generated_json/autoware_launch_prs.json,2023/03/09,70,15
generated_json/universe_prs.json,2023/03/09,30,45
generated_json/autoware_launch_prs.json,2023/03/09,24,0
generated_json/autoware_prs.json,2023/03/09,1,0
generated_json/autoware_documentation_prs.json,2023/03/09,138,0
generated_json/universe_prs.json,2023/03/09,18,3
generated_json/universe_prs.json,2023/03/10,86,1
generated_json/universe_prs.json,2023/03/10,15,0
generated_json/universe_prs.json,2023/03/10,5,2
generated_json/autoware_launch_prs.json,2023/03/10,92,0
generated_json/universe_prs.json,2023/03/10,92,287
generated_json/universe_prs.json,2023/03/10,177,178
generated_json/autoware_launch_prs.json,2023/03/10,1,0
generated_json/autoware_launch_prs.json,2023/03/10,3,1
generated_json/universe_prs.json,2023/03/10,1,0
generated_json/universe_prs.json,2023/03/10,80,35
generated_json/autoware_launch_prs.json,2023/03/10,19,1
generated_json/autoware_ai_utilities_prs.json,2023/03/10,14,0
generated_json/autoware_ai_drivers_prs.json,2023/03/10,14,0
generated_json/autoware_ai_visualization_prs.json,2023/03/10,14,0
generated_json/autoware_ai_simulation_prs.json,2023/03/10,14,0
generated_json/autoware_ai_messages_prs.json,2023/03/10,14,0
generated_json/autoware_ai_planning_prs.json,2023/03/10,14,0
generated_json/autoware_ai_perception_prs.json,2023/03/10,14,0
generated_json/universe_prs.json,2023/03/10,268,52
generated_json/universe_prs.json,2023/03/10,339,202
generated_json/universe_prs.json,2023/03/11,4,2
generated_json/universe_prs.json,2023/03/11,1,1
generated_json/universe_prs.json,2023/03/11,3,18
generated_json/universe_prs.json,2023/03/11,111,261
generated_json/autoware_launch_prs.json,2023/03/11,1,1
generated_json/universe_prs.json,2023/03/12,59,1
generated_json/autoware_documentation_prs.json,2023/03/12,772,2
generated_json/universe_prs.json,2023/03/12,181,86
generated_json/universe_prs.json,2023/03/13,9,0
generated_json/universe_prs.json,2023/03/13,18,12
generated_json/autoware_prs.json,2023/03/13,117,37
generated_json/universe_prs.json,2023/03/13,1481,152
generated_json/universe_prs.json,2023/03/13,2,2
generated_json/universe_prs.json,2023/03/13,1,4
generated_json/universe_prs.json,2023/03/13,226,57
generated_json/universe_prs.json,2023/03/14,1,0
generated_json/universe_prs.json,2023/03/14,2,0
generated_json/universe_prs.json,2023/03/14,1,0
generated_json/universe_prs.json,2023/03/14,1,0
generated_json/universe_prs.json,2023/03/14,8,8
generated_json/autoware_launch_prs.json,2023/03/14,4,0
generated_json/universe_prs.json,2023/03/14,160,1
generated_json/autoware_launch_prs.json,2023/03/14,1,1
generated_json/universe_prs.json,2023/03/14,654,2
generated_json/universe_prs.json,2023/03/14,4,1
generated_json/universe_prs.json,2023/03/14,14,5
generated_json/universe_prs.json,2023/03/14,6,0
generated_json/autoware_launch_prs.json,2023/03/14,2,0
generated_json/autoware_launch_prs.json,2023/03/14,3,1
generated_json/universe_prs.json,2023/03/15,4,0
generated_json/universe_prs.json,2023/03/15,29,25
generated_json/universe_prs.json,2023/03/15,1,5
generated_json/autoware_common_prs.json,2023/03/15,5,0
generated_json/universe_prs.json,2023/03/15,51,76
generated_json/universe_prs.json,2023/03/15,0,3
generated_json/autoware_common_prs.json,2023/03/16,21,1
generated_json/universe_prs.json,2023/03/16,64,5
generated_json/autoware_launch_prs.json,2023/03/16,5,4
generated_json/universe_prs.json,2023/03/16,1001,248
generated_json/universe_prs.json,2023/03/16,2,17
generated_json/autoware_documentation_prs.json,2023/03/16,4,0
generated_json/universe_prs.json,2023/03/16,71,60
generated_json/universe_prs.json,2023/03/16,2,2
generated_json/universe_prs.json,2023/03/16,2,0
generated_json/universe_prs.json,2023/03/16,41,3
generated_json/universe_prs.json,2023/03/16,1,0
generated_json/universe_prs.json,2023/03/16,4,4
generated_json/universe_prs.json,2023/03/16,41,3
generated_json/universe_prs.json,2023/03/16,2,2
generated_json/universe_prs.json,2023/03/17,2,1
generated_json/autoware_launch_prs.json,2023/03/17,50,4
generated_json/autoware_launch_prs.json,2023/03/17,4,0
generated_json/autoware_launch_prs.json,2023/03/17,1,1
generated_json/universe_prs.json,2023/03/17,32,15
generated_json/universe_prs.json,2023/03/17,142,8
generated_json/universe_prs.json,2023/03/17,4,0
generated_json/universe_prs.json,2023/03/17,6,6
generated_json/universe_prs.json,2023/03/17,1,0
generated_json/universe_prs.json,2023/03/17,11,2
generated_json/autoware_launch_prs.json,2023/03/17,1,0
generated_json/universe_prs.json,2023/03/17,8,0
generated_json/universe_prs.json,2023/03/17,60,4
generated_json/universe_prs.json,2023/03/17,9,3
generated_json/universe_prs.json,2023/03/17,77,27
generated_json/universe_prs.json,2023/03/17,22,9
generated_json/autoware_launch_prs.json,2023/03/17,2,0
generated_json/universe_prs.json,2023/03/18,5,5
generated_json/universe_prs.json,2023/03/18,2,2
generated_json/autoware_prs.json,2023/03/19,1,1
generated_json/universe_prs.json,2023/03/19,11,4
generated_json/autoware_prs.json,2023/03/20,11,0
generated_json/universe_prs.json,2023/03/20,1,1
generated_json/universe_prs.json,2023/03/20,6,7
generated_json/autoware_common_prs.json,2023/03/21,5,5
generated_json/universe_prs.json,2023/03/21,1818,1
generated_json/universe_prs.json,2023/03/21,3,4
generated_json/autoware_launch_prs.json,2023/03/21,64,1
generated_json/universe_prs.json,2023/03/21,7,2
generated_json/universe_prs.json,2023/03/21,21,21
generated_json/universe_prs.json,2023/03/21,20,20
generated_json/autoware_documentation_prs.json,2023/03/21,14,6211
generated_json/universe_prs.json,2023/03/21,425,8
generated_json/universe_prs.json,2023/03/22,8,2
generated_json/universe_prs.json,2023/03/22,3,0
generated_json/autoware_launch_prs.json,2023/03/22,4,4
generated_json/universe_prs.json,2023/03/22,3,0
generated_json/autoware_launch_prs.json,2023/03/22,3,3
generated_json/universe_prs.json,2023/03/22,151,197
generated_json/autoware_documentation_prs.json,2023/03/22,11,1
generated_json/universe_prs.json,2023/03/22,0,50
generated_json/universe_prs.json,2023/03/22,0,48
generated_json/universe_prs.json,2023/03/22,0,48
generated_json/universe_prs.json,2023/03/22,0,47
generated_json/universe_prs.json,2023/03/22,0,55
generated_json/universe_prs.json,2023/03/22,0,43
generated_json/universe_prs.json,2023/03/23,23,23
generated_json/universe_prs.json,2023/03/23,336,133
generated_json/universe_prs.json,2023/03/23,19,2
generated_json/universe_prs.json,2023/03/23,6,7
generated_json/universe_prs.json,2023/03/23,16,2
generated_json/universe_prs.json,2023/03/23,1,1
generated_json/universe_prs.json,2023/03/23,1,1
generated_json/universe_prs.json,2023/03/23,0,562
generated_json/universe_prs.json,2023/03/23,1,0
generated_json/autoware_documentation_prs.json,2023/03/23,206,0
generated_json/universe_prs.json,2023/03/23,112,0
generated_json/universe_prs.json,2023/03/23,116,0
generated_json/autoware_msgs_prs.json,2023/03/23,4,0
generated_json/autoware_prs.json,2023/03/23,3,5
generated_json/universe_prs.json,2023/03/24,10,0
generated_json/autoware_launch_prs.json,2023/03/24,3,5
generated_json/autoware_launch_prs.json,2023/03/24,18,9
generated_json/autoware_prs.json,2023/03/26,14,17
generated_json/universe_prs.json,2023/03/26,4,4
generated_json/autoware_common_prs.json,2023/03/26,6,6
generated_json/universe_prs.json,2023/03/27,0,161
generated_json/universe_prs.json,2023/03/27,11,15
generated_json/universe_prs.json,2023/03/27,0,1
generated_json/universe_prs.json,2023/03/27,0,1
generated_json/universe_prs.json,2023/03/27,0,1
generated_json/universe_prs.json,2023/03/27,322,3
generated_json/universe_prs.json,2023/03/27,407,0
generated_json/universe_prs.json,2023/03/27,2,1
generated_json/universe_prs.json,2023/03/27,2,1
generated_json/universe_prs.json,2023/03/27,352,54
generated_json/autoware_launch_prs.json,2023/03/27,2,1
generated_json/universe_prs.json,2023/03/27,177,81
generated_json/universe_prs.json,2023/03/27,10,12
generated_json/universe_prs.json,2023/03/27,1,1
generated_json/universe_prs.json,2023/03/28,9,7
generated_json/universe_prs.json,2023/03/28,1,1
generated_json/universe_prs.json,2023/03/28,2,1
generated_json/universe_prs.json,2023/03/28,1,1
generated_json/universe_prs.json,2023/03/28,5,5
generated_json/universe_prs.json,2023/03/28,10,10
generated_json/autoware_msgs_prs.json,2023/03/28,4,0
generated_json/universe_prs.json,2023/03/28,1916,1
generated_json/autoware_launch_prs.json,2023/03/28,65,0
generated_json/autoware_msgs_prs.json,2023/03/28,2,0
generated_json/autoware_prs.json,2023/03/28,360,0
generated_json/universe_prs.json,2023/03/28,19,9
generated_json/universe_prs.json,2023/03/28,2,0
generated_json/universe_prs.json,2023/03/28,68,7
generated_json/universe_prs.json,2023/03/28,16,4
generated_json/universe_prs.json,2023/03/28,35,0
generated_json/universe_prs.json,2023/03/29,7,2
generated_json/universe_prs.json,2023/03/29,43,8
generated_json/autoware_prs.json,2023/03/29,2,2
generated_json/universe_prs.json,2023/03/29,187,180
generated_json/universe_prs.json,2023/03/29,8,5
generated_json/autoware_documentation_prs.json,2023/03/29,9,1
generated_json/universe_prs.json,2023/03/29,301,42
generated_json/universe_prs.json,2023/03/29,3,2
generated_json/universe_prs.json,2023/03/29,5,0
generated_json/autoware_prs.json,2023/03/29,0,5
generated_json/autoware_prs.json,2023/03/29,1,1
generated_json/autoware_prs.json,2023/03/29,1,1
generated_json/autoware_documentation_prs.json,2023/03/29,1,1
generated_json/universe_prs.json,2023/03/29,18,16
generated_json/universe_prs.json,2023/03/29,362,149
generated_json/autoware_documentation_prs.json,2023/03/30,2,7
generated_json/universe_prs.json,2023/03/30,1,1
generated_json/autoware_common_prs.json,2023/03/30,1,1
generated_json/universe_prs.json,2023/03/30,2,7
generated_json/autoware_common_prs.json,2023/03/30,2,7
generated_json/universe_prs.json,2023/03/30,96,5
generated_json/universe_prs.json,2023/03/30,113,0
generated_json/autoware_launch_prs.json,2023/03/30,56,51
generated_json/autoware_documentation_prs.json,2023/03/30,20,0
generated_json/universe_prs.json,2023/03/30,445,651
generated_json/autoware_documentation_prs.json,2023/03/30,103,0
generated_json/autoware_prs.json,2023/03/30,7,0
generated_json/universe_prs.json,2023/03/30,30,31
generated_json/universe_prs.json,2023/03/30,126,0
generated_json/universe_prs.json,2023/03/31,1345,344
generated_json/autoware_common_prs.json,2023/03/31,50,12
generated_json/universe_prs.json,2023/03/31,250,152
generated_json/autoware_launch_prs.json,2023/03/31,1,1
generated_json/universe_prs.json,2023/03/31,15,12
generated_json/universe_prs.json,2023/03/31,0,4
generated_json/universe_prs.json,2023/03/31,9,9
generated_json/universe_prs.json,2023/03/31,202,152
generated_json/universe_prs.json,2023/03/31,1,0
generated_json/autoware_launch_prs.json,2023/03/31,16,1
generated_json/universe_prs.json,2023/03/31,84,81
generated_json/autoware_documentation_prs.json,2023/03/31,4,3
generated_json/universe_prs.json,2023/04/01,541,114
generated_json/universe_prs.json,2023/04/01,63,90
generated_json/universe_prs.json,2023/04/01,194,234
generated_json/autoware_core_prs.json,2023/04/02,7,0
generated_json/autoware_launch_prs.json,2023/04/03,3,2
generated_json/universe_prs.json,2023/04/03,1,1
generated_json/universe_prs.json,2023/04/03,3,3
generated_json/universe_prs.json,2023/04/03,31,31
generated_json/universe_prs.json,2023/04/03,6,3
generated_json/universe_prs.json,2023/04/03,5,23
generated_json/universe_prs.json,2023/04/03,86,15
generated_json/universe_prs.json,2023/04/03,10,0
generated_json/universe_prs.json,2023/04/03,7,0
generated_json/universe_prs.json,2023/04/03,1,1
generated_json/autoware_launch_prs.json,2023/04/03,2,2
generated_json/universe_prs.json,2023/04/03,159,0
generated_json/universe_prs.json,2023/04/03,9,82
generated_json/universe_prs.json,2023/04/03,55,155
generated_json/autoware_common_prs.json,2023/04/04,7,0
generated_json/universe_prs.json,2023/04/04,0,19
generated_json/universe_prs.json,2023/04/04,9,0
generated_json/universe_prs.json,2023/04/04,10,54
generated_json/universe_prs.json,2023/04/04,18,18
generated_json/universe_prs.json,2023/04/04,1,1
generated_json/universe_prs.json,2023/04/04,54,41
generated_json/universe_prs.json,2023/04/04,46,64
generated_json/autoware_launch_prs.json,2023/04/04,4,4
generated_json/universe_prs.json,2023/04/04,13,21
generated_json/universe_prs.json,2023/04/04,4,29
generated_json/universe_prs.json,2023/04/04,4,2
generated_json/autoware_launch_prs.json,2023/04/04,1,0
generated_json/autoware_launch_prs.json,2023/04/05,1,1
generated_json/universe_prs.json,2023/04/05,4,48
generated_json/universe_prs.json,2023/04/05,230,0
generated_json/universe_prs.json,2023/04/05,39,65
generated_json/universe_prs.json,2023/04/05,1,4
generated_json/universe_prs.json,2023/04/05,20,3
generated_json/universe_prs.json,2023/04/05,147,1
generated_json/universe_prs.json,2023/04/05,270,402
generated_json/universe_prs.json,2023/04/05,35,37
generated_json/universe_prs.json,2023/04/05,2,0
generated_json/universe_prs.json,2023/04/05,15,1
generated_json/autoware_prs.json,2023/04/05,1,1
generated_json/universe_prs.json,2023/04/05,89,0
generated_json/universe_prs.json,2023/04/05,4,107
generated_json/universe_prs.json,2023/04/05,18,10
generated_json/universe_prs.json,2023/04/05,201,9
generated_json/universe_prs.json,2023/04/05,160,87
generated_json/universe_prs.json,2023/04/05,9,5
generated_json/universe_prs.json,2023/04/05,54,0
generated_json/universe_prs.json,2023/04/05,4,47
generated_json/universe_prs.json,2023/04/06,125,44
generated_json/autoware_launch_prs.json,2023/04/06,11,1
generated_json/universe_prs.json,2023/04/06,66,19
generated_json/autoware_launch_prs.json,2023/04/06,0,22
generated_json/universe_prs.json,2023/04/06,9,0
generated_json/universe_prs.json,2023/04/06,1,5
generated_json/universe_prs.json,2023/04/06,53,9
generated_json/universe_prs.json,2023/04/06,59,15
generated_json/universe_prs.json,2023/04/06,53,6
generated_json/universe_prs.json,2023/04/06,55,56
generated_json/autoware_launch_prs.json,2023/04/06,4,4
generated_json/universe_prs.json,2023/04/06,10,34
generated_json/universe_prs.json,2023/04/06,9,9
generated_json/universe_prs.json,2023/04/06,15,4
generated_json/autoware_launch_prs.json,2023/04/06,4,2
generated_json/autoware_launch_prs.json,2023/04/07,2,2
generated_json/universe_prs.json,2023/04/07,67,66
generated_json/universe_prs.json,2023/04/07,97,0
generated_json/universe_prs.json,2023/04/07,60,29
generated_json/universe_prs.json,2023/04/07,92,94
generated_json/universe_prs.json,2023/04/07,14,14
generated_json/universe_prs.json,2023/04/07,278,0
generated_json/universe_prs.json,2023/04/07,1573,61
generated_json/autoware_msgs_prs.json,2023/04/07,38,5
generated_json/universe_prs.json,2023/04/07,22,32
generated_json/autoware_launch_prs.json,2023/04/07,1,0
generated_json/universe_prs.json,2023/04/07,1,1
generated_json/universe_prs.json,2023/04/07,2,2
generated_json/universe_prs.json,2023/04/07,3,32
generated_json/autoware_launch_prs.json,2023/04/07,40,11
generated_json/universe_prs.json,2023/04/08,5,40
generated_json/autoware_launch_prs.json,2023/04/08,127,95
generated_json/universe_prs.json,2023/04/08,14,94
generated_json/universe_prs.json,2023/04/08,341,2803
generated_json/universe_prs.json,2023/04/08,4,9
generated_json/universe_prs.json,2023/04/09,24,5
generated_json/universe_prs.json,2023/04/09,36,41
generated_json/universe_prs.json,2023/04/09,5,34
generated_json/universe_prs.json,2023/04/09,1,9
generated_json/universe_prs.json,2023/04/10,2,1
generated_json/universe_prs.json,2023/04/10,3,1
generated_json/universe_prs.json,2023/04/10,1,1
generated_json/universe_prs.json,2023/04/10,1,1
generated_json/universe_prs.json,2023/04/10,427,387
generated_json/universe_prs.json,2023/04/10,56,56
generated_json/universe_prs.json,2023/04/10,12,4
generated_json/universe_prs.json,2023/04/10,17,0
generated_json/universe_prs.json,2023/04/10,29,9
generated_json/universe_prs.json,2023/04/10,1,0
generated_json/universe_prs.json,2023/04/10,12,0
generated_json/universe_prs.json,2023/04/10,380,66
generated_json/autoware_launch_prs.json,2023/04/10,10,10
generated_json/universe_prs.json,2023/04/10,4,2
generated_json/autoware_documentation_prs.json,2023/04/10,8,0
generated_json/universe_prs.json,2023/04/10,3,3
generated_json/universe_prs.json,2023/04/10,1,5
generated_json/autoware_launch_prs.json,2023/04/10,5,5
generated_json/universe_prs.json,2023/04/10,68,68
generated_json/universe_prs.json,2023/04/10,203,19
generated_json/universe_prs.json,2023/04/10,18,20
generated_json/autoware_prs.json,2023/04/11,2,2
generated_json/universe_prs.json,2023/04/11,7,2
generated_json/universe_prs.json,2023/04/11,2,2
generated_json/universe_prs.json,2023/04/11,3,3
generated_json/universe_prs.json,2023/04/11,19,23
generated_json/universe_prs.json,2023/04/11,579,940
generated_json/autoware_documentation_prs.json,2023/04/11,1,1
generated_json/universe_prs.json,2023/04/11,0,0
generated_json/universe_prs.json,2023/04/11,7,7
generated_json/universe_prs.json,2023/04/11,1,1
generated_json/universe_prs.json,2023/04/11,5,0
generated_json/universe_prs.json,2023/04/11,1,1
generated_json/universe_prs.json,2023/04/11,560,8
generated_json/universe_prs.json,2023/04/11,1,1
generated_json/universe_prs.json,2023/04/11,3,5
generated_json/universe_prs.json,2023/04/11,134,12
generated_json/universe_prs.json,2023/04/11,2,0
generated_json/universe_prs.json,2023/04/11,66,0
generated_json/universe_prs.json,2023/04/11,32,22
generated_json/autoware_common_prs.json,2023/04/12,13,13
generated_json/autoware_launch_prs.json,2023/04/12,17,1
generated_json/universe_prs.json,2023/04/12,91,31
generated_json/universe_prs.json,2023/04/12,8391,91
generated_json/universe_prs.json,2023/04/12,517,227
generated_json/universe_prs.json,2023/04/12,1218,67
generated_json/universe_prs.json,2023/04/12,2,1
generated_json/universe_prs.json,2023/04/12,9,9
generated_json/universe_prs.json,2023/04/12,31,13
generated_json/universe_prs.json,2023/04/12,33,15
generated_json/universe_prs.json,2023/04/12,1,1
generated_json/autoware_documentation_prs.json,2023/04/12,8,0
generated_json/universe_prs.json,2023/04/12,110,0
generated_json/universe_prs.json,2023/04/12,17,6
generated_json/universe_prs.json,2023/04/12,9,8
generated_json/universe_prs.json,2023/04/12,20,99
generated_json/universe_prs.json,2023/04/12,128,0
generated_json/universe_prs.json,2023/04/12,1,2
generated_json/universe_prs.json,2023/04/12,360,210
generated_json/universe_prs.json,2023/04/12,16,15
generated_json/universe_prs.json,2023/04/12,1,0
generated_json/universe_prs.json,2023/04/12,169,9
generated_json/autoware_prs.json,2023/04/13,14,0
generated_json/universe_prs.json,2023/04/13,14,0
generated_json/autoware_launch_prs.json,2023/04/13,14,0
generated_json/universe_prs.json,2023/04/13,1,0
generated_json/universe_prs.json,2023/04/13,162,44
generated_json/universe_prs.json,2023/04/13,20,45
generated_json/autoware_launch_prs.json,2023/04/13,36,0
generated_json/universe_prs.json,2023/04/13,14,19
generated_json/universe_prs.json,2023/04/13,1,0
generated_json/universe_prs.json,2023/04/13,329,329
generated_json/universe_prs.json,2023/04/13,2,0
generated_json/universe_prs.json,2023/04/13,65,66
generated_json/autoware_launch_prs.json,2023/04/13,7,0
generated_json/universe_prs.json,2023/04/14,113,159
generated_json/universe_prs.json,2023/04/14,2,1
generated_json/autoware_common_prs.json,2023/04/14,20,3
generated_json/universe_prs.json,2023/04/14,164,25
generated_json/universe_prs.json,2023/04/14,138,14
generated_json/universe_prs.json,2023/04/14,77,3
generated_json/universe_prs.json,2023/04/14,130,0
generated_json/universe_prs.json,2023/04/14,70,0
generated_json/universe_prs.json,2023/04/14,62,1
generated_json/autoware_launch_prs.json,2023/04/14,1,8
generated_json/universe_prs.json,2023/04/14,13,197
generated_json/universe_prs.json,2023/04/14,13,7
generated_json/universe_prs.json,2023/04/14,152,113
generated_json/autoware_launch_prs.json,2023/04/14,26,21
generated_json/universe_prs.json,2023/04/14,2,2
generated_json/universe_prs.json,2023/04/14,34,79
generated_json/autoware_msgs_prs.json,2023/04/14,0,6
generated_json/autoware_launch_prs.json,2023/04/14,1,0
generated_json/universe_prs.json,2023/04/14,5,44
generated_json/autoware_prs.json,2023/04/14,1,1
generated_json/autoware_launch_prs.json,2023/04/14,31,0
generated_json/universe_prs.json,2023/04/14,706,12
generated_json/universe_prs.json,2023/04/14,25,20
generated_json/universe_prs.json,2023/04/14,7,30
generated_json/universe_prs.json,2023/04/14,376,174
generated_json/autoware_launch_prs.json,2023/04/14,2,2
generated_json/universe_prs.json,2023/04/14,6,1
generated_json/universe_prs.json,2023/04/14,103,145
generated_json/universe_prs.json,2023/04/14,14,40
generated_json/universe_prs.json,2023/04/15,1,1
generated_json/autoware_launch_prs.json,2023/04/15,2,2
generated_json/universe_prs.json,2023/04/15,2,2
generated_json/universe_prs.json,2023/04/15,0,3
generated_json/universe_prs.json,2023/04/15,24,13
generated_json/universe_prs.json,2023/04/15,7,2
generated_json/universe_prs.json,2023/04/15,4,12
generated_json/universe_prs.json,2023/04/15,166,19
generated_json/universe_prs.json,2023/04/16,2681,107
generated_json/universe_prs.json,2023/04/16,294,289
generated_json/universe_prs.json,2023/04/16,2,2
generated_json/universe_prs.json,2023/04/17,4,3
generated_json/universe_prs.json,2023/04/17,46,18
generated_json/universe_prs.json,2023/04/17,5,0
generated_json/universe_prs.json,2023/04/17,2,0
generated_json/universe_prs.json,2023/04/17,1,1
generated_json/autoware_documentation_prs.json,2023/04/17,1,1
generated_json/universe_prs.json,2023/04/17,12,7
generated_json/universe_prs.json,2023/04/17,188,335
generated_json/universe_prs.json,2023/04/17,6,6
generated_json/universe_prs.json,2023/04/17,625,466
generated_json/universe_prs.json,2023/04/17,51,80
generated_json/autoware_launch_prs.json,2023/04/17,8,16
generated_json/universe_prs.json,2023/04/17,1,1
generated_json/universe_prs.json,2023/04/17,24,29
generated_json/universe_prs.json,2023/04/17,1616,91
generated_json/autoware_msgs_prs.json,2023/04/18,0,7
generated_json/universe_prs.json,2023/04/18,106,7
generated_json/universe_prs.json,2023/04/18,1,11
generated_json/universe_prs.json,2023/04/18,327,724
generated_json/universe_prs.json,2023/04/18,414,132
generated_json/autoware_launch_prs.json,2023/04/18,12,0
generated_json/universe_prs.json,2023/04/18,220,46
generated_json/universe_prs.json,2023/04/18,1,2
generated_json/universe_prs.json,2023/04/18,111,78
generated_json/universe_prs.json,2023/04/18,38,27
generated_json/autoware_launch_prs.json,2023/04/18,4,0
generated_json/universe_prs.json,2023/04/19,1074,238
generated_json/autoware_launch_prs.json,2023/04/19,13,0
generated_json/universe_prs.json,2023/04/19,11,15
generated_json/universe_prs.json,2023/04/19,131,0
generated_json/autoware_launch_prs.json,2023/04/19,1,0
generated_json/universe_prs.json,2023/04/19,124,18
generated_json/universe_prs.json,2023/04/19,271,318
generated_json/universe_prs.json,2023/04/19,12,17
generated_json/autoware_launch_prs.json,2023/04/19,1,1
generated_json/universe_prs.json,2023/04/19,2,0
generated_json/universe_prs.json,2023/04/19,4,1
generated_json/autoware_common_prs.json,2023/04/19,364,0
generated_json/universe_prs.json,2023/04/19,28,1
generated_json/universe_prs.json,2023/04/19,9,5
generated_json/universe_prs.json,2023/04/20,12,12
generated_json/universe_prs.json,2023/04/20,52,12
generated_json/universe_prs.json,2023/04/20,4,0
generated_json/universe_prs.json,2023/04/20,10,4
generated_json/universe_prs.json,2023/04/20,9,1
generated_json/autoware_common_prs.json,2023/04/20,22,3
generated_json/universe_prs.json,2023/04/20,5,5
generated_json/universe_prs.json,2023/04/20,490,0
generated_json/universe_prs.json,2023/04/20,3,2
generated_json/universe_prs.json,2023/04/20,2,3
generated_json/universe_prs.json,2023/04/20,25,37
generated_json/autoware_documentation_prs.json,2023/04/20,1662,325
generated_json/universe_prs.json,2023/04/20,83,82
generated_json/universe_prs.json,2023/04/20,37,4
generated_json/universe_prs.json,2023/04/20,3,1
generated_json/universe_prs.json,2023/04/20,8,14
generated_json/universe_prs.json,2023/04/20,3,3
generated_json/universe_prs.json,2023/04/21,1222,59
generated_json/universe_prs.json,2023/04/21,82,7
generated_json/autoware_launch_prs.json,2023/04/21,0,1
generated_json/universe_prs.json,2023/04/21,0,4
generated_json/universe_prs.json,2023/04/21,13,11
generated_json/universe_prs.json,2023/04/21,2,0
generated_json/universe_prs.json,2023/04/21,78,20
generated_json/autoware_common_prs.json,2023/04/21,1,12
generated_json/universe_prs.json,2023/04/21,73,0
generated_json/universe_prs.json,2023/04/21,31,2
generated_json/universe_prs.json,2023/04/21,6684,4
generated_json/universe_prs.json,2023/04/21,16,12
generated_json/universe_prs.json,2023/04/21,3,14
generated_json/universe_prs.json,2023/04/22,90,21
generated_json/autoware_launch_prs.json,2023/04/22,2,0
generated_json/universe_prs.json,2023/04/22,20,3
generated_json/universe_prs.json,2023/04/22,93,172
generated_json/autoware_launch_prs.json,2023/04/22,3,20
generated_json/autoware_launch_prs.json,2023/04/22,1,0
generated_json/autoware_launch_prs.json,2023/04/22,1,1
generated_json/universe_prs.json,2023/04/22,24,14
generated_json/autoware_prs.json,2023/04/23,4,4
generated_json/universe_prs.json,2023/04/23,259,255
generated_json/autoware_launch_prs.json,2023/04/23,32,29
generated_json/universe_prs.json,2023/04/23,27,47
generated_json/universe_prs.json,2023/04/23,91,25
generated_json/universe_prs.json,2023/04/23,18,10
generated_json/autoware_launch_prs.json,2023/04/23,1,0
generated_json/universe_prs.json,2023/04/23,111,186
generated_json/universe_prs.json,2023/04/24,5,6
generated_json/universe_prs.json,2023/04/24,36,8
generated_json/universe_prs.json,2023/04/24,30,35
generated_json/universe_prs.json,2023/04/24,1,0
generated_json/universe_prs.json,2023/04/24,5,2
generated_json/autoware_launch_prs.json,2023/04/24,1,0
generated_json/universe_prs.json,2023/04/24,63,60
generated_json/autoware_launch_prs.json,2023/04/24,23,0
generated_json/universe_prs.json,2023/04/24,3,10
generated_json/universe_prs.json,2023/04/24,2,2
generated_json/universe_prs.json,2023/04/24,11,2
generated_json/universe_prs.json,2023/04/24,17,16
generated_json/universe_prs.json,2023/04/24,4,0
generated_json/universe_prs.json,2023/04/24,1,0
generated_json/universe_prs.json,2023/04/24,1,1
generated_json/universe_prs.json,2023/04/24,36,36
generated_json/autoware_launch_prs.json,2023/04/24,0,1
generated_json/universe_prs.json,2023/04/24,4,7
generated_json/autoware_launch_prs.json,2023/04/24,5,5
generated_json/universe_prs.json,2023/04/25,1,1
generated_json/autoware_documentation_prs.json,2023/04/25,13,0
generated_json/autoware_launch_prs.json,2023/04/25,0,1
generated_json/universe_prs.json,2023/04/25,5,0
generated_json/universe_prs.json,2023/04/25,84,47
generated_json/autoware_launch_prs.json,2023/04/25,1,0
generated_json/universe_prs.json,2023/04/25,303,1035
generated_json/universe_prs.json,2023/04/25,24,24
generated_json/universe_prs.json,2023/04/25,1,1
generated_json/universe_prs.json,2023/04/25,23,2
generated_json/autoware_launch_prs.json,2023/04/25,1,1
generated_json/universe_prs.json,2023/04/25,4,2
generated_json/universe_prs.json,2023/04/25,4406,1
generated_json/autoware_launch_prs.json,2023/04/25,40,0
generated_json/autoware_launch_prs.json,2023/04/25,2,2
generated_json/universe_prs.json,2023/04/25,16,9
generated_json/universe_prs.json,2023/04/26,9,3
generated_json/autoware_launch_prs.json,2023/04/26,3,3
generated_json/universe_prs.json,2023/04/26,168,676
generated_json/universe_prs.json,2023/04/26,149,43
generated_json/autoware_launch_prs.json,2023/04/26,96,0
generated_json/universe_prs.json,2023/04/26,72,0
generated_json/universe_prs.json,2023/04/26,56,44
generated_json/autoware_launch_prs.json,2023/04/26,3,3
generated_json/universe_prs.json,2023/04/26,1,1
generated_json/universe_prs.json,2023/04/26,1,1
generated_json/autoware_launch_prs.json,2023/04/26,1,1
generated_json/universe_prs.json,2023/04/26,17,24
generated_json/autoware_launch_prs.json,2023/04/26,0,3
generated_json/universe_prs.json,2023/04/26,30,30
generated_json/universe_prs.json,2023/04/26,3,1
generated_json/universe_prs.json,2023/04/26,96,78
generated_json/autoware_documentation_prs.json,2023/04/26,65,0
generated_json/universe_prs.json,2023/04/26,3,1
generated_json/autoware_common_prs.json,2023/04/26,23,0
generated_json/universe_prs.json,2023/04/26,16,12
generated_json/universe_prs.json,2023/04/26,2,3
generated_json/universe_prs.json,2023/04/26,2,2
generated_json/autoware_launch_prs.json,2023/04/26,1,1
generated_json/universe_prs.json,2023/04/26,1,1
generated_json/universe_prs.json,2023/04/26,38,3
generated_json/universe_prs.json,2023/04/26,4,2
generated_json/universe_prs.json,2023/04/26,617,487
generated_json/universe_prs.json,2023/04/27,2,1
generated_json/universe_prs.json,2023/04/27,140,28
generated_json/autoware_launch_prs.json,2023/04/27,1,0
generated_json/universe_prs.json,2023/04/27,1,0
generated_json/universe_prs.json,2023/04/27,10,57
generated_json/universe_prs.json,2023/04/27,7,3
generated_json/universe_prs.json,2023/04/27,0,8
generated_json/universe_prs.json,2023/04/27,2,4
generated_json/autoware_launch_prs.json,2023/04/27,26,0
generated_json/universe_prs.json,2023/04/27,503,400
generated_json/universe_prs.json,2023/04/27,27,21
generated_json/universe_prs.json,2023/04/28,11,12
generated_json/universe_prs.json,2023/04/28,2,2
generated_json/universe_prs.json,2023/04/28,1,0
generated_json/universe_prs.json,2023/04/28,5,6
generated_json/universe_prs.json,2023/04/28,88,16
generated_json/universe_prs.json,2023/04/28,34,30
generated_json/universe_prs.json,2023/04/28,487,723
generated_json/universe_prs.json,2023/04/28,6,9
generated_json/universe_prs.json,2023/04/28,165,1
generated_json/autoware_launch_prs.json,2023/04/28,100,0
generated_json/universe_prs.json,2023/04/28,35,10
generated_json/universe_prs.json,2023/04/28,65,6
generated_json/autoware_launch_prs.json,2023/04/28,1,0
generated_json/universe_prs.json,2023/04/28,111,126
generated_json/universe_prs.json,2023/04/28,204,7
generated_json/universe_prs.json,2023/04/28,34,26
generated_json/autoware_launch_prs.json,2023/04/28,2,1
generated_json/autoware_launch_prs.json,2023/04/28,2,2
generated_json/universe_prs.json,2023/04/29,38,0
generated_json/universe_prs.json,2023/04/29,24,15
generated_json/universe_prs.json,2023/04/29,44,10
generated_json/universe_prs.json,2023/04/29,46,9
generated_json/universe_prs.json,2023/04/29,51,9
generated_json/universe_prs.json,2023/04/29,44,10
generated_json/universe_prs.json,2023/04/29,21,0
generated_json/universe_prs.json,2023/04/29,44,9
generated_json/universe_prs.json,2023/04/29,43,7
generated_json/universe_prs.json,2023/04/29,7,0
generated_json/universe_prs.json,2023/04/30,28,23
generated_json/autoware_prs.json,2023/05/01,1,1
generated_json/universe_prs.json,2023/05/01,3,0
generated_json/autoware_msgs_prs.json,2023/05/01,5,2
generated_json/universe_prs.json,2023/05/01,122,0
generated_json/universe_prs.json,2023/05/01,24,0
generated_json/universe_prs.json,2023/05/01,5,1
generated_json/universe_prs.json,2023/05/01,0,31
generated_json/universe_prs.json,2023/05/01,1,1
generated_json/universe_prs.json,2023/05/01,255,33
generated_json/autoware_launch_prs.json,2023/05/01,1,0
generated_json/universe_prs.json,2023/05/02,80,96
generated_json/universe_prs.json,2023/05/02,198,200
generated_json/universe_prs.json,2023/05/02,361,336
generated_json/autoware_launch_prs.json,2023/05/02,97,85
generated_json/universe_prs.json,2023/05/03,8,6
generated_json/autoware_launch_prs.json,2023/05/03,6,1
generated_json/universe_prs.json,2023/05/03,3851,25
generated_json/universe_prs.json,2023/05/03,108,80
generated_json/universe_prs.json,2023/05/03,171,312
generated_json/autoware_common_prs.json,2023/05/03,2,4
generated_json/universe_prs.json,2023/05/03,46,46
generated_json/universe_prs.json,2023/05/03,38,38
generated_json/autoware_documentation_prs.json,2023/05/03,6,0
generated_json/autoware_documentation_prs.json,2023/05/03,185,318
generated_json/universe_prs.json,2023/05/04,9,0
generated_json/autoware_documentation_prs.json,2023/05/04,1,1
generated_json/autoware_documentation_prs.json,2023/05/04,1,1
generated_json/universe_prs.json,2023/05/04,13,3
generated_json/universe_prs.json,2023/05/04,11,18
generated_json/universe_prs.json,2023/05/04,76,29
generated_json/autoware_launch_prs.json,2023/05/04,1,2
generated_json/autoware_launch_prs.json,2023/05/04,8,0
generated_json/autoware_documentation_prs.json,2023/05/04,4,3
generated_json/universe_prs.json,2023/05/04,2,0
generated_json/autoware_documentation_prs.json,2023/05/04,1,1
generated_json/autoware_documentation_prs.json,2023/05/05,3,2
generated_json/universe_prs.json,2023/05/05,2,0
generated_json/universe_prs.json,2023/05/06,8,1
generated_json/universe_prs.json,2023/05/08,23,4
generated_json/universe_prs.json,2023/05/08,0,935
generated_json/autoware_launch_prs.json,2023/05/08,9,9
generated_json/universe_prs.json,2023/05/08,6,1
generated_json/universe_prs.json,2023/05/08,131,46
generated_json/universe_prs.json,2023/05/08,7,8
generated_json/universe_prs.json,2023/05/08,12,1
generated_json/universe_prs.json,2023/05/08,7,1
generated_json/universe_prs.json,2023/05/08,18,0
generated_json/autoware_common_prs.json,2023/05/08,54,0
generated_json/universe_prs.json,2023/05/08,11,1
generated_json/autoware_common_prs.json,2023/05/08,22,0
generated_json/autoware_launch_prs.json,2023/05/08,2,0
generated_json/universe_prs.json,2023/05/08,375,290
generated_json/universe_prs.json,2023/05/08,5,0
generated_json/universe_prs.json,2023/05/09,2,2
generated_json/universe_prs.json,2023/05/09,7,6
generated_json/universe_prs.json,2023/05/09,70,16
generated_json/universe_prs.json,2023/05/09,1,1
generated_json/universe_prs.json,2023/05/09,273,2
generated_json/universe_prs.json,2023/05/09,4,2
generated_json/universe_prs.json,2023/05/09,3,0
generated_json/autoware_documentation_prs.json,2023/05/09,241,45
generated_json/universe_prs.json,2023/05/10,38,27
generated_json/universe_prs.json,2023/05/10,10,8
generated_json/universe_prs.json,2023/05/10,4,2
generated_json/universe_prs.json,2023/05/10,54,61
generated_json/universe_prs.json,2023/05/10,16,0
generated_json/autoware_launch_prs.json,2023/05/10,24,0
generated_json/universe_prs.json,2023/05/10,15,29
generated_json/universe_prs.json,2023/05/10,38,20
generated_json/universe_prs.json,2023/05/10,4,3
generated_json/universe_prs.json,2023/05/10,14,2
generated_json/universe_prs.json,2023/05/10,8,4
generated_json/universe_prs.json,2023/05/10,25,66
generated_json/universe_prs.json,2023/05/11,8,3
generated_json/universe_prs.json,2023/05/11,5,5
generated_json/universe_prs.json,2023/05/11,1,1
generated_json/universe_prs.json,2023/05/11,288,383
generated_json/universe_prs.json,2023/05/11,1,1
generated_json/universe_prs.json,2023/05/11,7,0
generated_json/universe_prs.json,2023/05/11,5,3
generated_json/universe_prs.json,2023/05/11,27,1
generated_json/universe_prs.json,2023/05/11,1,1
generated_json/universe_prs.json,2023/05/11,3,1
generated_json/universe_prs.json,2023/05/11,375,21
generated_json/autoware_prs.json,2023/05/12,16,8
generated_json/universe_prs.json,2023/05/12,64,0
generated_json/universe_prs.json,2023/05/12,1,24
generated_json/universe_prs.json,2023/05/12,29,7
generated_json/universe_prs.json,2023/05/12,4,5
generated_json/universe_prs.json,2023/05/12,4,4
generated_json/autoware_launch_prs.json,2023/05/12,1,0
generated_json/universe_prs.json,2023/05/12,36,23
generated_json/universe_prs.json,2023/05/12,3,7
generated_json/universe_prs.json,2023/05/12,42,7
generated_json/universe_prs.json,2023/05/12,76,33
generated_json/universe_prs.json,2023/05/12,51,15
generated_json/universe_prs.json,2023/05/12,503,177
generated_json/universe_prs.json,2023/05/12,35,6
generated_json/universe_prs.json,2023/05/12,44,22
generated_json/universe_prs.json,2023/05/12,228,224
generated_json/autoware_documentation_prs.json,2023/05/12,161,24
generated_json/universe_prs.json,2023/05/12,1351,0
generated_json/autoware_documentation_prs.json,2023/05/13,5,2
generated_json/autoware_launch_prs.json,2023/05/13,61,47
generated_json/universe_prs.json,2023/05/13,5,5
generated_json/autoware_documentation_prs.json,2023/05/13,21,21
generated_json/universe_prs.json,2023/05/13,270,21
generated_json/universe_prs.json,2023/05/13,2,2
generated_json/universe_prs.json,2023/05/14,6,3
generated_json/universe_prs.json,2023/05/14,18,149
generated_json/universe_prs.json,2023/05/14,284,139
generated_json/universe_prs.json,2023/05/14,16,2
generated_json/universe_prs.json,2023/05/15,1,0
generated_json/universe_prs.json,2023/05/15,54,5
generated_json/universe_prs.json,2023/05/15,88,39
generated_json/universe_prs.json,2023/05/15,4,1
generated_json/autoware_launch_prs.json,2023/05/15,6,0
generated_json/universe_prs.json,2023/05/15,2,0
generated_json/autoware_documentation_prs.json,2023/05/15,11,16
generated_json/universe_prs.json,2023/05/15,24,0
generated_json/autoware_launch_prs.json,2023/05/15,3,2
generated_json/universe_prs.json,2023/05/15,4,1
generated_json/universe_prs.json,2023/05/15,41,7
generated_json/universe_prs.json,2023/05/15,26,35
generated_json/universe_prs.json,2023/05/15,2,2
generated_json/universe_prs.json,2023/05/15,6,1
generated_json/universe_prs.json,2023/05/15,2,4
generated_json/autoware_documentation_prs.json,2023/05/16,32,12
generated_json/universe_prs.json,2023/05/16,3,1
generated_json/universe_prs.json,2023/05/16,25,27
generated_json/universe_prs.json,2023/05/16,18,3
generated_json/universe_prs.json,2023/05/16,3,1
generated_json/universe_prs.json,2023/05/16,605,1
generated_json/autoware_documentation_prs.json,2023/05/16,1056,786
generated_json/autoware_prs.json,2023/05/17,33,30
generated_json/universe_prs.json,2023/05/17,9,2
generated_json/autoware_launch_prs.json,2023/05/17,13,8
generated_json/universe_prs.json,2023/05/17,5,0
generated_json/universe_prs.json,2023/05/17,83,8
generated_json/universe_prs.json,2023/05/17,12,3
generated_json/universe_prs.json,2023/05/17,2,1
generated_json/universe_prs.json,2023/05/17,1817,801
generated_json/universe_prs.json,2023/05/17,8,8
generated_json/universe_prs.json,2023/05/17,6,1
generated_json/universe_prs.json,2023/05/17,6,2
generated_json/universe_prs.json,2023/05/17,1,3
generated_json/autoware_common_prs.json,2023/05/17,4,5
generated_json/universe_prs.json,2023/05/17,2,2
generated_json/autoware_documentation_prs.json,2023/05/17,17,5
generated_json/universe_prs.json,2023/05/17,36,17
generated_json/universe_prs.json,2023/05/17,16,1
generated_json/universe_prs.json,2023/05/17,0,60
generated_json/universe_prs.json,2023/05/17,41,7
generated_json/autoware_launch_prs.json,2023/05/17,3,2
generated_json/universe_prs.json,2023/05/17,14,34
generated_json/autoware_launch_prs.json,2023/05/18,7,7
generated_json/autoware_documentation_prs.json,2023/05/18,3,3
generated_json/autoware_launch_prs.json,2023/05/18,0,3
generated_json/universe_prs.json,2023/05/18,3,23
generated_json/universe_prs.json,2023/05/18,4,4
generated_json/universe_prs.json,2023/05/18,34,26
generated_json/universe_prs.json,2023/05/18,3,1
generated_json/universe_prs.json,2023/05/18,96,19
generated_json/autoware_launch_prs.json,2023/05/18,1,1
generated_json/universe_prs.json,2023/05/18,29,17
generated_json/autoware_launch_prs.json,2023/05/18,2,0
generated_json/universe_prs.json,2023/05/18,10,8
generated_json/universe_prs.json,2023/05/18,2,0
generated_json/autoware_prs.json,2023/05/18,1,1
generated_json/universe_prs.json,2023/05/18,31,13
generated_json/universe_prs.json,2023/05/18,4,0
generated_json/universe_prs.json,2023/05/18,0,2
generated_json/universe_prs.json,2023/05/18,5,5
generated_json/universe_prs.json,2023/05/18,8,0
generated_json/universe_prs.json,2023/05/18,116,34
generated_json/autoware_launch_prs.json,2023/05/18,13,2
generated_json/universe_prs.json,2023/05/18,91,32
generated_json/universe_prs.json,2023/05/18,131,91
generated_json/universe_prs.json,2023/05/18,146,139
generated_json/universe_prs.json,2023/05/18,11,2
generated_json/autoware_launch_prs.json,2023/05/18,1,0
generated_json/universe_prs.json,2023/05/19,1,1
generated_json/universe_prs.json,2023/05/19,26,16
generated_json/universe_prs.json,2023/05/19,4,4
generated_json/universe_prs.json,2023/05/19,42,13
generated_json/autoware_launch_prs.json,2023/05/19,4,2
generated_json/universe_prs.json,2023/05/19,14,13
generated_json/universe_prs.json,2023/05/19,33,32
generated_json/autoware_launch_prs.json,2023/05/19,4,0
generated_json/universe_prs.json,2023/05/19,32,23
generated_json/universe_prs.json,2023/05/20,13,0
generated_json/universe_prs.json,2023/05/20,3,0
generated_json/autoware_launch_prs.json,2023/05/20,7,3
generated_json/universe_prs.json,2023/05/21,275,43
generated_json/universe_prs.json,2023/05/21,39,0
generated_json/autoware_prs.json,2023/05/22,1,1
generated_json/autoware_launch_prs.json,2023/05/22,45,101
generated_json/autoware_documentation_prs.json,2023/05/22,117,8
generated_json/universe_prs.json,2023/05/22,329,0
generated_json/universe_prs.json,2023/05/22,4,20
generated_json/universe_prs.json,2023/05/22,3,1
generated_json/universe_prs.json,2023/05/22,171,10
generated_json/universe_prs.json,2023/05/22,7,1
generated_json/autoware_launch_prs.json,2023/05/22,1,0
generated_json/universe_prs.json,2023/05/22,266,107
generated_json/universe_prs.json,2023/05/22,337,354
generated_json/universe_prs.json,2023/05/22,59,14
generated_json/universe_prs.json,2023/05/22,91,28
generated_json/universe_prs.json,2023/05/22,162,0
generated_json/autoware_launch_prs.json,2023/05/22,1,0
generated_json/universe_prs.json,2023/05/23,16,1
generated_json/universe_prs.json,2023/05/23,1,2
generated_json/universe_prs.json,2023/05/23,10,3
generated_json/universe_prs.json,2023/05/23,22,22
generated_json/autoware_documentation_prs.json,2023/05/23,38,0
generated_json/universe_prs.json,2023/05/23,62,0
generated_json/universe_prs.json,2023/05/23,8,9
generated_json/universe_prs.json,2023/05/23,7,0
generated_json/universe_prs.json,2023/05/23,24,8
generated_json/universe_prs.json,2023/05/23,5,1
generated_json/universe_prs.json,2023/05/23,31,14
generated_json/universe_prs.json,2023/05/23,36,23
generated_json/universe_prs.json,2023/05/23,49,0
generated_json/universe_prs.json,2023/05/23,73,97
generated_json/universe_prs.json,2023/05/24,0,1
generated_json/universe_prs.json,2023/05/24,115,58
generated_json/universe_prs.json,2023/05/24,12,11
generated_json/universe_prs.json,2023/05/24,96,2
generated_json/universe_prs.json,2023/05/24,77,3
generated_json/autoware_prs.json,2023/05/24,0,5
generated_json/autoware_launch_prs.json,2023/05/24,1,1
generated_json/universe_prs.json,2023/05/24,36,51
generated_json/universe_prs.json,2023/05/24,79,28
generated_json/universe_prs.json,2023/05/25,94,175
generated_json/autoware_launch_prs.json,2023/05/25,28,28
generated_json/universe_prs.json,2023/05/25,20,4
generated_json/universe_prs.json,2023/05/25,6,2
generated_json/universe_prs.json,2023/05/25,7,0
generated_json/universe_prs.json,2023/05/25,62,79
generated_json/universe_prs.json,2023/05/25,7,1
generated_json/autoware_launch_prs.json,2023/05/25,1,0
generated_json/universe_prs.json,2023/05/25,87,80
generated_json/universe_prs.json,2023/05/25,27,0
generated_json/universe_prs.json,2023/05/25,188,23
generated_json/universe_prs.json,2023/05/25,13,0
generated_json/universe_prs.json,2023/05/25,1,0
generated_json/universe_prs.json,2023/05/25,11,0
generated_json/autoware_launch_prs.json,2023/05/26,1,1
generated_json/universe_prs.json,2023/05/26,15,17
generated_json/universe_prs.json,2023/05/26,23,188
generated_json/universe_prs.json,2023/05/26,1,2
generated_json/universe_prs.json,2023/05/26,1,1
generated_json/universe_prs.json,2023/05/26,7,4
generated_json/universe_prs.json,2023/05/26,2,1
generated_json/universe_prs.json,2023/05/26,2,1
generated_json/universe_prs.json,2023/05/26,4,15
generated_json/universe_prs.json,2023/05/26,4,11
generated_json/universe_prs.json,2023/05/26,5,18
generated_json/universe_prs.json,2023/05/26,226,1
generated_json/universe_prs.json,2023/05/26,96,24
generated_json/universe_prs.json,2023/05/26,37,2
generated_json/universe_prs.json,2023/05/26,8,0
generated_json/universe_prs.json,2023/05/26,21,20
generated_json/autoware_launch_prs.json,2023/05/26,1,0
generated_json/autoware_documentation_prs.json,2023/05/26,21,2
generated_json/universe_prs.json,2023/05/26,22,2
generated_json/universe_prs.json,2023/05/27,197,48
generated_json/universe_prs.json,2023/05/28,78,68
generated_json/universe_prs.json,2023/05/28,3,1
generated_json/universe_prs.json,2023/05/29,30,6
generated_json/universe_prs.json,2023/05/29,455,356
generated_json/universe_prs.json,2023/05/29,200,89
generated_json/autoware_documentation_prs.json,2023/05/29,448,3
generated_json/universe_prs.json,2023/05/29,59,14
generated_json/autoware_documentation_prs.json,2023/05/29,15,0
generated_json/universe_prs.json,2023/05/29,27,22
generated_json/universe_prs.json,2023/05/29,80,27
generated_json/autoware_launch_prs.json,2023/05/29,14,4
generated_json/autoware_launch_prs.json,2023/05/29,1,0
generated_json/universe_prs.json,2023/05/29,14,1
generated_json/autoware_common_prs.json,2023/05/29,5,0
generated_json/universe_prs.json,2023/05/29,501,145
generated_json/universe_prs.json,2023/05/29,23,0
generated_json/universe_prs.json,2023/05/30,113,42
generated_json/universe_prs.json,2023/05/30,27,8
generated_json/autoware_launch_prs.json,2023/05/30,2,0
generated_json/autoware_msgs_prs.json,2023/05/30,44,0
generated_json/universe_prs.json,2023/05/30,14,14
generated_json/universe_prs.json,2023/05/30,115,190
generated_json/autoware_msgs_prs.json,2023/05/30,3,2
generated_json/universe_prs.json,2023/05/30,146,93
generated_json/autoware_documentation_prs.json,2023/05/30,39,39
generated_json/universe_prs.json,2023/05/30,75,0
generated_json/autoware_launch_prs.json,2023/05/30,3,2
generated_json/universe_prs.json,2023/05/30,3,0
generated_json/universe_prs.json,2023/05/30,3,0
generated_json/universe_prs.json,2023/05/30,15,0
generated_json/universe_prs.json,2023/05/30,1,1
generated_json/autoware_common_prs.json,2023/05/31,4,0
generated_json/autoware_msgs_prs.json,2023/05/31,36,0
generated_json/autoware_launch_prs.json,2023/05/31,1,0
generated_json/autoware_documentation_prs.json,2023/05/31,183,3
generated_json/universe_prs.json,2023/05/31,32,0
generated_json/universe_prs.json,2023/05/31,32,16
generated_json/universe_prs.json,2023/05/31,31,16
generated_json/universe_prs.json,2023/05/31,0,4
generated_json/autoware_launch_prs.json,2023/05/31,0,2
generated_json/universe_prs.json,2023/05/31,646,0
generated_json/universe_prs.json,2023/05/31,11,14
generated_json/autoware_prs.json,2023/06/01,49,38
generated_json/universe_prs.json,2023/06/01,2,2
generated_json/universe_prs.json,2023/06/01,46,13
generated_json/universe_prs.json,2023/06/01,1,2
generated_json/universe_prs.json,2023/06/01,55,1
generated_json/universe_prs.json,2023/06/01,13,3
generated_json/universe_prs.json,2023/06/01,17,38
generated_json/universe_prs.json,2023/06/01,108,1
generated_json/autoware_common_prs.json,2023/06/01,1,1
generated_json/universe_prs.json,2023/06/01,6,0
generated_json/universe_prs.json,2023/06/02,751,448
generated_json/autoware_common_prs.json,2023/06/02,8,0
generated_json/universe_prs.json,2023/06/02,1,1
generated_json/universe_prs.json,2023/06/02,1,0
generated_json/universe_prs.json,2023/06/02,5,0
generated_json/universe_prs.json,2023/06/02,36,14
generated_json/autoware_launch_prs.json,2023/06/02,4,1
generated_json/universe_prs.json,2023/06/03,27,11
generated_json/autoware_documentation_prs.json,2023/06/05,23,8
generated_json/universe_prs.json,2023/06/05,9,9
generated_json/universe_prs.json,2023/06/05,2,2
generated_json/autoware_documentation_prs.json,2023/06/05,50,131
generated_json/universe_prs.json,2023/06/05,7813,2440
generated_json/autoware_documentation_prs.json,2023/06/05,25,25
generated_json/universe_prs.json,2023/06/05,58,45
generated_json/universe_prs.json,2023/06/05,1656,1715
generated_json/universe_prs.json,2023/06/05,385,0
generated_json/universe_prs.json,2023/06/05,79,36
generated_json/universe_prs.json,2023/06/05,111,15
generated_json/universe_prs.json,2023/06/05,112,16
generated_json/autoware_launch_prs.json,2023/06/05,3,0
generated_json/autoware_documentation_prs.json,2023/06/05,163,0
generated_json/autoware_launch_prs.json,2023/06/06,1,0
generated_json/universe_prs.json,2023/06/06,5,2
generated_json/autoware_launch_prs.json,2023/06/06,1,0
generated_json/universe_prs.json,2023/06/06,2,2
generated_json/universe_prs.json,2023/06/06,232,230
generated_json/universe_prs.json,2023/06/06,186,250
generated_json/universe_prs.json,2023/06/06,1,0
generated_json/autoware_launch_prs.json,2023/06/06,25,0
generated_json/autoware_launch_prs.json,2023/06/06,33,33
generated_json/autoware_launch_prs.json,2023/06/07,10,0
generated_json/autoware_launch_prs.json,2023/06/07,1,1
generated_json/universe_prs.json,2023/06/07,1391,0
generated_json/universe_prs.json,2023/06/07,1,0
generated_json/universe_prs.json,2023/06/07,417,7
generated_json/autoware_documentation_prs.json,2023/06/07,288,2
generated_json/universe_prs.json,2023/06/07,2121,2182
generated_json/universe_prs.json,2023/06/07,2,2
generated_json/autoware_documentation_prs.json,2023/06/07,25,25
generated_json/universe_prs.json,2023/06/07,34,11
generated_json/autoware_launch_prs.json,2023/06/07,7,1
generated_json/autoware_launch_prs.json,2023/06/08,1,1
generated_json/universe_prs.json,2023/06/08,60,40
generated_json/universe_prs.json,2023/06/08,1,1
generated_json/universe_prs.json,2023/06/08,7,10
generated_json/universe_prs.json,2023/06/08,1,1
generated_json/universe_prs.json,2023/06/09,56,23
generated_json/autoware_prs.json,2023/06/09,1,1
generated_json/universe_prs.json,2023/06/09,2,2
generated_json/universe_prs.json,2023/06/09,3,3
generated_json/autoware_launch_prs.json,2023/06/09,8,9
generated_json/universe_prs.json,2023/06/09,74,10
generated_json/universe_prs.json,2023/06/09,10,3
generated_json/universe_prs.json,2023/06/09,98,0
generated_json/universe_prs.json,2023/06/09,0,15
generated_json/universe_prs.json,2023/06/09,1,1
generated_json/universe_prs.json,2023/06/09,0,1
generated_json/autoware_documentation_prs.json,2023/06/10,2,2
generated_json/universe_prs.json,2023/06/10,6,6
generated_json/universe_prs.json,2023/06/10,1,1
generated_json/universe_prs.json,2023/06/11,46,212
generated_json/universe_prs.json,2023/06/11,65,60
generated_json/autoware_documentation_prs.json,2023/06/11,4,3
generated_json/universe_prs.json,2023/06/12,21,7
generated_json/autoware_launch_prs.json,2023/06/12,1,0
generated_json/universe_prs.json,2023/06/12,232,65
generated_json/autoware_common_prs.json,2023/06/12,531,6
generated_json/autoware_prs.json,2023/06/12,3,0
generated_json/universe_prs.json,2023/06/12,5,2
generated_json/universe_prs.json,2023/06/12,1,1
generated_json/universe_prs.json,2023/06/12,8,1
generated_json/universe_prs.json,2023/06/12,10406,1
generated_json/autoware_launch_prs.json,2023/06/12,146,18
generated_json/universe_prs.json,2023/06/12,36,12
generated_json/autoware_launch_prs.json,2023/06/12,1,1
generated_json/universe_prs.json,2023/06/12,63,6
generated_json/autoware_launch_prs.json,2023/06/12,1,0
generated_json/universe_prs.json,2023/06/12,1,0
generated_json/autoware_launch_prs.json,2023/06/12,2,0
generated_json/universe_prs.json,2023/06/12,2,2
generated_json/universe_prs.json,2023/06/12,77,3
generated_json/universe_prs.json,2023/06/13,1,1
generated_json/universe_prs.json,2023/06/13,3,1
generated_json/universe_prs.json,2023/06/13,32,4
generated_json/universe_prs.json,2023/06/13,2,2
generated_json/autoware_launch_prs.json,2023/06/13,1,0
generated_json/universe_prs.json,2023/06/13,5,1
generated_json/universe_prs.json,2023/06/13,2,2
generated_json/universe_prs.json,2023/06/13,39,93
generated_json/universe_prs.json,2023/06/13,29,8
generated_json/universe_prs.json,2023/06/13,29,16
generated_json/universe_prs.json,2023/06/13,2,2
generated_json/universe_prs.json,2023/06/13,43,25
generated_json/autoware_common_prs.json,2023/06/13,1,1
generated_json/universe_prs.json,2023/06/13,25,4
generated_json/universe_prs.json,2023/06/14,18,11
generated_json/universe_prs.json,2023/06/14,12,0
generated_json/universe_prs.json,2023/06/14,1,1
generated_json/universe_prs.json,2023/06/14,1,3
generated_json/universe_prs.json,2023/06/14,3,3
generated_json/universe_prs.json,2023/06/14,103,50
generated_json/universe_prs.json,2023/06/14,9,7
generated_json/autoware_prs.json,2023/06/14,1,1
generated_json/autoware_documentation_prs.json,2023/06/14,102,0
generated_json/universe_prs.json,2023/06/15,2,1
generated_json/universe_prs.json,2023/06/15,121,65
generated_json/universe_prs.json,2023/06/15,1,0
generated_json/universe_prs.json,2023/06/15,20,7
generated_json/autoware_launch_prs.json,2023/06/15,4,1
generated_json/universe_prs.json,2023/06/15,5,27
generated_json/universe_prs.json,2023/06/15,935,62
generated_json/universe_prs.json,2023/06/15,1,0
generated_json/universe_prs.json,2023/06/15,1,0
generated_json/universe_prs.json,2023/06/15,1,0
generated_json/universe_prs.json,2023/06/15,149,4
generated_json/universe_prs.json,2023/06/15,119,0
generated_json/autoware_documentation_prs.json,2023/06/16,1,1
generated_json/autoware_documentation_prs.json,2023/06/16,201,2
generated_json/universe_prs.json,2023/06/16,2,4
generated_json/universe_prs.json,2023/06/16,1,1
generated_json/universe_prs.json,2023/06/16,18,3
generated_json/autoware_launch_prs.json,2023/06/16,16,2
generated_json/universe_prs.json,2023/06/16,38,20
generated_json/universe_prs.json,2023/06/16,36,5
generated_json/universe_prs.json,2023/06/16,128,0
generated_json/universe_prs.json,2023/06/16,6,0
generated_json/autoware_common_prs.json,2023/06/17,6,0
generated_json/universe_prs.json,2023/06/19,68,42
generated_json/universe_prs.json,2023/06/19,60,5
generated_json/universe_prs.json,2023/06/19,2,2
generated_json/universe_prs.json,2023/06/19,3,0
generated_json/universe_prs.json,2023/06/19,1,1
generated_json/universe_prs.json,2023/06/19,5,1
generated_json/autoware_launch_prs.json,2023/06/19,4,0
generated_json/universe_prs.json,2023/06/19,389,0
generated_json/autoware_launch_prs.json,2023/06/19,4,4
generated_json/autoware_common_prs.json,2023/06/19,126,0
generated_json/universe_prs.json,2023/06/19,1,1
generated_json/autoware_prs.json,2023/06/19,3,3
generated_json/autoware_prs.json,2023/06/19,3,3
generated_json/autoware_documentation_prs.json,2023/06/19,3,1
generated_json/universe_prs.json,2023/06/19,49,33
generated_json/universe_prs.json,2023/06/20,1,0
generated_json/autoware_documentation_prs.json,2023/06/20,251,5
generated_json/universe_prs.json,2023/06/20,74,0
generated_json/universe_prs.json,2023/06/20,1,1
generated_json/autoware_launch_prs.json,2023/06/20,1,1
generated_json/universe_prs.json,2023/06/20,159,64
generated_json/universe_prs.json,2023/06/20,5,0
generated_json/universe_prs.json,2023/06/20,2,2
generated_json/autoware_launch_prs.json,2023/06/20,2,2
generated_json/universe_prs.json,2023/06/20,35,9
generated_json/autoware_launch_prs.json,2023/06/20,1,0
generated_json/autoware_documentation_prs.json,2023/06/20,539,0
generated_json/universe_prs.json,2023/06/20,32,2
generated_json/autoware_prs.json,2023/06/20,1,1
generated_json/universe_prs.json,2023/06/20,2,2
generated_json/universe_prs.json,2023/06/20,69,14
generated_json/autoware_launch_prs.json,2023/06/20,4,1
generated_json/universe_prs.json,2023/06/20,160,8
generated_json/universe_prs.json,2023/06/21,13,14
generated_json/universe_prs.json,2023/06/21,10,2
generated_json/universe_prs.json,2023/06/21,1,0
generated_json/autoware_launch_prs.json,2023/06/21,3,3
generated_json/autoware_documentation_prs.json,2023/06/21,260,167
generated_json/universe_prs.json,2023/06/21,16,12
generated_json/universe_prs.json,2023/06/21,1,1
generated_json/universe_prs.json,2023/06/21,12,19
generated_json/universe_prs.json,2023/06/21,6,4
generated_json/autoware_prs.json,2023/06/21,6,4
generated_json/universe_prs.json,2023/06/22,1,1
generated_json/universe_prs.json,2023/06/22,305,0
generated_json/universe_prs.json,2023/06/22,178,84
generated_json/autoware_launch_prs.json,2023/06/22,32,5
generated_json/universe_prs.json,2023/06/22,1,1
generated_json/autoware_launch_prs.json,2023/06/22,1,1
generated_json/universe_prs.json,2023/06/22,15,9
generated_json/autoware_launch_prs.json,2023/06/22,8,0
generated_json/autoware_documentation_prs.json,2023/06/22,42,5
generated_json/autoware_msgs_prs.json,2023/06/22,6,4
generated_json/universe_prs.json,2023/06/22,50,1
generated_json/universe_prs.json,2023/06/22,38,17
generated_json/universe_prs.json,2023/06/22,3,1
generated_json/autoware_msgs_prs.json,2023/06/22,17,16
generated_json/universe_prs.json,2023/06/22,8,2
generated_json/universe_prs.json,2023/06/22,43,43
generated_json/universe_prs.json,2023/06/22,76,10
generated_json/universe_prs.json,2023/06/22,63,11
generated_json/universe_prs.json,2023/06/22,61,36
generated_json/autoware_launch_prs.json,2023/06/22,5,3
generated_json/universe_prs.json,2023/06/22,1281,0
generated_json/universe_prs.json,2023/06/22,1,1
generated_json/universe_prs.json,2023/06/23,207,200
generated_json/universe_prs.json,2023/06/23,2,1
generated_json/universe_prs.json,2023/06/23,34,9
generated_json/autoware_launch_prs.json,2023/06/23,3,3
generated_json/universe_prs.json,2023/06/23,79,32
generated_json/autoware_msgs_prs.json,2023/06/23,16,17
generated_json/universe_prs.json,2023/06/23,22,4
generated_json/universe_prs.json,2023/06/23,3,1
generated_json/universe_prs.json,2023/06/23,13,1
generated_json/universe_prs.json,2023/06/23,9,3
generated_json/universe_prs.json,2023/06/23,15,25
generated_json/universe_prs.json,2023/06/23,1,1
generated_json/autoware_launch_prs.json,2023/06/23,1,1
generated_json/autoware_launch_prs.json,2023/06/23,1,1
generated_json/universe_prs.json,2023/06/23,2,2
generated_json/universe_prs.json,2023/06/23,99,5
generated_json/universe_prs.json,2023/06/23,6,6
generated_json/universe_prs.json,2023/06/23,149,75
generated_json/autoware_launch_prs.json,2023/06/23,1,0
generated_json/universe_prs.json,2023/06/25,4,0
generated_json/universe_prs.json,2023/06/25,16,41
generated_json/universe_prs.json,2023/06/26,51,31
generated_json/universe_prs.json,2023/06/26,3,2
generated_json/universe_prs.json,2023/06/26,19,3
generated_json/universe_prs.json,2023/06/26,154,58
generated_json/universe_prs.json,2023/06/26,35,15
generated_json/universe_prs.json,2023/06/26,8,8
generated_json/autoware_launch_prs.json,2023/06/26,4,4
generated_json/universe_prs.json,2023/06/26,2,2
generated_json/autoware_documentation_prs.json,2023/06/26,79,0
generated_json/universe_prs.json,2023/06/26,8,2
generated_json/autoware_launch_prs.json,2023/06/26,6,11
generated_json/autoware_launch_prs.json,2023/06/26,43,34
generated_json/universe_prs.json,2023/06/26,26,13
generated_json/universe_prs.json,2023/06/26,2205,1051
generated_json/autoware_launch_prs.json,2023/06/26,1,0
generated_json/autoware_common_prs.json,2023/06/26,9,4
generated_json/universe_prs.json,2023/06/26,74,10
generated_json/universe_prs.json,2023/06/26,2,2
generated_json/universe_prs.json,2023/06/27,394,10
generated_json/universe_prs.json,2023/06/27,52,51
generated_json/autoware_launch_prs.json,2023/06/27,13,14
generated_json/universe_prs.json,2023/06/27,2,1
generated_json/autoware_documentation_prs.json,2023/06/27,377,135
generated_json/universe_prs.json,2023/06/27,48,39
generated_json/autoware_launch_prs.json,2023/06/27,7,7
generated_json/universe_prs.json,2023/06/27,4,1
generated_json/universe_prs.json,2023/06/27,3,4
generated_json/autoware_launch_prs.json,2023/06/27,3,3
generated_json/universe_prs.json,2023/06/27,291,0
generated_json/universe_prs.json,2023/06/27,1,1
generated_json/universe_prs.json,2023/06/27,2,20
generated_json/universe_prs.json,2023/06/27,81,74
generated_json/universe_prs.json,2023/06/27,9,0
generated_json/universe_prs.json,2023/06/27,0,1
generated_json/universe_prs.json,2023/06/27,319,0
generated_json/universe_prs.json,2023/06/28,56,3
generated_json/universe_prs.json,2023/06/28,1,2
generated_json/autoware_launch_prs.json,2023/06/28,1,1
generated_json/universe_prs.json,2023/06/28,2,0
generated_json/universe_prs.json,2023/06/28,108,108
generated_json/universe_prs.json,2023/06/28,39,26
generated_json/universe_prs.json,2023/06/28,12,1247
generated_json/universe_prs.json,2023/06/28,40,4
generated_json/universe_prs.json,2023/06/28,18,6
generated_json/universe_prs.json,2023/06/28,34,12
generated_json/universe_prs.json,2023/06/28,15,10
generated_json/universe_prs.json,2023/06/29,11,9
generated_json/universe_prs.json,2023/06/29,3,1
generated_json/universe_prs.json,2023/06/29,1323,145
generated_json/universe_prs.json,2023/06/29,6,4
generated_json/universe_prs.json,2023/06/29,19,12
generated_json/universe_prs.json,2023/06/29,4,5
generated_json/universe_prs.json,2023/06/29,1,0
generated_json/universe_prs.json,2023/06/29,32,3
generated_json/universe_prs.json,2023/06/29,3,1
generated_json/universe_prs.json,2023/06/29,17,0
generated_json/universe_prs.json,2023/06/29,38,7
generated_json/universe_prs.json,2023/06/29,784,774
generated_json/autoware_launch_prs.json,2023/06/30,1,0
generated_json/universe_prs.json,2023/06/30,2996,346
generated_json/autoware_documentation_prs.json,2023/06/30,39,39
generated_json/universe_prs.json,2023/06/30,12,12
generated_json/universe_prs.json,2023/06/30,629,0
generated_json/universe_prs.json,2023/06/30,116,32
generated_json/autoware_msgs_prs.json,2023/06/30,5,19
generated_json/universe_prs.json,2023/06/30,8,9
generated_json/universe_prs.json,2023/06/30,0,430
generated_json/autoware_documentation_prs.json,2023/06/30,58,6
generated_json/universe_prs.json,2023/06/30,0,1
generated_json/universe_prs.json,2023/06/30,1,2
generated_json/universe_prs.json,2023/06/30,188,309
generated_json/universe_prs.json,2023/06/30,1,1
generated_json/universe_prs.json,2023/06/30,2,0
generated_json/universe_prs.json,2023/06/30,18,1
generated_json/autoware_launch_prs.json,2023/06/30,2,0
generated_json/autoware_launch_prs.json,2023/06/30,1,1
generated_json/universe_prs.json,2023/07/01,17,18
generated_json/autoware_common_prs.json,2023/07/02,0,1
generated_json/autoware_common_prs.json,2023/07/02,3,3
generated_json/universe_prs.json,2023/07/02,5,27
generated_json/universe_prs.json,2023/07/02,133,54
generated_json/autoware_common_prs.json,2023/07/03,4,4
generated_json/autoware_launch_prs.json,2023/07/03,4,1
generated_json/universe_prs.json,2023/07/03,707,0
generated_json/universe_prs.json,2023/07/03,119,69
generated_json/universe_prs.json,2023/07/03,3,3
generated_json/autoware_common_prs.json,2023/07/03,5,0
generated_json/universe_prs.json,2023/07/03,37,10
generated_json/autoware_launch_prs.json,2023/07/03,1,0
generated_json/universe_prs.json,2023/07/03,28,7
generated_json/autoware_launch_prs.json,2023/07/03,1,0
generated_json/universe_prs.json,2023/07/03,9,2
generated_json/autoware_launch_prs.json,2023/07/03,1,0
generated_json/autoware_documentation_prs.json,2023/07/03,113,12
generated_json/universe_prs.json,2023/07/04,1,1
generated_json/universe_prs.json,2023/07/04,4,1
generated_json/universe_prs.json,2023/07/04,5,5
generated_json/universe_prs.json,2023/07/04,132,159
generated_json/universe_prs.json,2023/07/04,3,3
generated_json/universe_prs.json,2023/07/04,15,13
generated_json/autoware_launch_prs.json,2023/07/04,1,1
generated_json/universe_prs.json,2023/07/04,1065,3
generated_json/universe_prs.json,2023/07/04,46,12
generated_json/universe_prs.json,2023/07/04,14,4
generated_json/universe_prs.json,2023/07/04,103,354
generated_json/universe_prs.json,2023/07/04,60,1
generated_json/universe_prs.json,2023/07/04,32,21
generated_json/universe_prs.json,2023/07/04,1,4
generated_json/universe_prs.json,2023/07/04,1,1
generated_json/autoware_launch_prs.json,2023/07/05,9,0
generated_json/universe_prs.json,2023/07/05,1062,256
generated_json/universe_prs.json,2023/07/05,11,2
generated_json/universe_prs.json,2023/07/05,1,1
generated_json/universe_prs.json,2023/07/05,5,8
generated_json/autoware_launch_prs.json,2023/07/05,9,0
generated_json/universe_prs.json,2023/07/05,0,313
generated_json/universe_prs.json,2023/07/05,129,62
generated_json/universe_prs.json,2023/07/05,15,2
generated_json/universe_prs.json,2023/07/06,25,14
generated_json/universe_prs.json,2023/07/06,4,483
generated_json/universe_prs.json,2023/07/06,5,858
generated_json/universe_prs.json,2023/07/06,309,233
generated_json/universe_prs.json,2023/07/06,9,12
generated_json/universe_prs.json,2023/07/06,249,123
generated_json/universe_prs.json,2023/07/06,43,117
generated_json/autoware_launch_prs.json,2023/07/06,5,6
generated_json/universe_prs.json,2023/07/06,2,1
generated_json/universe_prs.json,2023/07/06,21,3
generated_json/universe_prs.json,2023/07/06,28,10
generated_json/autoware_launch_prs.json,2023/07/07,3,3
generated_json/universe_prs.json,2023/07/07,45,0
generated_json/universe_prs.json,2023/07/07,30,4
generated_json/autoware_launch_prs.json,2023/07/07,3,0
generated_json/universe_prs.json,2023/07/07,2,2
generated_json/universe_prs.json,2023/07/07,5,11
generated_json/universe_prs.json,2023/07/07,3,2
generated_json/universe_prs.json,2023/07/07,381,409
generated_json/universe_prs.json,2023/07/07,1,1
generated_json/universe_prs.json,2023/07/07,2,2
generated_json/universe_prs.json,2023/07/08,8,0
generated_json/universe_prs.json,2023/07/09,176,84
generated_json/autoware_common_prs.json,2023/07/10,3,0
generated_json/universe_prs.json,2023/07/10,277,221
generated_json/universe_prs.json,2023/07/10,7,7
generated_json/autoware_launch_prs.json,2023/07/10,1,0
generated_json/universe_prs.json,2023/07/10,180,107
generated_json/universe_prs.json,2023/07/10,2,2
generated_json/universe_prs.json,2023/07/10,3,1
generated_json/universe_prs.json,2023/07/10,58,0
generated_json/universe_prs.json,2023/07/10,37,11
generated_json/universe_prs.json,2023/07/10,6,1
generated_json/universe_prs.json,2023/07/10,22,13
generated_json/autoware_launch_prs.json,2023/07/10,1,0
generated_json/universe_prs.json,2023/07/10,3,0
generated_json/universe_prs.json,2023/07/10,413,0
generated_json/universe_prs.json,2023/07/10,19,0
generated_json/universe_prs.json,2023/07/10,0,0
generated_json/universe_prs.json,2023/07/10,0,0
generated_json/universe_prs.json,2023/07/10,3,0
generated_json/universe_prs.json,2023/07/10,0,0
generated_json/universe_prs.json,2023/07/10,0,0
generated_json/universe_prs.json,2023/07/10,0,0
generated_json/universe_prs.json,2023/07/10,7,0
generated_json/universe_prs.json,2023/07/10,0,12
generated_json/universe_prs.json,2023/07/10,9,26
generated_json/universe_prs.json,2023/07/11,2808,0
generated_json/universe_prs.json,2023/07/11,137,71
generated_json/universe_prs.json,2023/07/11,29,0
generated_json/universe_prs.json,2023/07/11,22,0
generated_json/autoware_launch_prs.json,2023/07/11,0,355
generated_json/universe_prs.json,2023/07/11,7,10
generated_json/universe_prs.json,2023/07/11,15,20
generated_json/universe_prs.json,2023/07/11,2,0
generated_json/universe_prs.json,2023/07/11,0,80
generated_json/universe_prs.json,2023/07/11,27,40
generated_json/universe_prs.json,2023/07/11,109,56
generated_json/universe_prs.json,2023/07/11,4,0
generated_json/universe_prs.json,2023/07/11,10,3
generated_json/autoware_documentation_prs.json,2023/07/11,39,39
generated_json/universe_prs.json,2023/07/11,3,3
generated_json/universe_prs.json,2023/07/11,114,87
generated_json/universe_prs.json,2023/07/11,0,9
generated_json/universe_prs.json,2023/07/12,46,44
generated_json/universe_prs.json,2023/07/12,15,4
generated_json/universe_prs.json,2023/07/12,4,0
generated_json/universe_prs.json,2023/07/12,16,6
generated_json/autoware_documentation_prs.json,2023/07/12,125,0
generated_json/universe_prs.json,2023/07/12,9,5
generated_json/autoware_launch_prs.json,2023/07/12,36,131
generated_json/universe_prs.json,2023/07/12,302,1563
generated_json/autoware_launch_prs.json,2023/07/12,1,1
generated_json/universe_prs.json,2023/07/12,117,24
generated_json/universe_prs.json,2023/07/12,202,124
generated_json/universe_prs.json,2023/07/12,89,91
generated_json/autoware_documentation_prs.json,2023/07/12,68,132
generated_json/universe_prs.json,2023/07/12,93,88
generated_json/universe_prs.json,2023/07/12,32,7
generated_json/autoware_launch_prs.json,2023/07/12,84,6
generated_json/universe_prs.json,2023/07/12,50,7
generated_json/autoware_launch_prs.json,2023/07/12,1,0
generated_json/autoware_launch_prs.json,2023/07/12,3,0
generated_json/autoware_launch_prs.json,2023/07/12,1,1
generated_json/universe_prs.json,2023/07/12,7,0
generated_json/universe_prs.json,2023/07/13,41,1
generated_json/universe_prs.json,2023/07/13,4,4
generated_json/universe_prs.json,2023/07/13,26,26
generated_json/universe_prs.json,2023/07/13,29,40
generated_json/universe_prs.json,2023/07/13,84,81
generated_json/universe_prs.json,2023/07/13,16,13
generated_json/universe_prs.json,2023/07/13,17,0
generated_json/universe_prs.json,2023/07/13,159,174
generated_json/universe_prs.json,2023/07/13,55,1
generated_json/universe_prs.json,2023/07/13,1,1
generated_json/autoware_launch_prs.json,2023/07/13,2,1
generated_json/universe_prs.json,2023/07/13,8,4
generated_json/autoware_launch_prs.json,2023/07/13,79,0
generated_json/universe_prs.json,2023/07/14,1,1
generated_json/universe_prs.json,2023/07/14,80,79
generated_json/universe_prs.json,2023/07/14,52,0
generated_json/universe_prs.json,2023/07/14,113,82
generated_json/universe_prs.json,2023/07/14,219,213
generated_json/universe_prs.json,2023/07/14,2,0
generated_json/autoware_documentation_prs.json,2023/07/14,3,1
generated_json/autoware_launch_prs.json,2023/07/14,14,2
generated_json/universe_prs.json,2023/07/14,32,32
generated_json/universe_prs.json,2023/07/14,1,1
generated_json/universe_prs.json,2023/07/14,61,62
generated_json/universe_prs.json,2023/07/14,277,263
generated_json/universe_prs.json,2023/07/15,3,0
generated_json/autoware_launch_prs.json,2023/07/15,3,0
generated_json/universe_prs.json,2023/07/16,0,4
generated_json/universe_prs.json,2023/07/16,43,30
generated_json/universe_prs.json,2023/07/16,309,81
generated_json/universe_prs.json,2023/07/17,393,37
generated_json/autoware_launch_prs.json,2023/07/17,5,3
generated_json/universe_prs.json,2023/07/17,7,5
generated_json/universe_prs.json,2023/07/17,78,149
generated_json/universe_prs.json,2023/07/17,6,7
generated_json/universe_prs.json,2023/07/17,129,145
generated_json/universe_prs.json,2023/07/17,58,36
generated_json/universe_prs.json,2023/07/17,7,5
generated_json/universe_prs.json,2023/07/17,3,5
generated_json/autoware_launch_prs.json,2023/07/17,5,7
generated_json/universe_prs.json,2023/07/18,69,57
generated_json/autoware_launch_prs.json,2023/07/18,1,1
generated_json/universe_prs.json,2023/07/18,19,0
generated_json/universe_prs.json,2023/07/18,108,29
generated_json/autoware_launch_prs.json,2023/07/18,6,2
generated_json/autoware_launch_prs.json,2023/07/18,1,0
generated_json/universe_prs.json,2023/07/18,29,21
generated_json/universe_prs.json,2023/07/18,0,2
generated_json/universe_prs.json,2023/07/18,0,0
generated_json/universe_prs.json,2023/07/18,71,59
generated_json/universe_prs.json,2023/07/18,127,0
generated_json/universe_prs.json,2023/07/18,13,81
generated_json/universe_prs.json,2023/07/18,277,150
generated_json/universe_prs.json,2023/07/18,427,244
generated_json/autoware_launch_prs.json,2023/07/18,6,4
generated_json/autoware_documentation_prs.json,2023/07/18,38,0
generated_json/universe_prs.json,2023/07/18,182,156
generated_json/autoware_launch_prs.json,2023/07/18,43,33
generated_json/universe_prs.json,2023/07/18,1,0
generated_json/universe_prs.json,2023/07/18,38,0
generated_json/universe_prs.json,2023/07/18,0,1
generated_json/autoware_documentation_prs.json,2023/07/18,248,213
generated_json/universe_prs.json,2023/07/18,17,2
generated_json/universe_prs.json,2023/07/18,8,3
generated_json/autoware_launch_prs.json,2023/07/18,2,0
generated_json/universe_prs.json,2023/07/18,1,5
generated_json/universe_prs.json,2023/07/19,87,13
generated_json/universe_prs.json,2023/07/19,1,1
generated_json/universe_prs.json,2023/07/19,3,1
generated_json/universe_prs.json,2023/07/19,6,6
generated_json/universe_prs.json,2023/07/19,15,8
generated_json/autoware_launch_prs.json,2023/07/19,2,1
generated_json/autoware_launch_prs.json,2023/07/19,32,0
generated_json/universe_prs.json,2023/07/19,3,0
generated_json/universe_prs.json,2023/07/19,81,59
generated_json/universe_prs.json,2023/07/19,10,0
generated_json/autoware_launch_prs.json,2023/07/19,57,0
generated_json/autoware_launch_prs.json,2023/07/19,4,0
generated_json/autoware_launch_prs.json,2023/07/20,1,1
generated_json/universe_prs.json,2023/07/20,3602,0
generated_json/universe_prs.json,2023/07/20,3,0
generated_json/universe_prs.json,2023/07/20,9,1
generated_json/universe_prs.json,2023/07/20,11,11
generated_json/autoware_launch_prs.json,2023/07/20,1,1
generated_json/universe_prs.json,2023/07/20,1389,0
generated_json/universe_prs.json,2023/07/20,25,2
generated_json/universe_prs.json,2023/07/21,1,1
generated_json/autoware_documentation_prs.json,2023/07/21,5,5
generated_json/universe_prs.json,2023/07/21,19,0
generated_json/universe_prs.json,2023/07/21,165,7
generated_json/universe_prs.json,2023/07/21,7,1
generated_json/autoware_launch_prs.json,2023/07/21,92,5
generated_json/universe_prs.json,2023/07/21,31,31
generated_json/universe_prs.json,2023/07/21,32,16
generated_json/universe_prs.json,2023/07/21,59,24
generated_json/universe_prs.json,2023/07/21,15,3
generated_json/universe_prs.json,2023/07/21,22,1
generated_json/autoware_launch_prs.json,2023/07/21,83,0
generated_json/universe_prs.json,2023/07/21,1,1
generated_json/universe_prs.json,2023/07/21,11,4
generated_json/universe_prs.json,2023/07/21,2,2
generated_json/universe_prs.json,2023/07/22,11,0
generated_json/universe_prs.json,2023/07/22,1,1
generated_json/universe_prs.json,2023/07/22,30,22
generated_json/universe_prs.json,2023/07/22,52,91
generated_json/universe_prs.json,2023/07/23,1,2
generated_json/universe_prs.json,2023/07/23,22,0
generated_json/universe_prs.json,2023/07/23,35,15
generated_json/universe_prs.json,2023/07/24,2,2
generated_json/universe_prs.json,2023/07/24,0,1
generated_json/universe_prs.json,2023/07/24,3,3
generated_json/universe_prs.json,2023/07/24,74,1
generated_json/universe_prs.json,2023/07/24,302,153
generated_json/universe_prs.json,2023/07/24,1,1
generated_json/autoware_launch_prs.json,2023/07/24,4,4
generated_json/universe_prs.json,2023/07/24,1,1
generated_json/autoware_launch_prs.json,2023/07/24,13,6
generated_json/universe_prs.json,2023/07/24,5,1
generated_json/universe_prs.json,2023/07/24,93,13
generated_json/autoware_documentation_prs.json,2023/07/24,2,2
generated_json/autoware_launch_prs.json,2023/07/24,14,6
generated_json/universe_prs.json,2023/07/25,62,52
generated_json/universe_prs.json,2023/07/25,295,463
generated_json/universe_prs.json,2023/07/25,42,38
generated_json/universe_prs.json,2023/07/25,53,13
generated_json/universe_prs.json,2023/07/25,18,0
generated_json/universe_prs.json,2023/07/26,9,4
generated_json/universe_prs.json,2023/07/26,12,11
generated_json/autoware_launch_prs.json,2023/07/26,1,2
generated_json/universe_prs.json,2023/07/26,294,0
generated_json/universe_prs.json,2023/07/26,6,6
generated_json/universe_prs.json,2023/07/26,0,1
generated_json/universe_prs.json,2023/07/26,48,75
generated_json/autoware_launch_prs.json,2023/07/26,1,1
generated_json/autoware_launch_prs.json,2023/07/26,11,4
generated_json/universe_prs.json,2023/07/26,44,42
generated_json/universe_prs.json,2023/07/26,4,4
generated_json/universe_prs.json,2023/07/26,1,1
generated_json/universe_prs.json,2023/07/26,52,10
generated_json/universe_prs.json,2023/07/26,11,10
generated_json/universe_prs.json,2023/07/26,8,8
generated_json/universe_prs.json,2023/07/26,2,2
generated_json/universe_prs.json,2023/07/26,2,2
generated_json/universe_prs.json,2023/07/26,4,1
generated_json/autoware_launch_prs.json,2023/07/26,3,0
generated_json/universe_prs.json,2023/07/26,30,31
generated_json/autoware_launch_prs.json,2023/07/26,8,0
generated_json/universe_prs.json,2023/07/26,9,2
generated_json/autoware_launch_prs.json,2023/07/26,2,0
generated_json/universe_prs.json,2023/07/26,2,2
generated_json/universe_prs.json,2023/07/26,82,3
generated_json/autoware_launch_prs.json,2023/07/26,4,0
generated_json/universe_prs.json,2023/07/26,52,4
generated_json/universe_prs.json,2023/07/26,12,11
generated_json/universe_prs.json,2023/07/27,24,44
generated_json/universe_prs.json,2023/07/27,323,17
generated_json/autoware_launch_prs.json,2023/07/27,10,0
generated_json/universe_prs.json,2023/07/27,3,3
generated_json/universe_prs.json,2023/07/27,69,30
generated_json/universe_prs.json,2023/07/27,7,6
generated_json/universe_prs.json,2023/07/27,0,31
generated_json/universe_prs.json,2023/07/27,18,3
generated_json/universe_prs.json,2023/07/27,31,0
generated_json/autoware_launch_prs.json,2023/07/27,0,4
generated_json/universe_prs.json,2023/07/27,1,1
generated_json/universe_prs.json,2023/07/27,18,0
generated_json/universe_prs.json,2023/07/27,15,7
generated_json/universe_prs.json,2023/07/27,33,32
generated_json/autoware_launch_prs.json,2023/07/27,1,0
generated_json/universe_prs.json,2023/07/27,278,200
generated_json/universe_prs.json,2023/07/28,10,0
generated_json/universe_prs.json,2023/07/28,0,2
generated_json/universe_prs.json,2023/07/28,3,3
generated_json/universe_prs.json,2023/07/28,80,75
generated_json/autoware_launch_prs.json,2023/07/28,1,27
generated_json/autoware_documentation_prs.json,2023/07/28,25,7
generated_json/universe_prs.json,2023/07/28,29,28
generated_json/universe_prs.json,2023/07/28,8,1
generated_json/autoware_documentation_prs.json,2023/07/28,1,1
generated_json/universe_prs.json,2023/07/28,18,46
generated_json/universe_prs.json,2023/07/28,41,6
generated_json/autoware_launch_prs.json,2023/07/28,3,0
generated_json/universe_prs.json,2023/07/28,3,3
generated_json/universe_prs.json,2023/07/29,37,20
generated_json/universe_prs.json,2023/07/29,192,149
generated_json/universe_prs.json,2023/07/29,25,12
generated_json/autoware_launch_prs.json,2023/07/30,8,0
generated_json/universe_prs.json,2023/07/30,9,1
generated_json/universe_prs.json,2023/07/30,41,29
generated_json/universe_prs.json,2023/07/30,33,0
generated_json/universe_prs.json,2023/07/30,3,3
generated_json/universe_prs.json,2023/07/30,30,74
generated_json/universe_prs.json,2023/07/31,24,32
generated_json/universe_prs.json,2023/07/31,1,2
generated_json/universe_prs.json,2023/07/31,1,8
generated_json/autoware_msgs_prs.json,2023/07/31,3,2
generated_json/autoware_prs.json,2023/07/31,7,3
generated_json/universe_prs.json,2023/07/31,12,5
generated_json/universe_prs.json,2023/07/31,1,1
generated_json/universe_prs.json,2023/07/31,26,9
generated_json/universe_prs.json,2023/07/31,100,25
generated_json/autoware_launch_prs.json,2023/07/31,2,1
generated_json/universe_prs.json,2023/07/31,12,6
generated_json/autoware_launch_prs.json,2023/07/31,3,2
generated_json/autoware_launch_prs.json,2023/07/31,1,0
generated_json/universe_prs.json,2023/07/31,23,1
generated_json/universe_prs.json,2023/07/31,0,3
generated_json/universe_prs.json,2023/07/31,135,90
generated_json/autoware_launch_prs.json,2023/07/31,2,0
generated_json/universe_prs.json,2023/07/31,10,7
generated_json/universe_prs.json,2023/07/31,32,7
generated_json/universe_prs.json,2023/07/31,158,1
generated_json/universe_prs.json,2023/07/31,12,5
generated_json/universe_prs.json,2023/07/31,4,52
generated_json/universe_prs.json,2023/08/01,20,19
generated_json/universe_prs.json,2023/08/01,2,2
generated_json/autoware_documentation_prs.json,2023/08/01,2,39
generated_json/universe_prs.json,2023/08/01,8,8
generated_json/autoware_documentation_prs.json,2023/08/01,2,2
generated_json/universe_prs.json,2023/08/01,3,3
generated_json/universe_prs.json,2023/08/01,1,1
generated_json/universe_prs.json,2023/08/01,22,24
generated_json/universe_prs.json,2023/08/01,1,1
generated_json/universe_prs.json,2023/08/01,10,3
generated_json/universe_prs.json,2023/08/01,119,34
generated_json/universe_prs.json,2023/08/01,16,11
generated_json/universe_prs.json,2023/08/01,2,4
generated_json/universe_prs.json,2023/08/01,14,0
generated_json/autoware_launch_prs.json,2023/08/01,1,0
generated_json/universe_prs.json,2023/08/01,52,15
generated_json/universe_prs.json,2023/08/01,43,10
generated_json/autoware_launch_prs.json,2023/08/01,4,2
generated_json/universe_prs.json,2023/08/01,26,15
generated_json/universe_prs.json,2023/08/02,11,5
generated_json/autoware_launch_prs.json,2023/08/02,3,0
generated_json/universe_prs.json,2023/08/02,16,0
generated_json/autoware_documentation_prs.json,2023/08/03,49,7
generated_json/universe_prs.json,2023/08/03,365,1
generated_json/universe_prs.json,2023/08/03,17,14
generated_json/universe_prs.json,2023/08/03,8,6
generated_json/universe_prs.json,2023/08/03,5,6
generated_json/universe_prs.json,2023/08/03,5,1
generated_json/universe_prs.json,2023/08/03,18,7
generated_json/autoware_launch_prs.json,2023/08/03,1,0
generated_json/universe_prs.json,2023/08/03,1,3
generated_json/universe_prs.json,2023/08/04,0,0
generated_json/universe_prs.json,2023/08/04,6,1
generated_json/universe_prs.json,2023/08/04,392,229
generated_json/autoware_launch_prs.json,2023/08/04,9,0
generated_json/universe_prs.json,2023/08/04,0,269
generated_json/universe_prs.json,2023/08/04,1,0
generated_json/universe_prs.json,2023/08/04,2,1
generated_json/universe_prs.json,2023/08/05,122,115
generated_json/universe_prs.json,2023/08/05,154,62
generated_json/autoware_launch_prs.json,2023/08/05,4,0
generated_json/universe_prs.json,2023/08/05,13,0
generated_json/universe_prs.json,2023/08/05,13,6
generated_json/universe_prs.json,2023/08/05,7,11
generated_json/universe_prs.json,2023/08/05,1,0
generated_json/universe_prs.json,2023/08/05,22,21
generated_json/universe_prs.json,2023/08/05,1,1
generated_json/universe_prs.json,2023/08/06,0,4
generated_json/autoware_launch_prs.json,2023/08/06,0,1
generated_json/universe_prs.json,2023/08/06,66,15
generated_json/universe_prs.json,2023/08/07,79,28
generated_json/universe_prs.json,2023/08/07,23,20
generated_json/universe_prs.json,2023/08/07,9,0
generated_json/autoware_launch_prs.json,2023/08/07,1,0
generated_json/universe_prs.json,2023/08/07,6,3
generated_json/universe_prs.json,2023/08/07,43,0
generated_json/universe_prs.json,2023/08/07,55,32
generated_json/universe_prs.json,2023/08/07,16,18
generated_json/universe_prs.json,2023/08/07,129,46
generated_json/universe_prs.json,2023/08/07,60,27
generated_json/universe_prs.json,2023/08/07,89,12
generated_json/autoware_launch_prs.json,2023/08/07,7,5
generated_json/universe_prs.json,2023/08/07,1165,0
generated_json/universe_prs.json,2023/08/08,2,0
generated_json/universe_prs.json,2023/08/08,32,25
generated_json/universe_prs.json,2023/08/08,45,110
generated_json/universe_prs.json,2023/08/08,14,1
generated_json/universe_prs.json,2023/08/08,390,5
generated_json/universe_prs.json,2023/08/08,5,0
generated_json/autoware_prs.json,2023/08/08,1,1
generated_json/universe_prs.json,2023/08/08,1,1
generated_json/universe_prs.json,2023/08/08,2,1
generated_json/universe_prs.json,2023/08/08,13,2
generated_json/universe_prs.json,2023/08/08,4,1
generated_json/universe_prs.json,2023/08/08,33,0
generated_json/universe_prs.json,2023/08/08,8,8
generated_json/universe_prs.json,2023/08/08,42,14
generated_json/autoware_launch_prs.json,2023/08/08,4,1
generated_json/universe_prs.json,2023/08/08,63,61
generated_json/universe_prs.json,2023/08/08,1,1
generated_json/universe_prs.json,2023/08/08,6,1
generated_json/universe_prs.json,2023/08/08,1,1
generated_json/universe_prs.json,2023/08/08,32,1
generated_json/universe_prs.json,2023/08/08,4,2
generated_json/universe_prs.json,2023/08/08,1,1
generated_json/universe_prs.json,2023/08/08,610,340
generated_json/universe_prs.json,2023/08/08,40,3
generated_json/autoware_launch_prs.json,2023/08/09,16,3
generated_json/autoware_documentation_prs.json,2023/08/09,25,21
generated_json/autoware_documentation_prs.json,2023/08/09,2,2
generated_json/universe_prs.json,2023/08/09,83,0
generated_json/autoware_launch_prs.json,2023/08/09,6,5
generated_json/universe_prs.json,2023/08/10,4,4
generated_json/universe_prs.json,2023/08/10,4,4
generated_json/universe_prs.json,2023/08/10,31,18
generated_json/universe_prs.json,2023/08/10,82,4
generated_json/universe_prs.json,2023/08/10,1,1
generated_json/universe_prs.json,2023/08/10,41,30
generated_json/universe_prs.json,2023/08/10,5,0
generated_json/universe_prs.json,2023/08/10,116,91
generated_json/universe_prs.json,2023/08/10,98,117
generated_json/universe_prs.json,2023/08/11,4,4
generated_json/universe_prs.json,2023/08/11,7,0
generated_json/universe_prs.json,2023/08/11,67,3
generated_json/autoware_launch_prs.json,2023/08/11,2,0
generated_json/universe_prs.json,2023/08/11,986,79
generated_json/universe_prs.json,2023/08/11,116,142
generated_json/universe_prs.json,2023/08/12,84,24
generated_json/universe_prs.json,2023/08/12,20,0
generated_json/universe_prs.json,2023/08/12,9,2
generated_json/autoware_launch_prs.json,2023/08/12,15,0
generated_json/autoware_launch_prs.json,2023/08/12,12,10
generated_json/universe_prs.json,2023/08/12,4,0
generated_json/autoware_launch_prs.json,2023/08/12,1,0
generated_json/universe_prs.json,2023/08/12,92,4
generated_json/universe_prs.json,2023/08/12,118,55
generated_json/autoware_launch_prs.json,2023/08/12,2,1
generated_json/universe_prs.json,2023/08/13,28,13
generated_json/autoware_launch_prs.json,2023/08/13,2,1
generated_json/universe_prs.json,2023/08/13,473,56
generated_json/autoware_launch_prs.json,2023/08/13,36,0
generated_json/universe_prs.json,2023/08/13,1,0
generated_json/universe_prs.json,2023/08/13,1,1
generated_json/universe_prs.json,2023/08/13,34,3
generated_json/universe_prs.json,2023/08/13,82,21
generated_json/universe_prs.json,2023/08/14,41,9
generated_json/universe_prs.json,2023/08/14,49,21
generated_json/universe_prs.json,2023/08/14,361,2
generated_json/universe_prs.json,2023/08/14,45,7
generated_json/universe_prs.json,2023/08/14,7,6
generated_json/universe_prs.json,2023/08/14,133,93
generated_json/universe_prs.json,2023/08/14,1,1
generated_json/universe_prs.json,2023/08/14,116,35
generated_json/universe_prs.json,2023/08/14,3,3
generated_json/universe_prs.json,2023/08/14,5,3
generated_json/universe_prs.json,2023/08/14,1,0
generated_json/universe_prs.json,2023/08/14,4,1
generated_json/autoware_documentation_prs.json,2023/08/14,8,5
generated_json/autoware_launch_prs.json,2023/08/15,1,0
generated_json/universe_prs.json,2023/08/15,1,0
generated_json/universe_prs.json,2023/08/15,55,8
generated_json/universe_prs.json,2023/08/15,4,0
generated_json/universe_prs.json,2023/08/15,104,13
generated_json/universe_prs.json,2023/08/15,2,2
generated_json/universe_prs.json,2023/08/15,41,16
generated_json/universe_prs.json,2023/08/15,18,3
generated_json/universe_prs.json,2023/08/16,5,2
generated_json/universe_prs.json,2023/08/16,3,2
generated_json/universe_prs.json,2023/08/16,109,0
generated_json/universe_prs.json,2023/08/16,16,16
generated_json/universe_prs.json,2023/08/16,16,8
generated_json/universe_prs.json,2023/08/16,43,13
generated_json/universe_prs.json,2023/08/16,11,8
generated_json/universe_prs.json,2023/08/16,18,9
generated_json/universe_prs.json,2023/08/16,4,3
generated_json/universe_prs.json,2023/08/16,8,4
generated_json/universe_prs.json,2023/08/16,12,5
generated_json/universe_prs.json,2023/08/16,34,19
generated_json/autoware_launch_prs.json,2023/08/17,8,0
generated_json/autoware_common_prs.json,2023/08/17,28,0
generated_json/universe_prs.json,2023/08/17,3,1
generated_json/universe_prs.json,2023/08/17,1,1
generated_json/universe_prs.json,2023/08/17,4,0
generated_json/universe_prs.json,2023/08/17,76,1
generated_json/autoware_launch_prs.json,2023/08/17,16,4
generated_json/universe_prs.json,2023/08/17,20,0
generated_json/universe_prs.json,2023/08/17,775,217
generated_json/universe_prs.json,2023/08/18,1,1
generated_json/autoware_launch_prs.json,2023/08/18,1,1
generated_json/universe_prs.json,2023/08/18,2,2
generated_json/autoware_documentation_prs.json,2023/08/18,1,1
generated_json/universe_prs.json,2023/08/18,0,1
generated_json/universe_prs.json,2023/08/18,131,19
generated_json/universe_prs.json,2023/08/18,7,7
generated_json/universe_prs.json,2023/08/18,67,41
generated_json/universe_prs.json,2023/08/18,1,1
generated_json/universe_prs.json,2023/08/18,24,5
generated_json/universe_prs.json,2023/08/18,43,1
generated_json/universe_prs.json,2023/08/19,266,8
generated_json/universe_prs.json,2023/08/19,2,1
generated_json/universe_prs.json,2023/08/20,10,1
generated_json/universe_prs.json,2023/08/20,5,8
generated_json/universe_prs.json,2023/08/20,65,9
generated_json/autoware_launch_prs.json,2023/08/20,2,1
generated_json/universe_prs.json,2023/08/21,18,8
generated_json/universe_prs.json,2023/08/21,2,1
generated_json/universe_prs.json,2023/08/21,92,21
generated_json/universe_prs.json,2023/08/21,6,1
generated_json/universe_prs.json,2023/08/21,4,4
generated_json/universe_prs.json,2023/08/21,1094,7
generated_json/universe_prs.json,2023/08/21,39,38
generated_json/autoware_documentation_prs.json,2023/08/21,2,0
generated_json/universe_prs.json,2023/08/21,2,2
generated_json/universe_prs.json,2023/08/21,11,12
generated_json/universe_prs.json,2023/08/22,52,76
generated_json/universe_prs.json,2023/08/22,45,47
generated_json/universe_prs.json,2023/08/22,3,3
generated_json/universe_prs.json,2023/08/22,2,0
generated_json/universe_prs.json,2023/08/22,12,11
generated_json/autoware_launch_prs.json,2023/08/22,1,0
generated_json/universe_prs.json,2023/08/22,2,1
generated_json/universe_prs.json,2023/08/22,72,10
generated_json/universe_prs.json,2023/08/22,165,124
generated_json/universe_prs.json,2023/08/22,200,45
generated_json/universe_prs.json,2023/08/22,1,0
generated_json/universe_prs.json,2023/08/22,56,21
generated_json/universe_prs.json,2023/08/22,82,9
generated_json/universe_prs.json,2023/08/22,182,2
generated_json/universe_prs.json,2023/08/22,59,77
generated_json/universe_prs.json,2023/08/22,12,26
generated_json/universe_prs.json,2023/08/22,31,14
generated_json/universe_prs.json,2023/08/22,11,11
generated_json/universe_prs.json,2023/08/22,7,3
generated_json/universe_prs.json,2023/08/22,16,2
generated_json/universe_prs.json,2023/08/22,10,1
generated_json/universe_prs.json,2023/08/22,41,26
generated_json/autoware_launch_prs.json,2023/08/22,3,1
generated_json/universe_prs.json,2023/08/22,47,7
generated_json/universe_prs.json,2023/08/22,9,659
generated_json/autoware_launch_prs.json,2023/08/22,1,1
generated_json/universe_prs.json,2023/08/22,384,180
generated_json/universe_prs.json,2023/08/22,33,2
generated_json/universe_prs.json,2023/08/22,149,0
generated_json/universe_prs.json,2023/08/23,34,39
generated_json/universe_prs.json,2023/08/23,3,1
generated_json/universe_prs.json,2023/08/23,20,4
generated_json/universe_prs.json,2023/08/23,108,77
generated_json/universe_prs.json,2023/08/23,54,2
generated_json/autoware_launch_prs.json,2023/08/23,2,0
generated_json/universe_prs.json,2023/08/23,2561,0
generated_json/universe_prs.json,2023/08/23,33,20
generated_json/autoware_launch_prs.json,2023/08/23,1,0
generated_json/universe_prs.json,2023/08/23,2,0
generated_json/universe_prs.json,2023/08/23,10,35
generated_json/autoware_launch_prs.json,2023/08/23,20,13
generated_json/universe_prs.json,2023/08/23,11,7
generated_json/universe_prs.json,2023/08/23,28,14
generated_json/universe_prs.json,2023/08/24,442,16
generated_json/universe_prs.json,2023/08/24,63,1
generated_json/universe_prs.json,2023/08/24,16,5
generated_json/autoware_launch_prs.json,2023/08/24,1,4
generated_json/universe_prs.json,2023/08/24,7,13
generated_json/universe_prs.json,2023/08/24,2,7
generated_json/universe_prs.json,2023/08/24,72,77
generated_json/universe_prs.json,2023/08/24,28,14
generated_json/universe_prs.json,2023/08/24,2,0
generated_json/universe_prs.json,2023/08/24,18,20
generated_json/universe_prs.json,2023/08/24,11,12
generated_json/universe_prs.json,2023/08/24,10,2
generated_json/universe_prs.json,2023/08/24,2,2
generated_json/universe_prs.json,2023/08/24,178,0
generated_json/universe_prs.json,2023/08/24,35,16
generated_json/universe_prs.json,2023/08/24,75,0
generated_json/universe_prs.json,2023/08/25,14,3
generated_json/universe_prs.json,2023/08/25,19,9
generated_json/universe_prs.json,2023/08/25,39,1
generated_json/universe_prs.json,2023/08/25,14,3
generated_json/universe_prs.json,2023/08/25,48,50
generated_json/universe_prs.json,2023/08/25,3,0
generated_json/universe_prs.json,2023/08/25,32,7
generated_json/universe_prs.json,2023/08/25,54,0
generated_json/universe_prs.json,2023/08/25,1,1
generated_json/autoware_documentation_prs.json,2023/08/25,1,1
generated_json/universe_prs.json,2023/08/25,28,9
generated_json/autoware_launch_prs.json,2023/08/25,4,4
generated_json/autoware_launch_prs.json,2023/08/25,2,1
generated_json/autoware_launch_prs.json,2023/08/25,2,1
generated_json/universe_prs.json,2023/08/25,10,11
generated_json/universe_prs.json,2023/08/25,23,22
generated_json/universe_prs.json,2023/08/25,3,3
generated_json/universe_prs.json,2023/08/25,22,4
generated_json/autoware_launch_prs.json,2023/08/25,4,1
generated_json/universe_prs.json,2023/08/26,3,2
generated_json/universe_prs.json,2023/08/26,12,7
generated_json/universe_prs.json,2023/08/27,26,5
generated_json/universe_prs.json,2023/08/28,36,0
generated_json/universe_prs.json,2023/08/28,13,8
generated_json/universe_prs.json,2023/08/28,43,35
generated_json/universe_prs.json,2023/08/28,11,8
generated_json/universe_prs.json,2023/08/28,54,48
generated_json/universe_prs.json,2023/08/28,7,3
generated_json/universe_prs.json,2023/08/28,10,8
generated_json/universe_prs.json,2023/08/28,35,29
generated_json/universe_prs.json,2023/08/28,27,21
generated_json/universe_prs.json,2023/08/28,38,45
generated_json/universe_prs.json,2023/08/28,9,7
generated_json/universe_prs.json,2023/08/28,9,5
generated_json/universe_prs.json,2023/08/28,9,5
generated_json/universe_prs.json,2023/08/28,10,7
generated_json/universe_prs.json,2023/08/28,4,2
generated_json/universe_prs.json,2023/08/28,15,15
generated_json/universe_prs.json,2023/08/28,329,55
generated_json/universe_prs.json,2023/08/28,1,1
generated_json/universe_prs.json,2023/08/28,72,68
generated_json/universe_prs.json,2023/08/28,376,262
generated_json/universe_prs.json,2023/08/28,19,3
generated_json/autoware_launch_prs.json,2023/08/28,1,2
generated_json/universe_prs.json,2023/08/28,87,17
generated_json/universe_prs.json,2023/08/28,142,31
generated_json/universe_prs.json,2023/08/28,0,2
generated_json/universe_prs.json,2023/08/28,55,30
generated_json/autoware_launch_prs.json,2023/08/28,1,0
generated_json/universe_prs.json,2023/08/28,12,11
generated_json/universe_prs.json,2023/08/28,207,201
generated_json/autoware_launch_prs.json,2023/08/28,4,2
generated_json/universe_prs.json,2023/08/29,57,66
generated_json/universe_prs.json,2023/08/29,3,28
generated_json/universe_prs.json,2023/08/29,2,2
generated_json/universe_prs.json,2023/08/29,3,1
generated_json/autoware_documentation_prs.json,2023/08/29,1,1
generated_json/universe_prs.json,2023/08/29,1,0
generated_json/universe_prs.json,2023/08/29,82,112
generated_json/universe_prs.json,2023/08/29,108,33
generated_json/universe_prs.json,2023/08/29,183,169
generated_json/autoware_launch_prs.json,2023/08/29,3,3
generated_json/universe_prs.json,2023/08/29,224,0
generated_json/universe_prs.json,2023/08/29,130,56
generated_json/universe_prs.json,2023/08/29,1,0
generated_json/autoware_launch_prs.json,2023/08/29,1,0
generated_json/universe_prs.json,2023/08/29,31,6
generated_json/autoware_launch_prs.json,2023/08/29,7,1
generated_json/universe_prs.json,2023/08/29,405,71
generated_json/universe_prs.json,2023/08/30,25,4
generated_json/universe_prs.json,2023/08/30,245,19
generated_json/autoware_launch_prs.json,2023/08/30,4,0
generated_json/universe_prs.json,2023/08/30,284,28
generated_json/universe_prs.json,2023/08/30,21,0
generated_json/universe_prs.json,2023/08/30,11,1
generated_json/universe_prs.json,2023/08/30,0,5
generated_json/universe_prs.json,2023/08/30,64,17
generated_json/universe_prs.json,2023/08/30,65,32
generated_json/autoware_launch_prs.json,2023/08/30,0,1
generated_json/universe_prs.json,2023/08/30,1,0
generated_json/universe_prs.json,2023/08/30,34,1
generated_json/universe_prs.json,2023/08/30,139,63
generated_json/autoware_launch_prs.json,2023/08/30,3,0
generated_json/autoware_common_prs.json,2023/08/30,135,70
generated_json/universe_prs.json,2023/08/30,4,5
generated_json/autoware_launch_prs.json,2023/08/30,28,0
generated_json/universe_prs.json,2023/08/30,3,0
generated_json/universe_prs.json,2023/08/30,10,6
generated_json/autoware_launch_prs.json,2023/08/30,1,1
generated_json/universe_prs.json,2023/08/30,3,1
generated_json/autoware_launch_prs.json,2023/08/30,10,0
generated_json/universe_prs.json,2023/08/30,19,28
generated_json/universe_prs.json,2023/08/30,10,7
generated_json/universe_prs.json,2023/08/30,1,0
generated_json/autoware_launch_prs.json,2023/08/31,103,1
generated_json/universe_prs.json,2023/08/31,1,1
generated_json/universe_prs.json,2023/08/31,11,5
generated_json/universe_prs.json,2023/08/31,101,63
generated_json/universe_prs.json,2023/08/31,39,4
generated_json/autoware_launch_prs.json,2023/08/31,2,2
generated_json/universe_prs.json,2023/08/31,34,22
generated_json/autoware_launch_prs.json,2023/08/31,1,1
generated_json/universe_prs.json,2023/08/31,330,270
generated_json/universe_prs.json,2023/08/31,5,5
generated_json/universe_prs.json,2023/08/31,1,1
generated_json/universe_prs.json,2023/08/31,6,25
generated_json/universe_prs.json,2023/08/31,2,2
generated_json/universe_prs.json,2023/08/31,10,10
generated_json/universe_prs.json,2023/09/01,13,15
generated_json/universe_prs.json,2023/09/01,3,1
generated_json/universe_prs.json,2023/09/01,5,2
generated_json/universe_prs.json,2023/09/01,1,1
generated_json/universe_prs.json,2023/09/01,61,49
generated_json/universe_prs.json,2023/09/01,16,12
generated_json/autoware_launch_prs.json,2023/09/01,1,0
generated_json/universe_prs.json,2023/09/01,34,9
generated_json/universe_prs.json,2023/09/01,3,2
generated_json/universe_prs.json,2023/09/01,64,27
generated_json/universe_prs.json,2023/09/01,1,0
generated_json/universe_prs.json,2023/09/01,97,23
generated_json/universe_prs.json,2023/09/01,2,1
generated_json/universe_prs.json,2023/09/01,7,0
generated_json/universe_prs.json,2023/09/02,378,0
generated_json/universe_prs.json,2023/09/03,21,41
generated_json/universe_prs.json,2023/09/03,100,50
generated_json/universe_prs.json,2023/09/03,67,202
generated_json/universe_prs.json,2023/09/03,6,2
generated_json/universe_prs.json,2023/09/03,12,2
generated_json/universe_prs.json,2023/09/03,83,35
generated_json/autoware_launch_prs.json,2023/09/03,6,1
generated_json/universe_prs.json,2023/09/04,13,10
generated_json/universe_prs.json,2023/09/04,51,38
generated_json/universe_prs.json,2023/09/04,5,1
generated_json/universe_prs.json,2023/09/04,1,0
generated_json/universe_prs.json,2023/09/04,6,0
generated_json/universe_prs.json,2023/09/04,2,13
generated_json/universe_prs.json,2023/09/04,8,3
generated_json/universe_prs.json,2023/09/04,5,3
generated_json/universe_prs.json,2023/09/04,54,4
generated_json/universe_prs.json,2023/09/04,24,8
generated_json/universe_prs.json,2023/09/04,630,22
generated_json/autoware_launch_prs.json,2023/09/04,120,0
generated_json/universe_prs.json,2023/09/04,4,2
generated_json/universe_prs.json,2023/09/04,5,5
generated_json/universe_prs.json,2023/09/04,20,4
generated_json/universe_prs.json,2023/09/04,4,2
generated_json/universe_prs.json,2023/09/04,7,6
generated_json/universe_prs.json,2023/09/04,3,2
generated_json/autoware_core_prs.json,2023/09/04,14,14
generated_json/autoware_launch_prs.json,2023/09/05,9,9
generated_json/universe_prs.json,2023/09/05,122,91
generated_json/autoware_documentation_prs.json,2023/09/05,1,1
generated_json/universe_prs.json,2023/09/05,5,4
generated_json/universe_prs.json,2023/09/05,200,8
generated_json/universe_prs.json,2023/09/05,2,2
generated_json/universe_prs.json,2023/09/05,59,33
generated_json/universe_prs.json,2023/09/05,16,16
generated_json/universe_prs.json,2023/09/05,952,1
generated_json/universe_prs.json,2023/09/05,2,2
generated_json/autoware_launch_prs.json,2023/09/05,1,1
generated_json/universe_prs.json,2023/09/05,14,14
generated_json/autoware_common_prs.json,2023/09/05,81,4
generated_json/universe_prs.json,2023/09/05,40,8
generated_json/autoware_launch_prs.json,2023/09/05,4,0
generated_json/universe_prs.json,2023/09/05,115,31
generated_json/autoware_prs.json,2023/09/05,15,15
generated_json/universe_prs.json,2023/09/05,52,37
generated_json/autoware_documentation_prs.json,2023/09/05,5,4
generated_json/universe_prs.json,2023/09/05,5,26
generated_json/universe_prs.json,2023/09/05,0,20
generated_json/universe_prs.json,2023/09/05,0,48
generated_json/universe_prs.json,2023/09/05,23,24
generated_json/autoware_documentation_prs.json,2023/09/05,179,60
generated_json/universe_prs.json,2023/09/05,16,17
generated_json/universe_prs.json,2023/09/06,26,8
generated_json/universe_prs.json,2023/09/06,133,27
generated_json/universe_prs.json,2023/09/06,1510,107
generated_json/universe_prs.json,2023/09/06,301,252
generated_json/universe_prs.json,2023/09/06,1,46
generated_json/universe_prs.json,2023/09/06,12,86
generated_json/universe_prs.json,2023/09/06,58,1
generated_json/universe_prs.json,2023/09/06,4,0
generated_json/universe_prs.json,2023/09/06,2,0
generated_json/autoware_documentation_prs.json,2023/09/06,42,0
generated_json/autoware_documentation_prs.json,2023/09/06,1625,7
generated_json/universe_prs.json,2023/09/07,8,3
generated_json/universe_prs.json,2023/09/07,40,11
generated_json/universe_prs.json,2023/09/07,14,331
generated_json/universe_prs.json,2023/09/07,576,13
generated_json/autoware_launch_prs.json,2023/09/07,6,0
generated_json/autoware_launch_prs.json,2023/09/07,3,0
generated_json/universe_prs.json,2023/09/07,22,2
generated_json/universe_prs.json,2023/09/07,224,37
generated_json/universe_prs.json,2023/09/07,106,48
generated_json/universe_prs.json,2023/09/07,7,0
generated_json/universe_prs.json,2023/09/07,6,1
generated_json/universe_prs.json,2023/09/07,649,144
generated_json/universe_prs.json,2023/09/08,12,13
generated_json/autoware_launch_prs.json,2023/09/08,9,6
generated_json/universe_prs.json,2023/09/08,282,92
generated_json/autoware_launch_prs.json,2023/09/08,51,5
generated_json/universe_prs.json,2023/09/08,1,0
generated_json/universe_prs.json,2023/09/08,97,11
generated_json/universe_prs.json,2023/09/08,37,6
generated_json/universe_prs.json,2023/09/08,14,2
generated_json/universe_prs.json,2023/09/08,1,1
generated_json/universe_prs.json,2023/09/08,8,0
generated_json/universe_prs.json,2023/09/09,31,10
generated_json/universe_prs.json,2023/09/09,518,34
generated_json/universe_prs.json,2023/09/09,84,22
generated_json/universe_prs.json,2023/09/09,6,5
generated_json/universe_prs.json,2023/09/09,82,40
generated_json/universe_prs.json,2023/09/09,53,28
generated_json/universe_prs.json,2023/09/09,40,23
generated_json/universe_prs.json,2023/09/09,114,10
generated_json/autoware_common_prs.json,2023/09/09,0,1
generated_json/autoware_documentation_prs.json,2023/09/10,5214,4
generated_json/universe_prs.json,2023/09/10,25,0
generated_json/universe_prs.json,2023/09/11,2,0
generated_json/autoware_documentation_prs.json,2023/09/11,1,1
generated_json/universe_prs.json,2023/09/11,793,0
generated_json/universe_prs.json,2023/09/11,78,5
generated_json/universe_prs.json,2023/09/11,3,0
generated_json/autoware_common_prs.json,2023/09/11,15,0
generated_json/autoware_launch_prs.json,2023/09/11,3,0
generated_json/autoware_documentation_prs.json,2023/09/11,245,102
generated_json/universe_prs.json,2023/09/11,12,8
generated_json/universe_prs.json,2023/09/11,38,0
generated_json/universe_prs.json,2023/09/11,1,1
generated_json/universe_prs.json,2023/09/11,161,19
generated_json/autoware_launch_prs.json,2023/09/11,4,0
generated_json/universe_prs.json,2023/09/12,49,23
generated_json/universe_prs.json,2023/09/12,16,15
generated_json/universe_prs.json,2023/09/12,0,1
generated_json/autoware_launch_prs.json,2023/09/12,0,2
generated_json/universe_prs.json,2023/09/12,7,1
generated_json/universe_prs.json,2023/09/12,0,22
generated_json/universe_prs.json,2023/09/12,3,1
generated_json/universe_prs.json,2023/09/12,8,1
generated_json/universe_prs.json,2023/09/12,1,1
generated_json/universe_prs.json,2023/09/12,323,66
generated_json/universe_prs.json,2023/09/12,5,2
generated_json/universe_prs.json,2023/09/12,0,4
generated_json/universe_prs.json,2023/09/12,19,5
generated_json/universe_prs.json,2023/09/12,26,9
generated_json/autoware_launch_prs.json,2023/09/12,1,0
generated_json/universe_prs.json,2023/09/12,1,1
generated_json/universe_prs.json,2023/09/12,29,19
generated_json/autoware_launch_prs.json,2023/09/12,3,2
generated_json/universe_prs.json,2023/09/12,4,2
generated_json/autoware_launch_prs.json,2023/09/13,16,0
generated_json/autoware_launch_prs.json,2023/09/13,1,1
generated_json/universe_prs.json,2023/09/13,383,323
generated_json/universe_prs.json,2023/09/13,49,56
generated_json/universe_prs.json,2023/09/13,161,162
generated_json/universe_prs.json,2023/09/13,1,1
generated_json/universe_prs.json,2023/09/13,1,0
generated_json/universe_prs.json,2023/09/13,1,12
generated_json/universe_prs.json,2023/09/13,24,26
generated_json/universe_prs.json,2023/09/13,8,1
generated_json/universe_prs.json,2023/09/13,2,2
generated_json/universe_prs.json,2023/09/13,10,10
generated_json/universe_prs.json,2023/09/14,15,3
generated_json/universe_prs.json,2023/09/14,95,10
generated_json/universe_prs.json,2023/09/14,1,1
generated_json/universe_prs.json,2023/09/14,8,1
generated_json/universe_prs.json,2023/09/14,1,1
generated_json/universe_prs.json,2023/09/14,11,4
generated_json/universe_prs.json,2023/09/14,23,16
generated_json/universe_prs.json,2023/09/14,157,90
generated_json/autoware_launch_prs.json,2023/09/14,15,0
generated_json/universe_prs.json,2023/09/14,14,3
generated_json/universe_prs.json,2023/09/14,103,393
generated_json/autoware_launch_prs.json,2023/09/14,8,48
generated_json/universe_prs.json,2023/09/14,1,0
generated_json/autoware_launch_prs.json,2023/09/14,62,1
generated_json/autoware_documentation_prs.json,2023/09/14,461,249
generated_json/universe_prs.json,2023/09/14,12,2
generated_json/autoware_launch_prs.json,2023/09/14,4,0
generated_json/universe_prs.json,2023/09/14,114,57
generated_json/universe_prs.json,2023/09/15,25,13
generated_json/universe_prs.json,2023/09/15,293,20
generated_json/universe_prs.json,2023/09/15,22,23
generated_json/universe_prs.json,2023/09/15,645,403
generated_json/universe_prs.json,2023/09/16,176,177
generated_json/universe_prs.json,2023/09/16,6,6
generated_json/universe_prs.json,2023/09/17,11,7
generated_json/universe_prs.json,2023/09/17,1,17
generated_json/universe_prs.json,2023/09/17,67,39
generated_json/universe_prs.json,2023/09/17,26,28
generated_json/autoware_launch_prs.json,2023/09/17,8,6
generated_json/universe_prs.json,2023/09/18,22,6
generated_json/universe_prs.json,2023/09/18,165,158
generated_json/universe_prs.json,2023/09/18,4,6
generated_json/universe_prs.json,2023/09/18,5,2
generated_json/universe_prs.json,2023/09/18,57,1
generated_json/autoware_launch_prs.json,2023/09/18,2,2
generated_json/autoware_launch_prs.json,2023/09/18,2,2
generated_json/universe_prs.json,2023/09/19,25,27
generated_json/universe_prs.json,2023/09/19,56,56
generated_json/universe_prs.json,2023/09/19,202,257
generated_json/universe_prs.json,2023/09/19,79,55
generated_json/universe_prs.json,2023/09/19,1517,347
generated_json/universe_prs.json,2023/09/19,25,18
generated_json/universe_prs.json,2023/09/19,75,0
generated_json/universe_prs.json,2023/09/19,21,24
generated_json/universe_prs.json,2023/09/19,34,23
generated_json/universe_prs.json,2023/09/19,120,55
generated_json/universe_prs.json,2023/09/19,2,2
generated_json/universe_prs.json,2023/09/19,384,1
generated_json/universe_prs.json,2023/09/19,49,56
generated_json/universe_prs.json,2023/09/19,117,59
generated_json/universe_prs.json,2023/09/19,0,13
generated_json/universe_prs.json,2023/09/19,11,1
generated_json/universe_prs.json,2023/09/19,27,25
generated_json/autoware_prs.json,2023/09/19,18,2
generated_json/autoware_documentation_prs.json,2023/09/19,2,0
generated_json/universe_prs.json,2023/09/19,4,0
generated_json/universe_prs.json,2023/09/20,27,7
generated_json/autoware_launch_prs.json,2023/09/20,3,0
generated_json/universe_prs.json,2023/09/20,267,347
generated_json/autoware_documentation_prs.json,2023/09/20,30,11
generated_json/universe_prs.json,2023/09/20,170,13
generated_json/autoware_launch_prs.json,2023/09/20,4,0
generated_json/universe_prs.json,2023/09/20,32,0
generated_json/universe_prs.json,2023/09/20,11,7
generated_json/universe_prs.json,2023/09/20,78,20
generated_json/universe_prs.json,2023/09/20,2,0
generated_json/universe_prs.json,2023/09/20,58,23
generated_json/universe_prs.json,2023/09/20,1,1
generated_json/universe_prs.json,2023/09/20,10,1
generated_json/universe_prs.json,2023/09/20,1,0
generated_json/autoware_launch_prs.json,2023/09/20,13,3
generated_json/autoware_launch_prs.json,2023/09/20,1,0
generated_json/autoware_documentation_prs.json,2023/09/20,1,1
generated_json/universe_prs.json,2023/09/20,8,0
generated_json/universe_prs.json,2023/09/20,905,699
generated_json/universe_prs.json,2023/09/20,59,22
generated_json/autoware_prs.json,2023/09/20,147,0
generated_json/universe_prs.json,2023/09/20,1,1
generated_json/universe_prs.json,2023/09/21,2,2
generated_json/autoware_common_prs.json,2023/09/21,162,0
generated_json/universe_prs.json,2023/09/21,44,41
generated_json/universe_prs.json,2023/09/21,28,25
generated_json/universe_prs.json,2023/09/21,10,8
generated_json/universe_prs.json,2023/09/21,102,3
generated_json/autoware_launch_prs.json,2023/09/21,1,0
generated_json/universe_prs.json,2023/09/21,27,9
generated_json/autoware_launch_prs.json,2023/09/21,2,2
generated_json/autoware_launch_prs.json,2023/09/21,7,0
generated_json/universe_prs.json,2023/09/21,6,8
generated_json/universe_prs.json,2023/09/21,1,1
generated_json/universe_prs.json,2023/09/21,105,35
generated_json/autoware_launch_prs.json,2023/09/21,5,0
generated_json/universe_prs.json,2023/09/21,276,160
generated_json/universe_prs.json,2023/09/21,5,4
generated_json/autoware_documentation_prs.json,2023/09/21,3,3
generated_json/autoware_launch_prs.json,2023/09/22,4,4
generated_json/universe_prs.json,2023/09/22,424,0
generated_json/universe_prs.json,2023/09/22,1,0
generated_json/autoware_launch_prs.json,2023/09/22,1,6
generated_json/universe_prs.json,2023/09/22,2,1
generated_json/autoware_prs.json,2023/09/22,5,0
generated_json/universe_prs.json,2023/09/22,734,276
generated_json/universe_prs.json,2023/09/22,459,5
generated_json/autoware_launch_prs.json,2023/09/22,3,2
generated_json/universe_prs.json,2023/09/22,89,0
generated_json/universe_prs.json,2023/09/22,15,4
generated_json/universe_prs.json,2023/09/22,22,26
generated_json/autoware_documentation_prs.json,2023/09/22,1537,207
generated_json/universe_prs.json,2023/09/22,57,30
generated_json/autoware_launch_prs.json,2023/09/22,2,0
generated_json/autoware_launch_prs.json,2023/09/22,1,0
generated_json/universe_prs.json,2023/09/22,12,10
generated_json/universe_prs.json,2023/09/23,8,3
generated_json/universe_prs.json,2023/09/23,1,0
generated_json/universe_prs.json,2023/09/23,0,74
generated_json/universe_prs.json,2023/09/23,7,48
generated_json/universe_prs.json,2023/09/23,81,1
generated_json/universe_prs.json,2023/09/23,2,1
generated_json/universe_prs.json,2023/09/23,16,6
generated_json/universe_prs.json,2023/09/23,11,9
generated_json/universe_prs.json,2023/09/24,13,23
generated_json/universe_prs.json,2023/09/24,93,53
generated_json/autoware_launch_prs.json,2023/09/24,7,4
generated_json/universe_prs.json,2023/09/24,5,0
generated_json/autoware_launch_prs.json,2023/09/24,1,0
generated_json/universe_prs.json,2023/09/24,8,3
generated_json/universe_prs.json,2023/09/24,26,4
generated_json/universe_prs.json,2023/09/24,22,43
generated_json/universe_prs.json,2023/09/25,64,29
generated_json/universe_prs.json,2023/09/25,28,16
generated_json/universe_prs.json,2023/09/25,62,25
generated_json/autoware_launch_prs.json,2023/09/25,5,0
generated_json/universe_prs.json,2023/09/25,196,240
generated_json/universe_prs.json,2023/09/25,7,0
generated_json/universe_prs.json,2023/09/25,66,33
generated_json/autoware_launch_prs.json,2023/09/25,4,1
generated_json/universe_prs.json,2023/09/25,6,3
generated_json/universe_prs.json,2023/09/25,395,0
generated_json/universe_prs.json,2023/09/25,13,20
generated_json/autoware_launch_prs.json,2023/09/25,3,3
generated_json/universe_prs.json,2023/09/25,15,5
generated_json/universe_prs.json,2023/09/25,74,33
generated_json/universe_prs.json,2023/09/25,10,8
generated_json/universe_prs.json,2023/09/25,6,4
generated_json/universe_prs.json,2023/09/25,1,1
generated_json/universe_prs.json,2023/09/25,2714,32
generated_json/universe_prs.json,2023/09/25,21,40
generated_json/universe_prs.json,2023/09/26,86,11
generated_json/universe_prs.json,2023/09/26,25,1
generated_json/universe_prs.json,2023/09/26,20,37
generated_json/autoware_launch_prs.json,2023/09/26,8,8
generated_json/universe_prs.json,2023/09/26,131,0
generated_json/universe_prs.json,2023/09/26,33,1
generated_json/universe_prs.json,2023/09/26,245,73
generated_json/universe_prs.json,2023/09/26,81,16
generated_json/universe_prs.json,2023/09/26,10,0
generated_json/universe_prs.json,2023/09/26,238,60
generated_json/autoware_launch_prs.json,2023/09/26,6,4
generated_json/universe_prs.json,2023/09/26,1,6
generated_json/autoware_documentation_prs.json,2023/09/26,5,73
generated_json/universe_prs.json,2023/09/26,2,1
generated_json/universe_prs.json,2023/09/26,20,24
generated_json/universe_prs.json,2023/09/26,13,11
generated_json/universe_prs.json,2023/09/26,8,2
generated_json/universe_prs.json,2023/09/26,5,5
generated_json/universe_prs.json,2023/09/26,4,2
generated_json/autoware_launch_prs.json,2023/09/26,1,0
generated_json/autoware_prs.json,2023/09/26,16,16
generated_json/universe_prs.json,2023/09/26,19,10
generated_json/universe_prs.json,2023/09/26,88,0
generated_json/autoware_documentation_prs.json,2023/09/26,2,0
generated_json/autoware_documentation_prs.json,2023/09/26,36,0
generated_json/universe_prs.json,2023/09/26,28,46
generated_json/universe_prs.json,2023/09/27,86,54
generated_json/universe_prs.json,2023/09/27,1,0
generated_json/universe_prs.json,2023/09/27,4,0
generated_json/universe_prs.json,2023/09/27,0,3
generated_json/universe_prs.json,2023/09/27,40,37
generated_json/autoware_launch_prs.json,2023/09/27,6,3
generated_json/universe_prs.json,2023/09/27,37,15
generated_json/autoware_launch_prs.json,2023/09/27,2,0
generated_json/autoware_launch_prs.json,2023/09/27,1,1
generated_json/autoware_launch_prs.json,2023/09/27,1,1
generated_json/universe_prs.json,2023/09/27,1,4
generated_json/autoware_launch_prs.json,2023/09/27,1,1
generated_json/universe_prs.json,2023/09/27,7,5
generated_json/universe_prs.json,2023/09/27,6,7
generated_json/universe_prs.json,2023/09/27,57,13
generated_json/universe_prs.json,2023/09/27,27,3
generated_json/universe_prs.json,2023/09/27,7,4
generated_json/universe_prs.json,2023/09/27,2,1
generated_json/universe_prs.json,2023/09/28,39,14
generated_json/universe_prs.json,2023/09/28,53,45
generated_json/universe_prs.json,2023/09/28,51,5
generated_json/autoware_launch_prs.json,2023/09/28,5,0
generated_json/universe_prs.json,2023/09/28,1,0
generated_json/universe_prs.json,2023/09/28,4,2
generated_json/autoware_launch_prs.json,2023/09/28,5,0
generated_json/universe_prs.json,2023/09/28,1,25
generated_json/universe_prs.json,2023/09/28,8,9
generated_json/universe_prs.json,2023/09/28,97,0
generated_json/universe_prs.json,2023/09/28,1,0
generated_json/universe_prs.json,2023/09/28,35,9
generated_json/autoware_launch_prs.json,2023/09/28,9,9
generated_json/universe_prs.json,2023/09/28,7,7
generated_json/autoware_launch_prs.json,2023/09/29,4,4
generated_json/universe_prs.json,2023/09/29,7,6
generated_json/universe_prs.json,2023/09/29,2,2
generated_json/autoware_launch_prs.json,2023/09/29,17,0
generated_json/universe_prs.json,2023/09/29,19,2
generated_json/universe_prs.json,2023/09/30,4,2
generated_json/universe_prs.json,2023/10/01,1,0
generated_json/universe_prs.json,2023/10/01,55,11
generated_json/autoware_launch_prs.json,2023/10/01,3,1
generated_json/universe_prs.json,2023/10/02,30,2
generated_json/universe_prs.json,2023/10/02,2803,519
generated_json/autoware_launch_prs.json,2023/10/02,3,0
generated_json/universe_prs.json,2023/10/02,0,3
generated_json/universe_prs.json,2023/10/02,4,6
generated_json/universe_prs.json,2023/10/02,82,36
generated_json/universe_prs.json,2023/10/02,273,91
generated_json/autoware_launch_prs.json,2023/10/02,3,1
generated_json/universe_prs.json,2023/10/02,230,126
generated_json/universe_prs.json,2023/10/02,508,2
generated_json/universe_prs.json,2023/10/02,0,14
generated_json/universe_prs.json,2023/10/02,2,2
generated_json/autoware_launch_prs.json,2023/10/02,2,2
generated_json/universe_prs.json,2023/10/02,396,259
generated_json/universe_prs.json,2023/10/02,164,141
generated_json/universe_prs.json,2023/10/02,1,0
generated_json/universe_prs.json,2023/10/02,136,121
generated_json/autoware_launch_prs.json,2023/10/02,1,2
generated_json/autoware_documentation_prs.json,2023/10/02,949,31
generated_json/universe_prs.json,2023/10/03,101,38
generated_json/universe_prs.json,2023/10/03,53,18
generated_json/universe_prs.json,2023/10/03,102,58
generated_json/universe_prs.json,2023/10/03,2,1
generated_json/universe_prs.json,2023/10/03,10,0
generated_json/universe_prs.json,2023/10/03,5,2
generated_json/universe_prs.json,2023/10/04,1,1
generated_json/universe_prs.json,2023/10/04,43,86
generated_json/autoware_launch_prs.json,2023/10/04,7,3
generated_json/universe_prs.json,2023/10/04,74,13
generated_json/universe_prs.json,2023/10/04,1,1
generated_json/autoware_launch_prs.json,2023/10/04,1,1
generated_json/autoware_launch_prs.json,2023/10/04,2,0
generated_json/universe_prs.json,2023/10/04,40,10
generated_json/universe_prs.json,2023/10/04,64,4
generated_json/universe_prs.json,2023/10/04,1,0
generated_json/universe_prs.json,2023/10/05,18,5
generated_json/universe_prs.json,2023/10/05,2,0
generated_json/universe_prs.json,2023/10/05,55,48
generated_json/universe_prs.json,2023/10/05,6,10
generated_json/universe_prs.json,2023/10/05,1,2
generated_json/autoware_launch_prs.json,2023/10/05,7,4
generated_json/autoware_launch_prs.json,2023/10/05,1,0
generated_json/universe_prs.json,2023/10/05,0,50
generated_json/universe_prs.json,2023/10/05,10,8
generated_json/universe_prs.json,2023/10/05,103,14
generated_json/autoware_launch_prs.json,2023/10/05,4,0
generated_json/universe_prs.json,2023/10/05,19,430
generated_json/autoware_launch_prs.json,2023/10/05,17,20
generated_json/universe_prs.json,2023/10/05,73,10
generated_json/universe_prs.json,2023/10/05,106,34
generated_json/universe_prs.json,2023/10/05,56,10
generated_json/universe_prs.json,2023/10/05,229,12
generated_json/universe_prs.json,2023/10/05,85,21
generated_json/universe_prs.json,2023/10/05,48,10
generated_json/universe_prs.json,2023/10/06,6,0
generated_json/universe_prs.json,2023/10/06,66,31
generated_json/autoware_launch_prs.json,2023/10/06,17,9
generated_json/universe_prs.json,2023/10/06,22,18
generated_json/universe_prs.json,2023/10/06,108,25
generated_json/universe_prs.json,2023/10/07,1,3
generated_json/autoware_launch_prs.json,2023/10/09,281,0
generated_json/universe_prs.json,2023/10/09,20,3
generated_json/universe_prs.json,2023/10/10,14,2
generated_json/universe_prs.json,2023/10/10,7,5
generated_json/universe_prs.json,2023/10/10,2,0
generated_json/universe_prs.json,2023/10/10,310,125
generated_json/universe_prs.json,2023/10/11,156,166
generated_json/universe_prs.json,2023/10/11,1,1
generated_json/universe_prs.json,2023/10/11,85,7
generated_json/universe_prs.json,2023/10/11,87,34
generated_json/universe_prs.json,2023/10/11,31,4
generated_json/universe_prs.json,2023/10/11,4,1
generated_json/universe_prs.json,2023/10/11,29,3
generated_json/universe_prs.json,2023/10/11,5,0
generated_json/universe_prs.json,2023/10/11,75,27
generated_json/universe_prs.json,2023/10/11,181,4
generated_json/autoware_launch_prs.json,2023/10/11,6,0
generated_json/universe_prs.json,2023/10/11,10,1
generated_json/universe_prs.json,2023/10/11,1,1
generated_json/universe_prs.json,2023/10/11,56,8
generated_json/universe_prs.json,2023/10/11,81,14
generated_json/universe_prs.json,2023/10/12,20,0
generated_json/universe_prs.json,2023/10/12,22,2
generated_json/autoware_launch_prs.json,2023/10/12,4,0
generated_json/universe_prs.json,2023/10/12,1,1
generated_json/universe_prs.json,2023/10/12,17,0
generated_json/universe_prs.json,2023/10/12,6,0
generated_json/universe_prs.json,2023/10/12,2,2
generated_json/universe_prs.json,2023/10/12,153,37
generated_json/universe_prs.json,2023/10/12,11,2
generated_json/universe_prs.json,2023/10/12,6,4
generated_json/universe_prs.json,2023/10/12,40,10
generated_json/universe_prs.json,2023/10/12,272,0
generated_json/autoware_launch_prs.json,2023/10/12,6,0
generated_json/universe_prs.json,2023/10/12,1,0
generated_json/universe_prs.json,2023/10/12,1,1
generated_json/universe_prs.json,2023/10/12,8,0
generated_json/universe_prs.json,2023/10/12,9,3
generated_json/universe_prs.json,2023/10/12,1,1
generated_json/universe_prs.json,2023/10/12,525,935
generated_json/autoware_launch_prs.json,2023/10/12,13,16
generated_json/universe_prs.json,2023/10/12,68,54
generated_json/universe_prs.json,2023/10/13,1,1
generated_json/universe_prs.json,2023/10/13,51,12
generated_json/universe_prs.json,2023/10/13,4,4
generated_json/universe_prs.json,2023/10/13,69,45
generated_json/universe_prs.json,2023/10/13,57,21
generated_json/autoware_launch_prs.json,2023/10/13,8,0
generated_json/autoware_launch_prs.json,2023/10/13,7,2
generated_json/universe_prs.json,2023/10/13,455,314
generated_json/autoware_launch_prs.json,2023/10/13,5,3
generated_json/universe_prs.json,2023/10/13,16,2
generated_json/universe_prs.json,2023/10/13,2,0
generated_json/universe_prs.json,2023/10/13,72,21
generated_json/universe_prs.json,2023/10/13,96,73
generated_json/universe_prs.json,2023/10/15,46,16
generated_json/universe_prs.json,2023/10/16,1,1
generated_json/universe_prs.json,2023/10/16,1,15
generated_json/universe_prs.json,2023/10/16,12,13
generated_json/universe_prs.json,2023/10/16,8,4
generated_json/universe_prs.json,2023/10/16,15,3
generated_json/universe_prs.json,2023/10/16,10,0
generated_json/autoware_launch_prs.json,2023/10/16,1,1
generated_json/autoware_launch_prs.json,2023/10/16,1,0
generated_json/autoware_launch_prs.json,2023/10/16,1,1
generated_json/universe_prs.json,2023/10/16,27,10
generated_json/universe_prs.json,2023/10/16,9,2
generated_json/universe_prs.json,2023/10/16,12,23
generated_json/autoware_documentation_prs.json,2023/10/16,884,142
generated_json/autoware_launch_prs.json,2023/10/16,1,1
generated_json/universe_prs.json,2023/10/17,10,1
generated_json/autoware_launch_prs.json,2023/10/17,21,0
generated_json/universe_prs.json,2023/10/17,344,138
generated_json/universe_prs.json,2023/10/17,5,1
generated_json/autoware_documentation_prs.json,2023/10/17,1,1
generated_json/universe_prs.json,2023/10/17,4,0
generated_json/universe_prs.json,2023/10/17,74,16
generated_json/universe_prs.json,2023/10/17,2,0
generated_json/universe_prs.json,2023/10/17,10,1
generated_json/universe_prs.json,2023/10/17,19,10
generated_json/universe_prs.json,2023/10/17,14,1
generated_json/universe_prs.json,2023/10/17,8,0
generated_json/autoware_launch_prs.json,2023/10/17,1,1
generated_json/universe_prs.json,2023/10/17,30,11
generated_json/universe_prs.json,2023/10/17,178,9
generated_json/autoware_launch_prs.json,2023/10/17,8,0
generated_json/universe_prs.json,2023/10/18,2,1
generated_json/universe_prs.json,2023/10/18,1299,1350
generated_json/universe_prs.json,2023/10/18,37,146
generated_json/autoware_documentation_prs.json,2023/10/18,1,0
generated_json/universe_prs.json,2023/10/18,212,3
generated_json/autoware_prs.json,2023/10/18,1,0
generated_json/universe_prs.json,2023/10/18,5,0
generated_json/universe_prs.json,2023/10/18,1,7
generated_json/universe_prs.json,2023/10/18,11,15
generated_json/universe_prs.json,2023/10/18,115,7
generated_json/autoware_documentation_prs.json,2023/10/18,10,3
generated_json/universe_prs.json,2023/10/18,7,1
generated_json/universe_prs.json,2023/10/18,39,25
generated_json/autoware_prs.json,2023/10/18,158,6
generated_json/universe_prs.json,2023/10/19,6,5
generated_json/universe_prs.json,2023/10/19,14,21
generated_json/universe_prs.json,2023/10/19,21,5
generated_json/autoware_launch_prs.json,2023/10/19,1,0
generated_json/universe_prs.json,2023/10/19,146,52
generated_json/autoware_launch_prs.json,2023/10/19,1,0
generated_json/universe_prs.json,2023/10/19,1,13
generated_json/universe_prs.json,2023/10/19,2,3
generated_json/universe_prs.json,2023/10/19,57,0
generated_json/autoware_common_prs.json,2023/10/19,15,0
generated_json/universe_prs.json,2023/10/19,17,2
generated_json/universe_prs.json,2023/10/20,52,3
generated_json/autoware_launch_prs.json,2023/10/20,5,0
generated_json/universe_prs.json,2023/10/20,1,2
generated_json/universe_prs.json,2023/10/20,1,0
generated_json/universe_prs.json,2023/10/20,42,61
generated_json/autoware_common_prs.json,2023/10/20,1,1
generated_json/autoware_launch_prs.json,2023/10/20,1,1
generated_json/universe_prs.json,2023/10/20,192,13
generated_json/universe_prs.json,2023/10/23,1,1
generated_json/universe_prs.json,2023/10/23,17,7
generated_json/autoware_launch_prs.json,2023/10/23,3,0
generated_json/universe_prs.json,2023/10/23,32,46
generated_json/universe_prs.json,2023/10/23,3,0
generated_json/universe_prs.json,2023/10/23,12,11
generated_json/universe_prs.json,2023/10/23,129,0
generated_json/universe_prs.json,2023/10/23,1,3
generated_json/universe_prs.json,2023/10/23,143,42
generated_json/universe_prs.json,2023/10/23,27,5
generated_json/universe_prs.json,2023/10/23,36,70
generated_json/universe_prs.json,2023/10/23,30,0
generated_json/universe_prs.json,2023/10/23,3,7
generated_json/universe_prs.json,2023/10/23,11,1
generated_json/autoware_launch_prs.json,2023/10/23,1,0
generated_json/universe_prs.json,2023/10/23,19,14
generated_json/universe_prs.json,2023/10/23,17,3
generated_json/universe_prs.json,2023/10/23,78,0
generated_json/universe_prs.json,2023/10/24,4,4
generated_json/autoware_launch_prs.json,2023/10/24,1,1
generated_json/universe_prs.json,2023/10/24,578,341
generated_json/universe_prs.json,2023/10/24,21,6
generated_json/universe_prs.json,2023/10/24,61,10
generated_json/universe_prs.json,2023/10/24,35,36
generated_json/autoware_launch_prs.json,2023/10/24,888,3
generated_json/universe_prs.json,2023/10/24,17,2
generated_json/universe_prs.json,2023/10/24,100,75
generated_json/universe_prs.json,2023/10/24,74,4
generated_json/autoware_launch_prs.json,2023/10/24,2,0
generated_json/universe_prs.json,2023/10/24,228,24
generated_json/universe_prs.json,2023/10/24,46,32
generated_json/universe_prs.json,2023/10/24,5,0
generated_json/autoware_common_prs.json,2023/10/25,27,0
generated_json/universe_prs.json,2023/10/25,8,1
generated_json/autoware_launch_prs.json,2023/10/25,1,0
generated_json/universe_prs.json,2023/10/25,33,14
generated_json/universe_prs.json,2023/10/25,2,10
generated_json/universe_prs.json,2023/10/25,6,6
generated_json/universe_prs.json,2023/10/25,40,9
generated_json/autoware_launch_prs.json,2023/10/25,8,0
generated_json/universe_prs.json,2023/10/25,4,0
generated_json/universe_prs.json,2023/10/25,1,3
generated_json/universe_prs.json,2023/10/25,13,0
generated_json/universe_prs.json,2023/10/25,935,71
generated_json/universe_prs.json,2023/10/25,49,8
generated_json/universe_prs.json,2023/10/25,1,1
generated_json/universe_prs.json,2023/10/25,11,4
generated_json/universe_prs.json,2023/10/26,43,26
generated_json/universe_prs.json,2023/10/26,296,315
generated_json/autoware_launch_prs.json,2023/10/26,5,2
generated_json/universe_prs.json,2023/10/26,33,13
generated_json/universe_prs.json,2023/10/26,27,20
generated_json/universe_prs.json,2023/10/26,36,56
generated_json/universe_prs.json,2023/10/26,64,14
generated_json/universe_prs.json,2023/10/26,27,4
generated_json/universe_prs.json,2023/10/26,60,49
generated_json/universe_prs.json,2023/10/26,71,48
generated_json/universe_prs.json,2023/10/26,0,29
generated_json/universe_prs.json,2023/10/26,454,390
generated_json/universe_prs.json,2023/10/27,92,11
generated_json/autoware_launch_prs.json,2023/10/27,70,25
generated_json/universe_prs.json,2023/10/27,42,1
generated_json/autoware_launch_prs.json,2023/10/27,2,0
generated_json/universe_prs.json,2023/10/27,0,4
generated_json/universe_prs.json,2023/10/27,14,6
generated_json/universe_prs.json,2023/10/27,117,20
generated_json/universe_prs.json,2023/10/27,393,13
generated_json/universe_prs.json,2023/10/27,16,1
generated_json/universe_prs.json,2023/10/27,35,23
generated_json/autoware_launch_prs.json,2023/10/27,1,0
generated_json/universe_prs.json,2023/10/27,36,2
generated_json/universe_prs.json,2023/10/28,54,0
generated_json/autoware_launch_prs.json,2023/10/28,2,0
generated_json/autoware_launch_prs.json,2023/10/28,8,1
generated_json/universe_prs.json,2023/10/30,879,0
generated_json/autoware_launch_prs.json,2023/10/30,3,0
generated_json/universe_prs.json,2023/10/30,140,61
generated_json/autoware_launch_prs.json,2023/10/30,11,6
generated_json/universe_prs.json,2023/10/30,5,19
generated_json/autoware_launch_prs.json,2023/10/30,4,0
generated_json/autoware_launch_prs.json,2023/10/31,2,0
generated_json/autoware_launch_prs.json,2023/10/31,1,1
generated_json/universe_prs.json,2023/10/31,848,1033
generated_json/universe_prs.json,2023/10/31,149,579
generated_json/autoware_launch_prs.json,2023/10/31,25,27
generated_json/autoware_launch_prs.json,2023/11/01,19,0
generated_json/universe_prs.json,2023/11/01,38,45
generated_json/universe_prs.json,2023/11/01,7,4
generated_json/universe_prs.json,2023/11/01,29,0
generated_json/autoware_launch_prs.json,2023/11/01,1,0
generated_json/universe_prs.json,2023/11/01,11,19
generated_json/universe_prs.json,2023/11/01,21,0
generated_json/universe_prs.json,2023/11/01,23,23
generated_json/universe_prs.json,2023/11/01,18,17
generated_json/universe_prs.json,2023/11/01,4,0
generated_json/universe_prs.json,2023/11/02,8,1
generated_json/universe_prs.json,2023/11/02,12,2
generated_json/autoware_launch_prs.json,2023/11/02,3,2
generated_json/universe_prs.json,2023/11/02,2,0
generated_json/universe_prs.json,2023/11/02,200,433
generated_json/autoware_launch_prs.json,2023/11/02,6,10
generated_json/universe_prs.json,2023/11/02,4,0
generated_json/universe_prs.json,2023/11/02,1428,0
generated_json/universe_prs.json,2023/11/02,103,6
generated_json/autoware_launch_prs.json,2023/11/02,15,0
generated_json/universe_prs.json,2023/11/02,3,1
generated_json/autoware_prs.json,2023/11/02,19,35
generated_json/universe_prs.json,2023/11/02,4,0
generated_json/universe_prs.json,2023/11/02,15,15
generated_json/autoware_common_prs.json,2023/11/02,2,2
generated_json/autoware_prs.json,2023/11/02,2,2
generated_json/universe_prs.json,2023/11/02,62,20
generated_json/universe_prs.json,2023/11/03,1,1
generated_json/universe_prs.json,2023/11/03,2,2
generated_json/universe_prs.json,2023/11/03,4,4
generated_json/autoware_prs.json,2023/11/03,2,2
generated_json/autoware_documentation_prs.json,2023/11/03,1,1
generated_json/universe_prs.json,2023/11/03,1,1
generated_json/universe_prs.json,2023/11/03,1,1
generated_json/universe_prs.json,2023/11/03,3,3
generated_json/autoware_documentation_prs.json,2023/11/04,9,9
generated_json/autoware_common_prs.json,2023/11/04,4,4
generated_json/universe_prs.json,2023/11/04,252,0
generated_json/universe_prs.json,2023/11/05,277,1
generated_json/universe_prs.json,2023/11/05,4,4
generated_json/universe_prs.json,2023/11/06,50,0
generated_json/universe_prs.json,2023/11/06,84,26
generated_json/universe_prs.json,2023/11/06,8,1
generated_json/universe_prs.json,2023/11/06,4,2
generated_json/universe_prs.json,2023/11/06,9,0
generated_json/universe_prs.json,2023/11/06,344,228
generated_json/universe_prs.json,2023/11/06,189,127
generated_json/universe_prs.json,2023/11/06,94,40
generated_json/autoware_launch_prs.json,2023/11/06,5,5
generated_json/universe_prs.json,2023/11/06,2,2
generated_json/universe_prs.json,2023/11/07,25,21
generated_json/universe_prs.json,2023/11/07,3,3
generated_json/universe_prs.json,2023/11/07,36,190
generated_json/autoware_launch_prs.json,2023/11/07,26,0
generated_json/universe_prs.json,2023/11/07,274,139
generated_json/universe_prs.json,2023/11/07,60,43
generated_json/universe_prs.json,2023/11/07,275,103
generated_json/autoware_launch_prs.json,2023/11/07,147,48
generated_json/universe_prs.json,2023/11/07,9,14
generated_json/universe_prs.json,2023/11/07,46,35
generated_json/universe_prs.json,2023/11/07,21,32
generated_json/universe_prs.json,2023/11/07,46,41
generated_json/universe_prs.json,2023/11/07,120,71
generated_json/autoware_launch_prs.json,2023/11/07,13,4
generated_json/universe_prs.json,2023/11/07,51,27
generated_json/universe_prs.json,2023/11/07,334,27
generated_json/universe_prs.json,2023/11/07,28,40
generated_json/universe_prs.json,2023/11/07,73,2
generated_json/autoware_documentation_prs.json,2023/11/07,30,0
generated_json/universe_prs.json,2023/11/08,5,5
generated_json/universe_prs.json,2023/11/08,5,3
generated_json/universe_prs.json,2023/11/08,537,126
generated_json/universe_prs.json,2023/11/08,28,23
generated_json/universe_prs.json,2023/11/08,92,104
generated_json/universe_prs.json,2023/11/08,25,8
generated_json/universe_prs.json,2023/11/08,518,42
generated_json/universe_prs.json,2023/11/09,1,1
generated_json/universe_prs.json,2023/11/09,1,1
generated_json/universe_prs.json,2023/11/09,4,30
generated_json/autoware_documentation_prs.json,2023/11/09,15,20
generated_json/universe_prs.json,2023/11/09,1,1
generated_json/universe_prs.json,2023/11/09,55,58
generated_json/universe_prs.json,2023/11/09,68,86
generated_json/universe_prs.json,2023/11/09,65,40
generated_json/autoware_launch_prs.json,2023/11/09,2,2
generated_json/universe_prs.json,2023/11/09,2,36
generated_json/universe_prs.json,2023/11/09,28,0
generated_json/universe_prs.json,2023/11/09,3,1
generated_json/universe_prs.json,2023/11/09,58,18
generated_json/universe_prs.json,2023/11/09,2,2
generated_json/universe_prs.json,2023/11/09,36,2
generated_json/universe_prs.json,2023/11/10,152,177
generated_json/universe_prs.json,2023/11/10,690,340
generated_json/universe_prs.json,2023/11/10,4,0
generated_json/universe_prs.json,2023/11/10,46,4
generated_json/universe_prs.json,2023/11/10,40,16
generated_json/universe_prs.json,2023/11/10,20,19
generated_json/universe_prs.json,2023/11/10,614,43
generated_json/universe_prs.json,2023/11/10,154,150
generated_json/universe_prs.json,2023/11/10,20,0
generated_json/autoware_launch_prs.json,2023/11/10,12,0
generated_json/universe_prs.json,2023/11/11,7,33
generated_json/universe_prs.json,2023/11/12,42,39
generated_json/universe_prs.json,2023/11/13,3,3
generated_json/autoware_documentation_prs.json,2023/11/13,1,1
generated_json/universe_prs.json,2023/11/13,100,71
generated_json/autoware_msgs_prs.json,2023/11/13,2,2
generated_json/universe_prs.json,2023/11/13,64,109
generated_json/universe_prs.json,2023/11/13,455,41
generated_json/autoware_launch_prs.json,2023/11/13,1,0
generated_json/universe_prs.json,2023/11/13,1,1
generated_json/universe_prs.json,2023/11/13,576,1
generated_json/universe_prs.json,2023/11/13,25,15
generated_json/universe_prs.json,2023/11/13,7579,2610
generated_json/universe_prs.json,2023/11/13,45,11
generated_json/universe_prs.json,2023/11/13,193,134
generated_json/universe_prs.json,2023/11/13,207,1
generated_json/universe_prs.json,2023/11/14,57,6
generated_json/universe_prs.json,2023/11/14,38,8
generated_json/universe_prs.json,2023/11/14,1231,1
generated_json/autoware_launch_prs.json,2023/11/14,1,1
generated_json/universe_prs.json,2023/11/14,6,3
generated_json/universe_prs.json,2023/11/14,560,185
generated_json/universe_prs.json,2023/11/14,2,0
generated_json/universe_prs.json,2023/11/14,1,1
generated_json/universe_prs.json,2023/11/14,65,64
generated_json/autoware_launch_prs.json,2023/11/14,4,4
generated_json/autoware_prs.json,2023/11/14,8,8
generated_json/universe_prs.json,2023/11/14,1141,1625
generated_json/universe_prs.json,2023/11/15,11,1
generated_json/autoware_common_prs.json,2023/11/15,7,6
generated_json/universe_prs.json,2023/11/15,8,4
generated_json/universe_prs.json,2023/11/15,12,4
generated_json/universe_prs.json,2023/11/15,166,148
generated_json/autoware_prs.json,2023/11/15,34,34
generated_json/universe_prs.json,2023/11/15,13,0
generated_json/autoware_launch_prs.json,2023/11/15,1,1
generated_json/universe_prs.json,2023/11/15,12,10
generated_json/autoware_prs.json,2023/11/15,1,1
generated_json/universe_prs.json,2023/11/15,3,3
generated_json/autoware_common_prs.json,2023/11/15,12,12
generated_json/autoware_common_prs.json,2023/11/15,2,2
generated_json/autoware_prs.json,2023/11/15,1,1
generated_json/autoware_documentation_prs.json,2023/11/15,7,3
generated_json/universe_prs.json,2023/11/15,0,2
generated_json/universe_prs.json,2023/11/15,1,0
generated_json/universe_prs.json,2023/11/15,4,3
generated_json/autoware_prs.json,2023/11/16,2,2
generated_json/universe_prs.json,2023/11/16,5,5
generated_json/universe_prs.json,2023/11/16,170,0
generated_json/universe_prs.json,2023/11/16,1,0
generated_json/autoware_launch_prs.json,2023/11/16,3,3
generated_json/autoware_launch_prs.json,2023/11/16,2,1
generated_json/universe_prs.json,2023/11/16,7,3
generated_json/universe_prs.json,2023/11/16,2222,2139
generated_json/universe_prs.json,2023/11/16,1,1
generated_json/autoware_documentation_prs.json,2023/11/16,4,5214
generated_json/universe_prs.json,2023/11/16,9,32
generated_json/universe_prs.json,2023/11/16,48,4
generated_json/universe_prs.json,2023/11/16,25,22
generated_json/autoware_prs.json,2023/11/16,1,1
generated_json/universe_prs.json,2023/11/16,273,276
generated_json/universe_prs.json,2023/11/17,5,2
generated_json/universe_prs.json,2023/11/17,13,0
generated_json/autoware_launch_prs.json,2023/11/17,13,0
generated_json/universe_prs.json,2023/11/17,8,8
generated_json/universe_prs.json,2023/11/17,107,125
generated_json/universe_prs.json,2023/11/17,37,32
generated_json/universe_prs.json,2023/11/17,6,0
generated_json/autoware_launch_prs.json,2023/11/17,3,0
generated_json/universe_prs.json,2023/11/17,79,8
generated_json/autoware_prs.json,2023/11/17,7,7
generated_json/autoware_documentation_prs.json,2023/11/17,266,0
generated_json/universe_prs.json,2023/11/18,46,64
generated_json/universe_prs.json,2023/11/19,1936,1864
generated_json/autoware_documentation_prs.json,2023/11/19,1552,4
generated_json/universe_prs.json,2023/11/20,15,6
generated_json/autoware_documentation_prs.json,2023/11/20,3,1552
generated_json/universe_prs.json,2023/11/20,1,51
generated_json/universe_prs.json,2023/11/20,3,1
generated_json/universe_prs.json,2023/11/20,86,49
generated_json/universe_prs.json,2023/11/20,1,6
generated_json/autoware_prs.json,2023/11/20,7,7
generated_json/autoware_prs.json,2023/11/21,24,0
generated_json/universe_prs.json,2023/11/21,162,83
generated_json/autoware_launch_prs.json,2023/11/21,1,0
generated_json/autoware_launch_prs.json,2023/11/21,1,1
generated_json/universe_prs.json,2023/11/21,1,1
generated_json/universe_prs.json,2023/11/21,2,1
generated_json/universe_prs.json,2023/11/21,6,96
generated_json/universe_prs.json,2023/11/21,256,321
generated_json/universe_prs.json,2023/11/21,233,102
generated_json/autoware_launch_prs.json,2023/11/21,2,0
generated_json/universe_prs.json,2023/11/21,3,1
generated_json/universe_prs.json,2023/11/21,1,0
generated_json/universe_prs.json,2023/11/22,399,0
generated_json/universe_prs.json,2023/11/22,5,5
generated_json/universe_prs.json,2023/11/22,104,0
generated_json/universe_prs.json,2023/11/22,19,0
generated_json/universe_prs.json,2023/11/22,60,0
generated_json/universe_prs.json,2023/11/22,103,62
generated_json/autoware_documentation_prs.json,2023/11/22,66,0
generated_json/universe_prs.json,2023/11/22,169,0
generated_json/universe_prs.json,2023/11/23,24,4
generated_json/universe_prs.json,2023/11/23,60,5
generated_json/autoware_launch_prs.json,2023/11/23,4,0
generated_json/universe_prs.json,2023/11/24,20,16
generated_json/universe_prs.json,2023/11/24,534,35
generated_json/universe_prs.json,2023/11/24,75,18
generated_json/autoware_launch_prs.json,2023/11/24,1,0
generated_json/universe_prs.json,2023/11/24,9,2
generated_json/autoware_launch_prs.json,2023/11/24,7,1
generated_json/universe_prs.json,2023/11/24,9,10
generated_json/autoware_launch_prs.json,2023/11/24,1,1
generated_json/universe_prs.json,2023/11/24,102,55
generated_json/universe_prs.json,2023/11/24,21,0
generated_json/universe_prs.json,2023/11/24,81,8
generated_json/universe_prs.json,2023/11/24,20,12
generated_json/autoware_launch_prs.json,2023/11/24,1,0
generated_json/universe_prs.json,2023/11/24,30,26
generated_json/universe_prs.json,2023/11/24,40,31
generated_json/universe_prs.json,2023/11/24,64,22
generated_json/autoware_launch_prs.json,2023/11/24,11,8
generated_json/universe_prs.json,2023/11/25,1,0
generated_json/universe_prs.json,2023/11/25,1075,506
generated_json/universe_prs.json,2023/11/25,1,1
generated_json/universe_prs.json,2023/11/25,258,9
generated_json/autoware_launch_prs.json,2023/11/25,1,1
generated_json/universe_prs.json,2023/11/25,68,2
generated_json/universe_prs.json,2023/11/25,51,15
generated_json/autoware_launch_prs.json,2023/11/25,2,0
generated_json/universe_prs.json,2023/11/25,0,58
generated_json/universe_prs.json,2023/11/26,325,209
generated_json/universe_prs.json,2023/11/26,52,38
generated_json/universe_prs.json,2023/11/26,40,3
generated_json/universe_prs.json,2023/11/26,23,23
generated_json/universe_prs.json,2023/11/26,22,5
generated_json/autoware_launch_prs.json,2023/11/26,3,1
generated_json/universe_prs.json,2023/11/27,3118,20
generated_json/autoware_msgs_prs.json,2023/11/27,1,2
generated_json/autoware_launch_prs.json,2023/11/27,48,49
generated_json/universe_prs.json,2023/11/27,3,15
generated_json/universe_prs.json,2023/11/27,45,4
generated_json/universe_prs.json,2023/11/27,91,34
generated_json/universe_prs.json,2023/11/27,211,159
generated_json/universe_prs.json,2023/11/27,4,1
generated_json/universe_prs.json,2023/11/27,90,0
generated_json/universe_prs.json,2023/11/27,120,56
generated_json/universe_prs.json,2023/11/28,41,4
generated_json/universe_prs.json,2023/11/28,28,1
generated_json/universe_prs.json,2023/11/28,2,0
generated_json/universe_prs.json,2023/11/28,107,26
generated_json/autoware_launch_prs.json,2023/11/28,33,16
generated_json/universe_prs.json,2023/11/28,1,0
generated_json/universe_prs.json,2023/11/28,2,0
generated_json/universe_prs.json,2023/11/28,9,6
generated_json/universe_prs.json,2023/11/28,3,20
generated_json/universe_prs.json,2023/11/28,22,3
generated_json/autoware_launch_prs.json,2023/11/28,4,0
generated_json/universe_prs.json,2023/11/29,5,5
generated_json/universe_prs.json,2023/11/29,35,34
generated_json/autoware_launch_prs.json,2023/11/29,1,1
generated_json/universe_prs.json,2023/11/29,3,0
generated_json/universe_prs.json,2023/11/29,382,360
generated_json/universe_prs.json,2023/11/29,1,0
generated_json/universe_prs.json,2023/11/29,7,1
generated_json/universe_prs.json,2023/11/29,910,905
generated_json/autoware_prs.json,2023/11/29,10,0
generated_json/universe_prs.json,2023/11/29,31,23
generated_json/autoware_prs.json,2023/11/30,2,2
generated_json/autoware_prs.json,2023/11/30,1,1
generated_json/universe_prs.json,2023/11/30,8,0
generated_json/universe_prs.json,2023/11/30,62,1
generated_json/universe_prs.json,2023/11/30,9,0
generated_json/universe_prs.json,2023/11/30,45,22
generated_json/autoware_launch_prs.json,2023/11/30,1,0
generated_json/universe_prs.json,2023/11/30,7,8
generated_json/universe_prs.json,2023/11/30,10,7
generated_json/universe_prs.json,2023/11/30,4,6
generated_json/universe_prs.json,2023/11/30,37,23
generated_json/autoware_launch_prs.json,2023/11/30,1,0
generated_json/universe_prs.json,2023/11/30,25,45
generated_json/universe_prs.json,2023/11/30,3,1
generated_json/universe_prs.json,2023/11/30,3,3
generated_json/autoware_documentation_prs.json,2023/11/30,6231,118
generated_json/universe_prs.json,2023/11/30,22,2
generated_json/universe_prs.json,2023/12/01,403,294
generated_json/universe_prs.json,2023/12/01,556,0
generated_json/autoware_launch_prs.json,2023/12/01,0,3
generated_json/universe_prs.json,2023/12/01,0,14
generated_json/universe_prs.json,2023/12/01,34,41
generated_json/universe_prs.json,2023/12/01,1,8
generated_json/universe_prs.json,2023/12/01,40,42
generated_json/universe_prs.json,2023/12/01,4,1
generated_json/autoware_documentation_prs.json,2023/12/01,143,0
generated_json/universe_prs.json,2023/12/01,1999,1976
generated_json/autoware_launch_prs.json,2023/12/01,1,1
generated_json/universe_prs.json,2023/12/01,114,96
generated_json/universe_prs.json,2023/12/01,0,121
generated_json/universe_prs.json,2023/12/01,4,4
generated_json/universe_prs.json,2023/12/01,8,0
generated_json/universe_prs.json,2023/12/01,1,3
generated_json/universe_prs.json,2023/12/01,4,4
generated_json/universe_prs.json,2023/12/02,1,17
generated_json/universe_prs.json,2023/12/04,4,6
generated_json/universe_prs.json,2023/12/04,18,23
generated_json/universe_prs.json,2023/12/04,12,21
generated_json/universe_prs.json,2023/12/04,2,0
generated_json/universe_prs.json,2023/12/04,32,38
generated_json/universe_prs.json,2023/12/04,1,0
generated_json/universe_prs.json,2023/12/04,127,2
generated_json/universe_prs.json,2023/12/04,120,108
generated_json/universe_prs.json,2023/12/04,53,60
generated_json/universe_prs.json,2023/12/04,47,10
generated_json/universe_prs.json,2023/12/04,5,5
generated_json/universe_prs.json,2023/12/04,6,3
generated_json/universe_prs.json,2023/12/04,33,34
generated_json/autoware_launch_prs.json,2023/12/04,22,0
generated_json/universe_prs.json,2023/12/04,25,0
generated_json/universe_prs.json,2023/12/05,509,425
generated_json/universe_prs.json,2023/12/05,131,15
generated_json/universe_prs.json,2023/12/05,93,7
generated_json/universe_prs.json,2023/12/05,79,58
generated_json/universe_prs.json,2023/12/05,115,0
generated_json/autoware_launch_prs.json,2023/12/05,6,4
generated_json/autoware_launch_prs.json,2023/12/05,13,0
generated_json/universe_prs.json,2023/12/05,13,0
generated_json/universe_prs.json,2023/12/05,61,0
generated_json/autoware_launch_prs.json,2023/12/05,10,10
generated_json/universe_prs.json,2023/12/05,2,2
generated_json/autoware_launch_prs.json,2023/12/05,1,1
generated_json/universe_prs.json,2023/12/05,119,6
generated_json/autoware_launch_prs.json,2023/12/05,14,1
generated_json/universe_prs.json,2023/12/05,6,0
generated_json/universe_prs.json,2023/12/05,2,0
generated_json/universe_prs.json,2023/12/05,14,14
generated_json/universe_prs.json,2023/12/05,12,1
generated_json/universe_prs.json,2023/12/05,1,2
generated_json/universe_prs.json,2023/12/05,79,0
generated_json/universe_prs.json,2023/12/06,832,304
generated_json/autoware_documentation_prs.json,2023/12/06,5094,283
generated_json/autoware_documentation_prs.json,2023/12/06,5,4
generated_json/universe_prs.json,2023/12/06,3,1
generated_json/autoware_launch_prs.json,2023/12/06,4,0
generated_json/autoware_documentation_prs.json,2023/12/06,13,0
generated_json/universe_prs.json,2023/12/06,1,96
generated_json/universe_prs.json,2023/12/06,114,93
generated_json/autoware_prs.json,2023/12/06,1,1
generated_json/universe_prs.json,2023/12/06,10,10
generated_json/universe_prs.json,2023/12/07,126,195
generated_json/universe_prs.json,2023/12/07,2,0
generated_json/universe_prs.json,2023/12/07,395,305
generated_json/autoware_launch_prs.json,2023/12/07,4,4
generated_json/autoware_msgs_prs.json,2023/12/07,325,0
generated_json/autoware_common_prs.json,2023/12/07,314,0
generated_json/universe_prs.json,2023/12/07,19,103
generated_json/universe_prs.json,2023/12/07,10,8
generated_json/universe_prs.json,2023/12/07,1,1
generated_json/universe_prs.json,2023/12/07,0,4
generated_json/autoware_documentation_prs.json,2023/12/07,1,1
generated_json/universe_prs.json,2023/12/07,205,196
generated_json/autoware_documentation_prs.json,2023/12/07,32,9
generated_json/universe_prs.json,2023/12/07,19,16
generated_json/universe_prs.json,2023/12/07,13,2
generated_json/universe_prs.json,2023/12/08,6,3
generated_json/autoware_launch_prs.json,2023/12/08,4,0
generated_json/universe_prs.json,2023/12/08,3,0
generated_json/universe_prs.json,2023/12/08,22,22
generated_json/universe_prs.json,2023/12/08,239,1
generated_json/universe_prs.json,2023/12/08,605,97
generated_json/universe_prs.json,2023/12/08,192,0
generated_json/universe_prs.json,2023/12/08,7,1
generated_json/universe_prs.json,2023/12/08,84,31
generated_json/autoware_launch_prs.json,2023/12/08,1,0
generated_json/universe_prs.json,2023/12/08,214,29
generated_json/universe_prs.json,2023/12/08,3,3
generated_json/universe_prs.json,2023/12/08,23,1
generated_json/universe_prs.json,2023/12/08,180,77
generated_json/universe_prs.json,2023/12/09,26,18
generated_json/universe_prs.json,2023/12/11,835,144
generated_json/autoware_msgs_prs.json,2023/12/11,184,0
generated_json/universe_prs.json,2023/12/11,21,5
generated_json/universe_prs.json,2023/12/11,69,88
generated_json/universe_prs.json,2023/12/11,26,24
generated_json/universe_prs.json,2023/12/11,28,20
generated_json/universe_prs.json,2023/12/11,13,15
generated_json/universe_prs.json,2023/12/11,1538,0
generated_json/universe_prs.json,2023/12/11,29,57
generated_json/autoware_launch_prs.json,2023/12/11,18,18
generated_json/universe_prs.json,2023/12/11,1692,0
generated_json/autoware_launch_prs.json,2023/12/11,38,0
generated_json/universe_prs.json,2023/12/11,1,20
generated_json/universe_prs.json,2023/12/11,12,7
generated_json/universe_prs.json,2023/12/11,16,3
generated_json/autoware_msgs_prs.json,2023/12/11,79,0
generated_json/autoware_launch_prs.json,2023/12/11,2,2
generated_json/universe_prs.json,2023/12/11,95,94
generated_json/universe_prs.json,2023/12/11,54,9
generated_json/autoware_prs.json,2023/12/11,1,1
generated_json/universe_prs.json,2023/12/11,1,1
generated_json/universe_prs.json,2023/12/12,13,0
generated_json/autoware_launch_prs.json,2023/12/12,6,1
generated_json/universe_prs.json,2023/12/12,6,0
generated_json/universe_prs.json,2023/12/12,55,19
generated_json/universe_prs.json,2023/12/12,30,5
generated_json/universe_prs.json,2023/12/12,12,2
generated_json/universe_prs.json,2023/12/12,1,1
generated_json/universe_prs.json,2023/12/12,118,13
generated_json/autoware_launch_prs.json,2023/12/12,1,0
generated_json/universe_prs.json,2023/12/12,585,145
generated_json/universe_prs.json,2023/12/12,29,26
generated_json/autoware_launch_prs.json,2023/12/12,1,1
generated_json/universe_prs.json,2023/12/12,54,9
generated_json/universe_prs.json,2023/12/12,99,6
generated_json/autoware_documentation_prs.json,2023/12/13,1,0
generated_json/universe_prs.json,2023/12/13,50,77
generated_json/universe_prs.json,2023/12/13,39,22
generated_json/universe_prs.json,2023/12/13,2,2
generated_json/universe_prs.json,2023/12/13,14,2
generated_json/autoware_launch_prs.json,2023/12/13,1,1
generated_json/universe_prs.json,2023/12/13,43,0
generated_json/universe_prs.json,2023/12/13,310,183
generated_json/universe_prs.json,2023/12/13,47,8
generated_json/universe_prs.json,2023/12/13,68,54
generated_json/universe_prs.json,2023/12/13,12,9
generated_json/universe_prs.json,2023/12/13,7,1
generated_json/universe_prs.json,2023/12/14,44,2
generated_json/universe_prs.json,2023/12/14,19,11
generated_json/universe_prs.json,2023/12/14,471,367
generated_json/universe_prs.json,2023/12/14,445,79
generated_json/universe_prs.json,2023/12/14,1,1
generated_json/universe_prs.json,2023/12/14,29,175
generated_json/autoware_documentation_prs.json,2023/12/14,42,55
generated_json/autoware_launch_prs.json,2023/12/14,1,0
generated_json/universe_prs.json,2023/12/14,58,0
generated_json/universe_prs.json,2023/12/14,52,1
generated_json/autoware_prs.json,2023/12/14,11,1
generated_json/autoware_launch_prs.json,2023/12/14,173,1
generated_json/universe_prs.json,2023/12/15,12,10
generated_json/universe_prs.json,2023/12/15,9,41
generated_json/universe_prs.json,2023/12/15,3,0
generated_json/autoware_common_prs.json,2023/12/15,4,3
generated_json/autoware_launch_prs.json,2023/12/15,6,0
generated_json/universe_prs.json,2023/12/15,5,1
generated_json/universe_prs.json,2023/12/15,961,65
generated_json/universe_prs.json,2023/12/15,54,33
generated_json/universe_prs.json,2023/12/15,1,0
generated_json/autoware_launch_prs.json,2023/12/15,78,1
generated_json/universe_prs.json,2023/12/15,105,106
generated_json/universe_prs.json,2023/12/16,59,0
generated_json/universe_prs.json,2023/12/16,0,2
generated_json/autoware_launch_prs.json,2023/12/16,0,3
generated_json/universe_prs.json,2023/12/16,3,5
generated_json/universe_prs.json,2023/12/16,2,1
generated_json/universe_prs.json,2023/12/16,4,3
generated_json/universe_prs.json,2023/12/17,8,3
generated_json/autoware_launch_prs.json,2023/12/18,2,2
generated_json/universe_prs.json,2023/12/18,0,6
generated_json/universe_prs.json,2023/12/18,2,2
generated_json/universe_prs.json,2023/12/18,3,0
generated_json/universe_prs.json,2023/12/18,31,15
generated_json/universe_prs.json,2023/12/18,7,0
generated_json/autoware_common_prs.json,2023/12/18,1350,0
generated_json/universe_prs.json,2023/12/18,11,7
generated_json/universe_prs.json,2023/12/18,135,43
generated_json/universe_prs.json,2023/12/19,7,7
generated_json/universe_prs.json,2023/12/19,200,123
generated_json/universe_prs.json,2023/12/19,27,31
generated_json/universe_prs.json,2023/12/19,40,69
generated_json/universe_prs.json,2023/12/19,26,26
generated_json/autoware_launch_prs.json,2023/12/19,2,2
generated_json/universe_prs.json,2023/12/19,111,96
generated_json/universe_prs.json,2023/12/19,13,19
generated_json/autoware_launch_prs.json,2023/12/19,1,2
generated_json/universe_prs.json,2023/12/19,15,6
generated_json/universe_prs.json,2023/12/19,7,14
generated_json/universe_prs.json,2023/12/19,7,10
generated_json/autoware_documentation_prs.json,2023/12/19,1,1
generated_json/autoware_msgs_prs.json,2023/12/19,10,0
generated_json/universe_prs.json,2023/12/19,2,0
generated_json/universe_prs.json,2023/12/19,68,94
generated_json/autoware_launch_prs.json,2023/12/19,1,1
generated_json/universe_prs.json,2023/12/19,4,0
generated_json/universe_prs.json,2023/12/19,11,6
generated_json/universe_prs.json,2023/12/19,116,8
generated_json/autoware_launch_prs.json,2023/12/19,2,0
generated_json/universe_prs.json,2023/12/19,79,77
generated_json/universe_prs.json,2023/12/19,9,10
generated_json/universe_prs.json,2023/12/19,44,41
generated_json/universe_prs.json,2023/12/19,44,2
generated_json/autoware_launch_prs.json,2023/12/20,1,0
generated_json/universe_prs.json,2023/12/20,2,0
generated_json/universe_prs.json,2023/12/20,84,170
generated_json/autoware_common_prs.json,2023/12/20,47,32
generated_json/universe_prs.json,2023/12/20,35,35
generated_json/universe_prs.json,2023/12/20,27,25
generated_json/autoware_prs.json,2023/12/20,1335,718
generated_json/universe_prs.json,2023/12/21,26,17
generated_json/universe_prs.json,2023/12/21,6,0
generated_json/autoware_launch_prs.json,2023/12/21,1,1
generated_json/universe_prs.json,2023/12/21,16,12
generated_json/autoware_launch_prs.json,2023/12/22,1,1
generated_json/universe_prs.json,2023/12/22,73,64
generated_json/universe_prs.json,2023/12/22,1,0
generated_json/universe_prs.json,2023/12/22,63,15
generated_json/universe_prs.json,2023/12/22,6,0
generated_json/universe_prs.json,2023/12/22,17,19
generated_json/universe_prs.json,2023/12/22,92,87
generated_json/universe_prs.json,2023/12/22,26,29
generated_json/universe_prs.json,2023/12/22,7,6
generated_json/universe_prs.json,2023/12/23,0,2
generated_json/universe_prs.json,2023/12/23,5,1
generated_json/universe_prs.json,2023/12/23,202,76
generated_json/universe_prs.json,2023/12/24,2,0
generated_json/universe_prs.json,2023/12/24,1,1
generated_json/autoware_launch_prs.json,2023/12/24,32,32
generated_json/universe_prs.json,2023/12/24,166,119
generated_json/universe_prs.json,2023/12/25,16,15
generated_json/autoware_launch_prs.json,2023/12/25,3,2
generated_json/autoware_launch_prs.json,2023/12/25,3,0
generated_json/universe_prs.json,2023/12/25,50,62
generated_json/universe_prs.json,2023/12/25,249,64
generated_json/universe_prs.json,2023/12/25,4026,0
generated_json/universe_prs.json,2023/12/25,30,0
generated_json/autoware_launch_prs.json,2023/12/25,1,1
generated_json/universe_prs.json,2023/12/25,34,39
generated_json/autoware_launch_prs.json,2023/12/25,1,1
generated_json/universe_prs.json,2023/12/25,3206,0
generated_json/autoware_launch_prs.json,2023/12/25,4,0
generated_json/autoware_launch_prs.json,2023/12/25,1,1
generated_json/universe_prs.json,2023/12/26,211,5
generated_json/autoware_prs.json,2023/12/26,56,19
generated_json/universe_prs.json,2023/12/26,111,111
generated_json/autoware_launch_prs.json,2023/12/26,1,1
generated_json/universe_prs.json,2023/12/26,0,135
generated_json/universe_prs.json,2023/12/26,2,2
generated_json/autoware_launch_prs.json,2023/12/26,3,0
generated_json/universe_prs.json,2023/12/26,25,3
generated_json/universe_prs.json,2023/12/26,97,94
generated_json/universe_prs.json,2023/12/26,7,7
generated_json/universe_prs.json,2023/12/26,42,9
generated_json/universe_prs.json,2023/12/26,46,44
generated_json/autoware_launch_prs.json,2023/12/26,0,2
generated_json/autoware_common_prs.json,2023/12/26,81,22
generated_json/autoware_launch_prs.json,2023/12/27,10,10
generated_json/autoware_launch_prs.json,2023/12/27,2,2
generated_json/universe_prs.json,2023/12/27,1885,1849
generated_json/universe_prs.json,2023/12/27,11,10
generated_json/universe_prs.json,2023/12/27,4,2
generated_json/autoware_launch_prs.json,2023/12/27,1,1
generated_json/autoware_launch_prs.json,2023/12/27,1,1
generated_json/autoware_launch_prs.json,2023/12/27,1,1
generated_json/universe_prs.json,2023/12/27,11,10
generated_json/universe_prs.json,2023/12/27,8,0
generated_json/universe_prs.json,2023/12/27,531,100
generated_json/universe_prs.json,2023/12/27,32,9
generated_json/universe_prs.json,2023/12/27,30,29
generated_json/universe_prs.json,2023/12/27,51,24
generated_json/universe_prs.json,2023/12/27,18,6
generated_json/autoware_launch_prs.json,2023/12/27,1,0
generated_json/universe_prs.json,2023/12/27,87,25
generated_json/universe_prs.json,2023/12/28,94,2
generated_json/autoware_launch_prs.json,2023/12/28,8,8
generated_json/universe_prs.json,2023/12/28,1,2
generated_json/autoware_launch_prs.json,2023/12/28,0,4
generated_json/universe_prs.json,2023/12/28,1,0
generated_json/universe_prs.json,2023/12/28,0,25
generated_json/universe_prs.json,2023/12/28,31,16
generated_json/universe_prs.json,2023/12/28,2064,3
generated_json/universe_prs.json,2023/12/28,45,37
generated_json/autoware_launch_prs.json,2023/12/28,7,5
generated_json/universe_prs.json,2023/12/28,1,1
generated_json/universe_prs.json,2023/12/28,9,9
generated_json/universe_prs.json,2023/12/28,5,5
generated_json/universe_prs.json,2023/12/30,4,2
generated_json/universe_prs.json,2023/12/30,108,2
generated_json/universe_prs.json,2023/12/30,19,5
generated_json/universe_prs.json,2023/12/31,417,213
generated_json/universe_prs.json,2024/01/01,13,41
generated_json/universe_prs.json,2024/01/01,365,0
generated_json/universe_prs.json,2024/01/02,9,3
generated_json/universe_prs.json,2024/01/03,35,31
generated_json/universe_prs.json,2024/01/04,43,118
generated_json/universe_prs.json,2024/01/04,86,81
generated_json/universe_prs.json,2024/01/04,2,2
generated_json/universe_prs.json,2024/01/04,1,2
generated_json/universe_prs.json,2024/01/04,124,0
generated_json/universe_prs.json,2024/01/05,110,148
generated_json/autoware_common_prs.json,2024/01/05,80,16
generated_json/autoware_documentation_prs.json,2024/01/05,1,1
generated_json/universe_prs.json,2024/01/05,41,4
generated_json/universe_prs.json,2024/01/05,3,3
generated_json/universe_prs.json,2024/01/05,52,5
generated_json/universe_prs.json,2024/01/05,7,4
generated_json/autoware_launch_prs.json,2024/01/05,1,0
generated_json/universe_prs.json,2024/01/06,211,31
generated_json/universe_prs.json,2024/01/06,1,1
generated_json/universe_prs.json,2024/01/06,26,72
generated_json/universe_prs.json,2024/01/06,152,182
generated_json/universe_prs.json,2024/01/07,6,3
generated_json/autoware_launch_prs.json,2024/01/07,1,0
generated_json/universe_prs.json,2024/01/07,2,2
generated_json/autoware_launch_prs.json,2024/01/07,4,4
generated_json/universe_prs.json,2024/01/08,1,0
generated_json/autoware_launch_prs.json,2024/01/08,5,5
generated_json/universe_prs.json,2024/01/09,6,0
generated_json/autoware_documentation_prs.json,2024/01/09,7,7
generated_json/universe_prs.json,2024/01/09,29,46
generated_json/universe_prs.json,2024/01/09,8,5
generated_json/universe_prs.json,2024/01/09,5,0
generated_json/universe_prs.json,2024/01/09,142,156
generated_json/universe_prs.json,2024/01/09,60,32
generated_json/universe_prs.json,2024/01/09,3,0
generated_json/autoware_launch_prs.json,2024/01/09,1,0
generated_json/universe_prs.json,2024/01/10,41,39
generated_json/universe_prs.json,2024/01/10,10,9
generated_json/autoware_launch_prs.json,2024/01/10,26,16
generated_json/autoware_launch_prs.json,2024/01/10,3,3
generated_json/universe_prs.json,2024/01/10,0,11
generated_json/universe_prs.json,2024/01/10,13,10
generated_json/universe_prs.json,2024/01/10,159,38
generated_json/autoware_documentation_prs.json,2024/01/10,742,679
generated_json/universe_prs.json,2024/01/10,634,73
generated_json/universe_prs.json,2024/01/11,6,59
generated_json/autoware_prs.json,2024/01/11,1,1
generated_json/universe_prs.json,2024/01/11,4,2
generated_json/universe_prs.json,2024/01/11,11,41
generated_json/universe_prs.json,2024/01/11,47,12
generated_json/autoware_launch_prs.json,2024/01/11,1,1
generated_json/universe_prs.json,2024/01/11,84,80
generated_json/universe_prs.json,2024/01/11,7,17
generated_json/universe_prs.json,2024/01/11,80,2
generated_json/universe_prs.json,2024/01/11,5,3
generated_json/autoware_launch_prs.json,2024/01/11,3,2
generated_json/universe_prs.json,2024/01/12,12,3
generated_json/universe_prs.json,2024/01/12,19,3
generated_json/universe_prs.json,2024/01/12,18,0
generated_json/universe_prs.json,2024/01/12,51,45
generated_json/autoware_launch_prs.json,2024/01/12,33,25
generated_json/universe_prs.json,2024/01/12,33,1
generated_json/universe_prs.json,2024/01/12,26,24
generated_json/autoware_launch_prs.json,2024/01/12,3,3
generated_json/universe_prs.json,2024/01/14,8,2
generated_json/universe_prs.json,2024/01/14,30,0
generated_json/universe_prs.json,2024/01/14,4,1
generated_json/universe_prs.json,2024/01/14,15,2
generated_json/universe_prs.json,2024/01/15,224,29
generated_json/autoware_launch_prs.json,2024/01/15,3,0
generated_json/universe_prs.json,2024/01/15,592,72
generated_json/universe_prs.json,2024/01/15,15,25
generated_json/autoware_launch_prs.json,2024/01/15,48,0
generated_json/universe_prs.json,2024/01/15,59,2
generated_json/universe_prs.json,2024/01/15,14,8
generated_json/universe_prs.json,2024/01/15,9,2
generated_json/autoware_launch_prs.json,2024/01/15,2,0
generated_json/universe_prs.json,2024/01/15,2,2
generated_json/universe_prs.json,2024/01/15,702,401
generated_json/autoware_launch_prs.json,2024/01/15,1,1
generated_json/universe_prs.json,2024/01/16,7,0
generated_json/universe_prs.json,2024/01/16,143,125
generated_json/autoware_launch_prs.json,2024/01/16,1,2
generated_json/universe_prs.json,2024/01/16,101,0
generated_json/universe_prs.json,2024/01/16,0,28
generated_json/universe_prs.json,2024/01/16,0,7
generated_json/universe_prs.json,2024/01/16,25,22
generated_json/universe_prs.json,2024/01/16,15,11
generated_json/autoware_launch_prs.json,2024/01/16,2,2
generated_json/autoware_launch_prs.json,2024/01/16,6,3
generated_json/universe_prs.json,2024/01/16,52,53
generated_json/autoware_launch_prs.json,2024/01/16,8,8
generated_json/universe_prs.json,2024/01/16,22,3
generated_json/autoware_launch_prs.json,2024/01/16,9,0
generated_json/universe_prs.json,2024/01/16,25,15
generated_json/universe_prs.json,2024/01/16,4,2
generated_json/universe_prs.json,2024/01/16,4,0
generated_json/universe_prs.json,2024/01/16,17,8
generated_json/universe_prs.json,2024/01/17,7,7
generated_json/universe_prs.json,2024/01/17,10,4
generated_json/universe_prs.json,2024/01/17,312,0
generated_json/universe_prs.json,2024/01/17,118,35
generated_json/autoware_launch_prs.json,2024/01/17,7,7
generated_json/universe_prs.json,2024/01/17,33,0
generated_json/autoware_launch_prs.json,2024/01/17,16,0
generated_json/universe_prs.json,2024/01/17,3,1
generated_json/universe_prs.json,2024/01/17,49,21
generated_json/universe_prs.json,2024/01/18,7,0
generated_json/autoware_documentation_prs.json,2024/01/18,10,0
generated_json/autoware_common_prs.json,2024/01/18,4,0
generated_json/autoware_launch_prs.json,2024/01/18,1,1
generated_json/autoware_common_prs.json,2024/01/18,1,1
generated_json/universe_prs.json,2024/01/18,37,37
generated_json/universe_prs.json,2024/01/18,58,27
generated_json/autoware_common_prs.json,2024/01/18,1,1
generated_json/autoware_launch_prs.json,2024/01/18,1,1
generated_json/autoware_launch_prs.json,2024/01/18,1,1
generated_json/universe_prs.json,2024/01/18,29,24
generated_json/universe_prs.json,2024/01/18,129,0
generated_json/autoware_common_prs.json,2024/01/19,3,2
generated_json/autoware_launch_prs.json,2024/01/19,9,1
generated_json/universe_prs.json,2024/01/19,1,7
generated_json/autoware_launch_prs.json,2024/01/19,4,12
generated_json/universe_prs.json,2024/01/19,30,103
generated_json/universe_prs.json,2024/01/19,10,12
generated_json/universe_prs.json,2024/01/19,133,100
generated_json/universe_prs.json,2024/01/19,8,8
generated_json/universe_prs.json,2024/01/19,82,23
generated_json/universe_prs.json,2024/01/19,18,94
generated_json/universe_prs.json,2024/01/19,1,1
generated_json/universe_prs.json,2024/01/19,529,14
generated_json/autoware_launch_prs.json,2024/01/19,17,0
generated_json/universe_prs.json,2024/01/19,125,1
generated_json/universe_prs.json,2024/01/19,12,1
generated_json/autoware_launch_prs.json,2024/01/19,1,0
generated_json/universe_prs.json,2024/01/19,13,1
generated_json/universe_prs.json,2024/01/21,35,11
generated_json/universe_prs.json,2024/01/21,6,0
generated_json/universe_prs.json,2024/01/21,144,18
generated_json/autoware_launch_prs.json,2024/01/22,1,1
generated_json/universe_prs.json,2024/01/22,2,2
generated_json/universe_prs.json,2024/01/22,1,0
generated_json/universe_prs.json,2024/01/22,1858,1
generated_json/autoware_launch_prs.json,2024/01/22,53,0
generated_json/autoware_launch_prs.json,2024/01/22,8,9
generated_json/universe_prs.json,2024/01/22,34,106
generated_json/universe_prs.json,2024/01/22,2,2
generated_json/universe_prs.json,2024/01/22,3792,3064
generated_json/universe_prs.json,2024/01/22,1,1
generated_json/universe_prs.json,2024/01/22,9,18
generated_json/autoware_launch_prs.json,2024/01/22,26,0
generated_json/universe_prs.json,2024/01/22,0,1
generated_json/universe_prs.json,2024/01/22,3027,1
generated_json/universe_prs.json,2024/01/22,89,33
generated_json/universe_prs.json,2024/01/22,13,0
generated_json/universe_prs.json,2024/01/22,57,23
generated_json/universe_prs.json,2024/01/23,1928,688
generated_json/universe_prs.json,2024/01/23,5508,128
generated_json/autoware_launch_prs.json,2024/01/23,1,1
generated_json/autoware_launch_prs.json,2024/01/23,1,1
generated_json/universe_prs.json,2024/01/23,52,34
generated_json/universe_prs.json,2024/01/23,123,249
generated_json/universe_prs.json,2024/01/23,31,31
generated_json/autoware_launch_prs.json,2024/01/23,1,1
generated_json/autoware_launch_prs.json,2024/01/24,3,3
generated_json/universe_prs.json,2024/01/24,563,809
generated_json/universe_prs.json,2024/01/24,328,47
generated_json/universe_prs.json,2024/01/24,373,0
generated_json/universe_prs.json,2024/01/24,0,1
generated_json/universe_prs.json,2024/01/24,57,7
generated_json/autoware_launch_prs.json,2024/01/24,1,0
generated_json/universe_prs.json,2024/01/24,0,3
generated_json/universe_prs.json,2024/01/24,13,5
generated_json/universe_prs.json,2024/01/24,13,5
generated_json/universe_prs.json,2024/01/24,10,4
generated_json/universe_prs.json,2024/01/24,6,7
generated_json/autoware_launch_prs.json,2024/01/24,3,3
generated_json/universe_prs.json,2024/01/25,24,21
generated_json/universe_prs.json,2024/01/25,1,1
generated_json/universe_prs.json,2024/01/25,92,1
generated_json/universe_prs.json,2024/01/25,6,2
generated_json/autoware_launch_prs.json,2024/01/25,14,0
generated_json/autoware_launch_prs.json,2024/01/25,14,0
generated_json/universe_prs.json,2024/01/25,6,2
generated_json/universe_prs.json,2024/01/25,39,26
generated_json/autoware_launch_prs.json,2024/01/25,23,0
generated_json/universe_prs.json,2024/01/25,1,5
generated_json/autoware_launch_prs.json,2024/01/25,1,1
generated_json/universe_prs.json,2024/01/25,31,33
generated_json/autoware_launch_prs.json,2024/01/25,7,0
generated_json/universe_prs.json,2024/01/25,592,53
generated_json/universe_prs.json,2024/01/25,11,5
generated_json/universe_prs.json,2024/01/25,6,6
generated_json/autoware_prs.json,2024/01/25,7,0
generated_json/universe_prs.json,2024/01/25,129,76
generated_json/universe_prs.json,2024/01/25,46,21
generated_json/autoware_common_prs.json,2024/01/25,5,5
generated_json/universe_prs.json,2024/01/25,9,9
generated_json/universe_prs.json,2024/01/25,241,16
generated_json/universe_prs.json,2024/01/25,57,56
generated_json/universe_prs.json,2024/01/25,38,17
generated_json/universe_prs.json,2024/01/25,1,0
generated_json/universe_prs.json,2024/01/26,62,8
generated_json/universe_prs.json,2024/01/26,6,6
generated_json/autoware_launch_prs.json,2024/01/26,3,3
generated_json/universe_prs.json,2024/01/26,4,16
generated_json/universe_prs.json,2024/01/26,1,0
generated_json/universe_prs.json,2024/01/26,53,236
generated_json/autoware_launch_prs.json,2024/01/26,4,2
generated_json/autoware_common_prs.json,2024/01/26,1,1
generated_json/universe_prs.json,2024/01/26,15,20
generated_json/autoware_launch_prs.json,2024/01/26,2,3
generated_json/universe_prs.json,2024/01/26,0,1
generated_json/universe_prs.json,2024/01/26,3,3
generated_json/universe_prs.json,2024/01/26,74,0
generated_json/universe_prs.json,2024/01/26,6,0
generated_json/universe_prs.json,2024/01/28,9,5
generated_json/universe_prs.json,2024/01/28,3547,54
generated_json/universe_prs.json,2024/01/28,756,75
generated_json/autoware_launch_prs.json,2024/01/29,2,0
generated_json/universe_prs.json,2024/01/29,359,95
generated_json/universe_prs.json,2024/01/29,121,23
generated_json/universe_prs.json,2024/01/29,8,8
generated_json/universe_prs.json,2024/01/29,8,3
generated_json/universe_prs.json,2024/01/29,4,6
generated_json/universe_prs.json,2024/01/29,2,2
generated_json/universe_prs.json,2024/01/29,26,4
generated_json/autoware_launch_prs.json,2024/01/29,9,1
generated_json/universe_prs.json,2024/01/29,36,11
generated_json/universe_prs.json,2024/01/29,334,248
generated_json/autoware_launch_prs.json,2024/01/29,85,73
generated_json/universe_prs.json,2024/01/29,200,72
generated_json/autoware_launch_prs.json,2024/01/29,3,0
generated_json/universe_prs.json,2024/01/29,13,10
generated_json/universe_prs.json,2024/01/29,6,6
generated_json/universe_prs.json,2024/01/29,24,12
generated_json/universe_prs.json,2024/01/29,9,8
generated_json/universe_prs.json,2024/01/29,3,6
generated_json/universe_prs.json,2024/01/29,6,8
generated_json/universe_prs.json,2024/01/29,123,163
generated_json/universe_prs.json,2024/01/29,27,25
generated_json/universe_prs.json,2024/01/29,101,34
generated_json/autoware_documentation_prs.json,2024/01/29,3,3
generated_json/autoware_launch_prs.json,2024/01/30,2,0
generated_json/universe_prs.json,2024/01/30,31,13
generated_json/universe_prs.json,2024/01/30,121,42
generated_json/universe_prs.json,2024/01/30,12,0
generated_json/universe_prs.json,2024/01/30,11,29
generated_json/universe_prs.json,2024/01/30,12,0
generated_json/universe_prs.json,2024/01/30,9,0
generated_json/autoware_prs.json,2024/01/30,5,0
generated_json/universe_prs.json,2024/01/30,4,1
generated_json/universe_prs.json,2024/01/30,56,24
generated_json/universe_prs.json,2024/01/30,3,2
generated_json/autoware_launch_prs.json,2024/01/30,1,1
generated_json/universe_prs.json,2024/01/30,135,24
generated_json/autoware_launch_prs.json,2024/01/30,3,3
generated_json/universe_prs.json,2024/01/30,390,40
generated_json/universe_prs.json,2024/01/30,22,39
generated_json/universe_prs.json,2024/01/30,2,0
generated_json/universe_prs.json,2024/01/30,1,0
generated_json/universe_prs.json,2024/01/30,53,15
generated_json/autoware_launch_prs.json,2024/01/30,5,0
generated_json/universe_prs.json,2024/01/30,44,28
generated_json/universe_prs.json,2024/01/30,1,0
generated_json/autoware_launch_prs.json,2024/01/30,15,77
generated_json/universe_prs.json,2024/01/30,39,5
generated_json/universe_prs.json,2024/01/30,4,0
generated_json/universe_prs.json,2024/01/30,3,0
generated_json/universe_prs.json,2024/01/30,249,74
generated_json/universe_prs.json,2024/01/30,57,44
generated_json/universe_prs.json,2024/01/31,225,21
generated_json/autoware_launch_prs.json,2024/01/31,6,1
generated_json/universe_prs.json,2024/01/31,10,5
generated_json/universe_prs.json,2024/01/31,8,0
generated_json/universe_prs.json,2024/01/31,0,2
generated_json/universe_prs.json,2024/01/31,0,1
generated_json/universe_prs.json,2024/01/31,0,1
generated_json/universe_prs.json,2024/01/31,0,16
generated_json/universe_prs.json,2024/01/31,5,3
generated_json/autoware_launch_prs.json,2024/01/31,3,4
generated_json/universe_prs.json,2024/01/31,7,0
generated_json/universe_prs.json,2024/01/31,138,119
generated_json/universe_prs.json,2024/01/31,52,7
generated_json/autoware_launch_prs.json,2024/01/31,5,0
generated_json/universe_prs.json,2024/01/31,2,0
generated_json/universe_prs.json,2024/01/31,210,0
generated_json/universe_prs.json,2024/01/31,0,773
generated_json/autoware_launch_prs.json,2024/01/31,5,1
generated_json/universe_prs.json,2024/02/01,15,13
generated_json/universe_prs.json,2024/02/01,78,31
generated_json/universe_prs.json,2024/02/01,92,34
generated_json/universe_prs.json,2024/02/01,24,16
generated_json/universe_prs.json,2024/02/01,0,11
generated_json/universe_prs.json,2024/02/01,285,77
generated_json/universe_prs.json,2024/02/01,0,11
generated_json/autoware_launch_prs.json,2024/02/01,5,0
generated_json/universe_prs.json,2024/02/01,48,11
generated_json/universe_prs.json,2024/02/01,3,7
generated_json/universe_prs.json,2024/02/01,0,11
generated_json/universe_prs.json,2024/02/01,0,11
generated_json/universe_prs.json,2024/02/01,163,55
generated_json/universe_prs.json,2024/02/01,19,3
generated_json/universe_prs.json,2024/02/01,5,5
generated_json/universe_prs.json,2024/02/01,98,5
generated_json/universe_prs.json,2024/02/01,30,8
generated_json/universe_prs.json,2024/02/01,2,2
generated_json/universe_prs.json,2024/02/01,7,9
generated_json/universe_prs.json,2024/02/01,6,0
generated_json/universe_prs.json,2024/02/01,5,0
generated_json/universe_prs.json,2024/02/01,20,16
generated_json/autoware_prs.json,2024/02/01,4,0
generated_json/universe_prs.json,2024/02/01,5,1
generated_json/autoware_launch_prs.json,2024/02/01,3,0
generated_json/autoware_launch_prs.json,2024/02/01,1,0
generated_json/universe_prs.json,2024/02/01,34,137
generated_json/universe_prs.json,2024/02/01,71,1
generated_json/autoware_launch_prs.json,2024/02/01,1,1
generated_json/universe_prs.json,2024/02/01,13,14
generated_json/universe_prs.json,2024/02/02,17,14
generated_json/universe_prs.json,2024/02/02,0,11
generated_json/universe_prs.json,2024/02/02,3,3
generated_json/autoware_launch_prs.json,2024/02/02,39,30
generated_json/autoware_common_prs.json,2024/02/02,2,2
generated_json/universe_prs.json,2024/02/02,2,3
generated_json/universe_prs.json,2024/02/02,283,266
generated_json/autoware_launch_prs.json,2024/02/02,3,3
generated_json/autoware_launch_prs.json,2024/02/02,1,0
generated_json/universe_prs.json,2024/02/04,4,4
generated_json/universe_prs.json,2024/02/04,91,68
generated_json/autoware_documentation_prs.json,2024/02/05,132,270
generated_json/universe_prs.json,2024/02/05,99,31
generated_json/universe_prs.json,2024/02/05,1,1
generated_json/universe_prs.json,2024/02/05,1,1
generated_json/universe_prs.json,2024/02/05,13,2
generated_json/universe_prs.json,2024/02/05,2,2
generated_json/universe_prs.json,2024/02/05,12,13
generated_json/universe_prs.json,2024/02/05,5,6
generated_json/universe_prs.json,2024/02/05,1,1
generated_json/universe_prs.json,2024/02/05,3,3
generated_json/universe_prs.json,2024/02/05,1,1
generated_json/universe_prs.json,2024/02/05,1,1
generated_json/universe_prs.json,2024/02/05,24,34
generated_json/universe_prs.json,2024/02/05,1,1
generated_json/universe_prs.json,2024/02/05,0,0
generated_json/universe_prs.json,2024/02/05,3,0
generated_json/universe_prs.json,2024/02/05,25,8
generated_json/universe_prs.json,2024/02/05,1,0
generated_json/universe_prs.json,2024/02/05,84,1
generated_json/universe_prs.json,2024/02/05,277,199
generated_json/autoware_launch_prs.json,2024/02/06,0,1
generated_json/universe_prs.json,2024/02/06,56,23
generated_json/universe_prs.json,2024/02/06,370,157
generated_json/autoware_launch_prs.json,2024/02/06,24,0
generated_json/universe_prs.json,2024/02/06,115,20
generated_json/universe_prs.json,2024/02/06,58,7
generated_json/autoware_launch_prs.json,2024/02/06,3,1
generated_json/autoware_launch_prs.json,2024/02/06,5,0
generated_json/universe_prs.json,2024/02/06,25,9
generated_json/universe_prs.json,2024/02/06,468,230
generated_json/universe_prs.json,2024/02/06,1,1
generated_json/universe_prs.json,2024/02/06,8,0
generated_json/universe_prs.json,2024/02/06,10,8
generated_json/autoware_launch_prs.json,2024/02/06,13,4
generated_json/universe_prs.json,2024/02/06,45,26
generated_json/universe_prs.json,2024/02/06,3,3
generated_json/universe_prs.json,2024/02/06,106,4
generated_json/universe_prs.json,2024/02/06,12,13
generated_json/universe_prs.json,2024/02/06,163,81
generated_json/autoware_launch_prs.json,2024/02/06,2,2
generated_json/universe_prs.json,2024/02/06,16,0
generated_json/universe_prs.json,2024/02/06,180,77
generated_json/universe_prs.json,2024/02/07,7,9
generated_json/autoware_launch_prs.json,2024/02/07,0,1
generated_json/universe_prs.json,2024/02/07,2,11
generated_json/universe_prs.json,2024/02/07,56,57
generated_json/universe_prs.json,2024/02/07,2,2
generated_json/autoware_documentation_prs.json,2024/02/07,34,0
generated_json/universe_prs.json,2024/02/07,29,25
generated_json/universe_prs.json,2024/02/07,87,19
generated_json/autoware_launch_prs.json,2024/02/07,2,0
generated_json/universe_prs.json,2024/02/07,97,25
generated_json/autoware_launch_prs.json,2024/02/07,8,4
generated_json/autoware_launch_prs.json,2024/02/07,70,0
generated_json/universe_prs.json,2024/02/07,1,0
generated_json/universe_prs.json,2024/02/07,0,0
generated_json/autoware_prs.json,2024/02/07,0,7
generated_json/universe_prs.json,2024/02/07,26,28
generated_json/autoware_launch_prs.json,2024/02/07,1,3
generated_json/universe_prs.json,2024/02/07,90,0
generated_json/autoware_launch_prs.json,2024/02/08,0,1
generated_json/autoware_launch_prs.json,2024/02/08,1,0
generated_json/universe_prs.json,2024/02/08,42,39
generated_json/universe_prs.json,2024/02/08,7,0
generated_json/universe_prs.json,2024/02/08,1,1
generated_json/universe_prs.json,2024/02/08,4,6
generated_json/universe_prs.json,2024/02/08,0,689
generated_json/universe_prs.json,2024/02/08,1,2359
generated_json/universe_prs.json,2024/02/08,9,3541
generated_json/autoware_prs.json,2024/02/08,0,99
generated_json/autoware_prs.json,2024/02/08,0,33
generated_json/universe_prs.json,2024/02/08,369,0
generated_json/universe_prs.json,2024/02/08,829,707
generated_json/universe_prs.json,2024/02/08,251,113
generated_json/universe_prs.json,2024/02/08,5,0
generated_json/universe_prs.json,2024/02/09,176,71
generated_json/autoware_launch_prs.json,2024/02/09,1,1
generated_json/universe_prs.json,2024/02/09,2,0
generated_json/universe_prs.json,2024/02/09,1,1
generated_json/universe_prs.json,2024/02/09,193,17
generated_json/autoware_launch_prs.json,2024/02/09,3,0
generated_json/universe_prs.json,2024/02/09,71,3
generated_json/autoware_launch_prs.json,2024/02/09,1,1
generated_json/universe_prs.json,2024/02/09,1,1
generated_json/universe_prs.json,2024/02/09,29,12
generated_json/universe_prs.json,2024/02/09,81,59
generated_json/autoware_launch_prs.json,2024/02/11,2,2
generated_json/universe_prs.json,2024/02/11,70,76
generated_json/universe_prs.json,2024/02/11,54,41
generated_json/universe_prs.json,2024/02/11,0,1
generated_json/universe_prs.json,2024/02/12,87,84
generated_json/universe_prs.json,2024/02/12,10,13
generated_json/universe_prs.json,2024/02/13,53,332
generated_json/universe_prs.json,2024/02/13,11,8
generated_json/universe_prs.json,2024/02/13,1,0
generated_json/universe_prs.json,2024/02/13,14,2
generated_json/autoware_launch_prs.json,2024/02/13,2,1
generated_json/universe_prs.json,2024/02/13,1,0
generated_json/universe_prs.json,2024/02/13,2,1
generated_json/autoware_launch_prs.json,2024/02/13,43,0
generated_json/universe_prs.json,2024/02/13,23,2
generated_json/autoware_documentation_prs.json,2024/02/13,1650,7
generated_json/autoware_prs.json,2024/02/13,1,1
generated_json/universe_prs.json,2024/02/13,86,33
generated_json/autoware_documentation_prs.json,2024/02/13,43,8
generated_json/universe_prs.json,2024/02/13,1188,23
generated_json/universe_prs.json,2024/02/14,4,4
generated_json/universe_prs.json,2024/02/14,365,0
generated_json/universe_prs.json,2024/02/14,27,16
generated_json/universe_prs.json,2024/02/14,1382,0
generated_json/universe_prs.json,2024/02/14,5,5
generated_json/universe_prs.json,2024/02/14,1,1
generated_json/universe_prs.json,2024/02/14,255,255
generated_json/universe_prs.json,2024/02/14,7,7
generated_json/universe_prs.json,2024/02/14,6,0
generated_json/universe_prs.json,2024/02/14,1,0
generated_json/universe_prs.json,2024/02/14,1,1
generated_json/autoware_launch_prs.json,2024/02/14,1,1
generated_json/universe_prs.json,2024/02/14,48,52
generated_json/universe_prs.json,2024/02/14,2,1
generated_json/universe_prs.json,2024/02/14,133,41
generated_json/autoware_launch_prs.json,2024/02/14,2,1
generated_json/autoware_launch_prs.json,2024/02/14,1,1
generated_json/universe_prs.json,2024/02/14,1,1
generated_json/autoware_common_prs.json,2024/02/14,150,0
generated_json/autoware_launch_prs.json,2024/02/14,11,0
generated_json/universe_prs.json,2024/02/15,1,1
generated_json/autoware_launch_prs.json,2024/02/15,3,0
generated_json/universe_prs.json,2024/02/15,2,2
generated_json/universe_prs.json,2024/02/15,14,13
generated_json/autoware_launch_prs.json,2024/02/15,0,1
generated_json/universe_prs.json,2024/02/15,34,31
generated_json/universe_prs.json,2024/02/15,4,4
generated_json/universe_prs.json,2024/02/15,9,9
generated_json/universe_prs.json,2024/02/15,459,10
generated_json/autoware_launch_prs.json,2024/02/15,1,0
generated_json/universe_prs.json,2024/02/15,4,4
generated_json/universe_prs.json,2024/02/15,1,0
generated_json/universe_prs.json,2024/02/15,2474,691
generated_json/universe_prs.json,2024/02/15,101,0
generated_json/universe_prs.json,2024/02/15,251,0
generated_json/universe_prs.json,2024/02/15,4,2
generated_json/universe_prs.json,2024/02/16,12,5
generated_json/universe_prs.json,2024/02/16,14,0
generated_json/universe_prs.json,2024/02/16,19,19
generated_json/universe_prs.json,2024/02/16,30,19
generated_json/universe_prs.json,2024/02/16,1,0
generated_json/universe_prs.json,2024/02/16,21,1
generated_json/autoware_launch_prs.json,2024/02/16,1,0
generated_json/universe_prs.json,2024/02/16,116,0
generated_json/universe_prs.json,2024/02/17,6,9
generated_json/universe_prs.json,2024/02/17,1,0
generated_json/universe_prs.json,2024/02/18,2,11364
generated_json/universe_prs.json,2024/02/18,6,4
generated_json/universe_prs.json,2024/02/19,8,1
generated_json/universe_prs.json,2024/02/19,62,49
generated_json/autoware_documentation_prs.json,2024/02/19,751,0
generated_json/universe_prs.json,2024/02/19,2,0
generated_json/universe_prs.json,2024/02/19,42,42
generated_json/universe_prs.json,2024/02/19,5600,0
generated_json/universe_prs.json,2024/02/19,10,0
generated_json/universe_prs.json,2024/02/20,22,18
generated_json/universe_prs.json,2024/02/20,6,3
generated_json/universe_prs.json,2024/02/20,45,23
generated_json/universe_prs.json,2024/02/20,2,2
generated_json/universe_prs.json,2024/02/20,1,1
generated_json/autoware_prs.json,2024/02/20,100,80
generated_json/autoware_launch_prs.json,2024/02/20,1,1
generated_json/universe_prs.json,2024/02/20,1,0
generated_json/universe_prs.json,2024/02/21,2,0
generated_json/universe_prs.json,2024/02/21,2,2
generated_json/universe_prs.json,2024/02/21,0,8
generated_json/autoware_launch_prs.json,2024/02/21,0,7
generated_json/universe_prs.json,2024/02/21,7,7
generated_json/universe_prs.json,2024/02/21,17,2
generated_json/universe_prs.json,2024/02/21,110,48
generated_json/universe_prs.json,2024/02/21,8,6
generated_json/universe_prs.json,2024/02/21,32,13
generated_json/universe_prs.json,2024/02/21,16,16
generated_json/universe_prs.json,2024/02/21,98,9
generated_json/universe_prs.json,2024/02/21,72,3
generated_json/universe_prs.json,2024/02/21,21,7
generated_json/autoware_launch_prs.json,2024/02/21,3,0
generated_json/autoware_launch_prs.json,2024/02/22,1,0
generated_json/universe_prs.json,2024/02/22,195,50
generated_json/universe_prs.json,2024/02/22,2,2
generated_json/autoware_launch_prs.json,2024/02/22,2,1
generated_json/universe_prs.json,2024/02/22,4,0
generated_json/universe_prs.json,2024/02/22,1,1
generated_json/universe_prs.json,2024/02/22,0,8
generated_json/autoware_prs.json,2024/02/22,2,3
generated_json/autoware_launch_prs.json,2024/02/22,1,1
generated_json/autoware_documentation_prs.json,2024/02/22,75,43
generated_json/universe_prs.json,2024/02/23,87,7
generated_json/universe_prs.json,2024/02/23,1,1
generated_json/universe_prs.json,2024/02/24,44,44
generated_json/autoware_launch_prs.json,2024/02/26,1,1
generated_json/universe_prs.json,2024/02/26,3,2
generated_json/universe_prs.json,2024/02/26,3,0
generated_json/universe_prs.json,2024/02/26,153,6
generated_json/universe_prs.json,2024/02/26,105,31
generated_json/universe_prs.json,2024/02/26,334,8
generated_json/autoware_prs.json,2024/02/26,4,0
generated_json/universe_prs.json,2024/02/26,2599,0
generated_json/universe_prs.json,2024/02/26,0,1
generated_json/universe_prs.json,2024/02/26,6,0
generated_json/universe_prs.json,2024/02/27,0,4282
generated_json/autoware_launch_prs.json,2024/02/27,5,0
generated_json/universe_prs.json,2024/02/27,24,13
generated_json/universe_prs.json,2024/02/27,3,4
generated_json/universe_prs.json,2024/02/27,45,1
generated_json/autoware_launch_prs.json,2024/02/27,4,0
generated_json/universe_prs.json,2024/02/27,10,5
generated_json/autoware_common_prs.json,2024/02/27,1,0
generated_json/autoware_documentation_prs.json,2024/02/28,19,1
generated_json/universe_prs.json,2024/02/28,116,84
generated_json/universe_prs.json,2024/02/28,5,9
generated_json/autoware_launch_prs.json,2024/02/28,22,0
generated_json/universe_prs.json,2024/02/28,4,0
generated_json/universe_prs.json,2024/02/28,0,35
generated_json/universe_prs.json,2024/02/29,5,0
generated_json/universe_prs.json,2024/02/29,133,114
generated_json/autoware_launch_prs.json,2024/02/29,1,0
generated_json/autoware_documentation_prs.json,2024/02/29,46,16
generated_json/universe_prs.json,2024/02/29,33,12
generated_json/universe_prs.json,2024/02/29,23,29
generated_json/universe_prs.json,2024/02/29,0,5
generated_json/universe_prs.json,2024/02/29,6,3
generated_json/universe_prs.json,2024/02/29,13,4
generated_json/universe_prs.json,2024/02/29,1,1
generated_json/universe_prs.json,2024/02/29,158,103
generated_json/autoware_launch_prs.json,2024/02/29,64,32
generated_json/universe_prs.json,2024/03/01,8,84
generated_json/universe_prs.json,2024/03/01,0,3
generated_json/autoware_launch_prs.json,2024/03/01,33,0
generated_json/autoware_launch_prs.json,2024/03/01,26,0
generated_json/autoware_launch_prs.json,2024/03/01,3,1
generated_json/universe_prs.json,2024/03/01,76,12
generated_json/autoware_launch_prs.json,2024/03/01,3,7
generated_json/universe_prs.json,2024/03/01,6,6
generated_json/universe_prs.json,2024/03/01,122,26
generated_json/autoware_launch_prs.json,2024/03/01,3,3
generated_json/autoware_launch_prs.json,2024/03/01,0,2
generated_json/autoware_launch_prs.json,2024/03/01,9,0
generated_json/universe_prs.json,2024/03/01,24,0
generated_json/autoware_launch_prs.json,2024/03/01,2,0
generated_json/universe_prs.json,2024/03/01,225,190
generated_json/autoware_core_prs.json,2024/03/02,2,2
generated_json/autoware_launch_prs.json,2024/03/02,2,2
generated_json/universe_prs.json,2024/03/02,63,0
generated_json/autoware_common_prs.json,2024/03/03,3,0
generated_json/universe_prs.json,2024/03/04,4,4
generated_json/autoware_documentation_prs.json,2024/03/04,4,6264
generated_json/universe_prs.json,2024/03/04,5,0
generated_json/autoware_documentation_prs.json,2024/03/04,1,1
generated_json/universe_prs.json,2024/03/04,5,1
generated_json/universe_prs.json,2024/03/05,3,0
generated_json/universe_prs.json,2024/03/05,280,124
generated_json/universe_prs.json,2024/03/05,220,104
generated_json/autoware_launch_prs.json,2024/03/05,1,0
generated_json/universe_prs.json,2024/03/05,6,6
generated_json/autoware_documentation_prs.json,2024/03/05,4,0
generated_json/universe_prs.json,2024/03/06,24,0
generated_json/autoware_launch_prs.json,2024/03/06,2,2
generated_json/universe_prs.json,2024/03/06,21,34
generated_json/universe_prs.json,2024/03/06,11,6
generated_json/universe_prs.json,2024/03/06,2,0
generated_json/universe_prs.json,2024/03/06,547,56
generated_json/autoware_launch_prs.json,2024/03/06,1,1
generated_json/universe_prs.json,2024/03/06,163,74
generated_json/universe_prs.json,2024/03/07,3,3
generated_json/universe_prs.json,2024/03/07,14,11
generated_json/universe_prs.json,2024/03/07,56,1
generated_json/autoware_launch_prs.json,2024/03/07,6,0
generated_json/universe_prs.json,2024/03/07,10,1
generated_json/universe_prs.json,2024/03/07,127,20
generated_json/universe_prs.json,2024/03/07,11,0
generated_json/autoware_launch_prs.json,2024/03/07,1,1
generated_json/universe_prs.json,2024/03/07,1,1
generated_json/autoware_launch_prs.json,2024/03/07,1,1
generated_json/universe_prs.json,2024/03/07,83,66
generated_json/universe_prs.json,2024/03/07,10,1
generated_json/universe_prs.json,2024/03/07,4,0
generated_json/universe_prs.json,2024/03/07,13,3
generated_json/universe_prs.json,2024/03/07,2,2
generated_json/universe_prs.json,2024/03/07,23,0
generated_json/autoware_prs.json,2024/03/07,7,20
generated_json/autoware_documentation_prs.json,2024/03/07,7,11
generated_json/autoware_prs.json,2024/03/07,3,178
generated_json/universe_prs.json,2024/03/07,752,2
generated_json/universe_prs.json,2024/03/07,90,16
generated_json/universe_prs.json,2024/03/07,2,0
generated_json/universe_prs.json,2024/03/08,137,17
generated_json/universe_prs.json,2024/03/08,104,23
generated_json/autoware_prs.json,2024/03/08,26,10
generated_json/universe_prs.json,2024/03/08,759,468
generated_json/universe_prs.json,2024/03/09,164,13
generated_json/universe_prs.json,2024/03/09,5,1
generated_json/universe_prs.json,2024/03/09,25,3
generated_json/autoware_launch_prs.json,2024/03/09,13,0
generated_json/universe_prs.json,2024/03/10,96,91
generated_json/autoware_prs.json,2024/03/11,1,1
generated_json/autoware_launch_prs.json,2024/03/11,12,12
generated_json/autoware_launch_prs.json,2024/03/11,2,2
generated_json/universe_prs.json,2024/03/11,1,1
generated_json/universe_prs.json,2024/03/11,37,32
generated_json/universe_prs.json,2024/03/11,51,7
generated_json/universe_prs.json,2024/03/11,50,21
generated_json/universe_prs.json,2024/03/11,2647,1989
generated_json/universe_prs.json,2024/03/11,27,21
generated_json/universe_prs.json,2024/03/11,473,216
generated_json/autoware_launch_prs.json,2024/03/11,18,102
generated_json/autoware_prs.json,2024/03/11,49,2
generated_json/universe_prs.json,2024/03/11,1,0
generated_json/universe_prs.json,2024/03/11,63,26
generated_json/autoware_launch_prs.json,2024/03/11,1,0
generated_json/universe_prs.json,2024/03/12,3,1
generated_json/autoware_documentation_prs.json,2024/03/12,22,17
generated_json/universe_prs.json,2024/03/12,11,30
generated_json/universe_prs.json,2024/03/12,52,3
generated_json/autoware_launch_prs.json,2024/03/12,1,1
generated_json/universe_prs.json,2024/03/12,20,7
generated_json/universe_prs.json,2024/03/12,52,68
generated_json/autoware_launch_prs.json,2024/03/12,1,0
generated_json/universe_prs.json,2024/03/12,46,2
generated_json/universe_prs.json,2024/03/12,96,60
generated_json/universe_prs.json,2024/03/13,3,2
generated_json/universe_prs.json,2024/03/13,12,7
generated_json/autoware_launch_prs.json,2024/03/13,1,1
generated_json/universe_prs.json,2024/03/13,6,0
generated_json/universe_prs.json,2024/03/13,65,2
generated_json/universe_prs.json,2024/03/13,40,17
generated_json/autoware_launch_prs.json,2024/03/13,4,0
generated_json/universe_prs.json,2024/03/13,272,0
generated_json/universe_prs.json,2024/03/13,27,28
generated_json/universe_prs.json,2024/03/13,191,76
generated_json/universe_prs.json,2024/03/14,454,170
generated_json/universe_prs.json,2024/03/14,7,4
generated_json/autoware_launch_prs.json,2024/03/14,1,1
generated_json/universe_prs.json,2024/03/15,6,2
generated_json/autoware_launch_prs.json,2024/03/15,4,0
generated_json/universe_prs.json,2024/03/15,3,1
generated_json/universe_prs.json,2024/03/15,383,32
generated_json/universe_prs.json,2024/03/15,7,243
generated_json/universe_prs.json,2024/03/15,14,65
generated_json/universe_prs.json,2024/03/15,59,87
generated_json/universe_prs.json,2024/03/15,89,31
generated_json/universe_prs.json,2024/03/15,8,1
generated_json/universe_prs.json,2024/03/15,186,83
generated_json/universe_prs.json,2024/03/15,28,0
generated_json/universe_prs.json,2024/03/15,14,0
generated_json/universe_prs.json,2024/03/15,3,0
generated_json/universe_prs.json,2024/03/15,49,36
generated_json/universe_prs.json,2024/03/15,40,20
generated_json/universe_prs.json,2024/03/15,89,62
generated_json/universe_prs.json,2024/03/15,27,23
generated_json/universe_prs.json,2024/03/16,48,956
generated_json/universe_prs.json,2024/03/17,1,0
generated_json/autoware_launch_prs.json,2024/03/17,4,2
generated_json/universe_prs.json,2024/03/18,10,6
generated_json/universe_prs.json,2024/03/18,7,4
generated_json/autoware_launch_prs.json,2024/03/18,2,4
generated_json/universe_prs.json,2024/03/18,124,104
generated_json/universe_prs.json,2024/03/18,404,1
generated_json/universe_prs.json,2024/03/18,37,0
generated_json/universe_prs.json,2024/03/18,75,22
generated_json/universe_prs.json,2024/03/18,621,8
generated_json/universe_prs.json,2024/03/18,36,2
generated_json/universe_prs.json,2024/03/18,9,8
generated_json/universe_prs.json,2024/03/19,6,2
generated_json/universe_prs.json,2024/03/19,6,6
generated_json/universe_prs.json,2024/03/19,37,64
generated_json/autoware_common_prs.json,2024/03/19,2,0
generated_json/autoware_launch_prs.json,2024/03/19,17,0
generated_json/autoware_launch_prs.json,2024/03/20,2,3
generated_json/universe_prs.json,2024/03/20,58,23
generated_json/autoware_prs.json,2024/03/20,33,6
generated_json/universe_prs.json,2024/03/21,33,5
generated_json/autoware_launch_prs.json,2024/03/21,5,0
generated_json/universe_prs.json,2024/03/21,27,32
generated_json/autoware_launch_prs.json,2024/03/21,3,1
generated_json/autoware_launch_prs.json,2024/03/21,2,2
generated_json/universe_prs.json,2024/03/21,9,5
generated_json/universe_prs.json,2024/03/21,6,1
generated_json/universe_prs.json,2024/03/21,94,36
generated_json/universe_prs.json,2024/03/22,1,1
generated_json/universe_prs.json,2024/03/22,302,12
generated_json/universe_prs.json,2024/03/22,2,2
generated_json/universe_prs.json,2024/03/22,5,1
generated_json/universe_prs.json,2024/03/22,8,0
generated_json/universe_prs.json,2024/03/25,1,1
generated_json/universe_prs.json,2024/03/25,235,6
generated_json/universe_prs.json,2024/03/25,68,43
generated_json/universe_prs.json,2024/03/25,114,43
generated_json/universe_prs.json,2024/03/25,326,147
generated_json/autoware_launch_prs.json,2024/03/25,2,1
generated_json/universe_prs.json,2024/03/25,7,3
generated_json/universe_prs.json,2024/03/25,1,1
generated_json/universe_prs.json,2024/03/25,8,4
generated_json/autoware_launch_prs.json,2024/03/26,2,0
generated_json/autoware_launch_prs.json,2024/03/26,2,0
generated_json/autoware_prs.json,2024/03/26,17,2
generated_json/universe_prs.json,2024/03/27,4,1
generated_json/universe_prs.json,2024/03/27,28,19
generated_json/autoware_launch_prs.json,2024/03/27,1,0
generated_json/universe_prs.json,2024/03/27,143,28
generated_json/autoware_launch_prs.json,2024/03/27,6,0
generated_json/autoware_documentation_prs.json,2024/03/27,12,6
generated_json/universe_prs.json,2024/03/27,52,47
generated_json/universe_prs.json,2024/03/28,2,2
generated_json/universe_prs.json,2024/03/28,3,0
generated_json/universe_prs.json,2024/03/28,3,0
generated_json/universe_prs.json,2024/03/28,3,14
generated_json/universe_prs.json,2024/03/28,148,1
generated_json/universe_prs.json,2024/03/28,2,1
generated_json/autoware_launch_prs.json,2024/03/28,1,0
generated_json/universe_prs.json,2024/03/28,5,1
generated_json/universe_prs.json,2024/03/28,15,5
generated_json/universe_prs.json,2024/03/28,93,32
generated_json/universe_prs.json,2024/03/28,131,18
generated_json/autoware_launch_prs.json,2024/03/28,3,0
generated_json/universe_prs.json,2024/03/28,24,0
generated_json/universe_prs.json,2024/03/28,34,3
generated_json/universe_prs.json,2024/03/28,210,150
generated_json/universe_prs.json,2024/03/28,387,3
generated_json/autoware_prs.json,2024/03/29,9,1
generated_json/universe_prs.json,2024/03/29,41,17
generated_json/universe_prs.json,2024/03/29,14,6
generated_json/universe_prs.json,2024/03/29,1,0
generated_json/autoware_prs.json,2024/03/29,10,0
generated_json/universe_prs.json,2024/03/29,16,7
generated_json/universe_prs.json,2024/03/29,1,0
generated_json/universe_prs.json,2024/03/30,3429,2292
generated_json/universe_prs.json,2024/03/31,1,1
generated_json/universe_prs.json,2024/03/31,285,1
generated_json/autoware_launch_prs.json,2024/03/31,0,2
generated_json/autoware_launch_prs.json,2024/04/01,2,2
generated_json/universe_prs.json,2024/04/01,65,2
generated_json/universe_prs.json,2024/04/01,26,0
generated_json/autoware_launch_prs.json,2024/04/01,1,0
generated_json/universe_prs.json,2024/04/01,2,1
generated_json/universe_prs.json,2024/04/02,2,0
generated_json/autoware_prs.json,2024/04/02,4,4
generated_json/universe_prs.json,2024/04/02,27,34
generated_json/autoware_prs.json,2024/04/02,15,0
generated_json/universe_prs.json,2024/04/02,43,2
generated_json/universe_prs.json,2024/04/02,13,3
generated_json/autoware_launch_prs.json,2024/04/02,1,0
generated_json/universe_prs.json,2024/04/02,0,28
generated_json/universe_prs.json,2024/04/02,4,0
generated_json/universe_prs.json,2024/04/02,60,44
generated_json/universe_prs.json,2024/04/03,57,12
generated_json/autoware_launch_prs.json,2024/04/03,1,0
generated_json/universe_prs.json,2024/04/03,69,16
generated_json/universe_prs.json,2024/04/03,32,6
generated_json/universe_prs.json,2024/04/04,1,0
generated_json/autoware_launch_prs.json,2024/04/04,29,0
generated_json/universe_prs.json,2024/04/04,829,572
generated_json/universe_prs.json,2024/04/04,714,364
generated_json/universe_prs.json,2024/04/04,414,238
generated_json/universe_prs.json,2024/04/04,56,22
generated_json/universe_prs.json,2024/04/04,43,4
generated_json/universe_prs.json,2024/04/04,128,23
generated_json/universe_prs.json,2024/04/04,38,1
generated_json/universe_prs.json,2024/04/04,10,4
generated_json/universe_prs.json,2024/04/05,298,87
generated_json/universe_prs.json,2024/04/05,4,0
generated_json/universe_prs.json,2024/04/05,4,0
generated_json/universe_prs.json,2024/04/05,16,5
generated_json/universe_prs.json,2024/04/05,48,64
generated_json/universe_prs.json,2024/04/05,1,1
generated_json/autoware_launch_prs.json,2024/04/07,1,0
generated_json/universe_prs.json,2024/04/08,36,4
generated_json/autoware_launch_prs.json,2024/04/08,2,1
generated_json/universe_prs.json,2024/04/08,102,0
generated_json/autoware_launch_prs.json,2024/04/08,1,1
generated_json/universe_prs.json,2024/04/08,48,6
generated_json/autoware_prs.json,2024/04/08,13,8
generated_json/universe_prs.json,2024/04/09,2,1
generated_json/universe_prs.json,2024/04/09,12,3
generated_json/universe_prs.json,2024/04/09,13,33
generated_json/universe_prs.json,2024/04/09,5,45
generated_json/universe_prs.json,2024/04/09,2,2
generated_json/universe_prs.json,2024/04/09,32,19
generated_json/universe_prs.json,2024/04/09,148,39
generated_json/universe_prs.json,2024/04/09,40,8
generated_json/universe_prs.json,2024/04/09,1,2
generated_json/universe_prs.json,2024/04/09,11,12
generated_json/universe_prs.json,2024/04/09,68,38
generated_json/autoware_launch_prs.json,2024/04/10,1,1
generated_json/autoware_prs.json,2024/04/10,4,0
generated_json/universe_prs.json,2024/04/10,29,69
generated_json/autoware_prs.json,2024/04/10,1,1
generated_json/autoware_common_prs.json,2024/04/11,19,2
generated_json/universe_prs.json,2024/04/11,268,289
generated_json/autoware_launch_prs.json,2024/04/11,158,158
generated_json/universe_prs.json,2024/04/11,491,231
generated_json/universe_prs.json,2024/04/11,1466,170
generated_json/universe_prs.json,2024/04/11,78,32
generated_json/autoware_documentation_prs.json,2024/04/11,0,46
generated_json/universe_prs.json,2024/04/11,51,36
generated_json/universe_prs.json,2024/04/11,1995,32
generated_json/universe_prs.json,2024/04/11,55,83
generated_json/universe_prs.json,2024/04/11,133,133
generated_json/universe_prs.json,2024/04/11,175,98
generated_json/autoware_prs.json,2024/04/12,1,0
generated_json/universe_prs.json,2024/04/12,29,68
generated_json/autoware_launch_prs.json,2024/04/12,2,8
generated_json/universe_prs.json,2024/04/12,1,2
generated_json/universe_prs.json,2024/04/12,1,1
generated_json/autoware_documentation_prs.json,2024/04/12,57,0
generated_json/universe_prs.json,2024/04/13,154,0
generated_json/autoware_prs.json,2024/04/13,5,8
generated_json/universe_prs.json,2024/04/13,84340,15
generated_json/universe_prs.json,2024/04/15,91,36
generated_json/universe_prs.json,2024/04/15,61,0
generated_json/universe_prs.json,2024/04/15,364,714
generated_json/universe_prs.json,2024/04/15,113,113
generated_json/universe_prs.json,2024/04/15,129,114
generated_json/universe_prs.json,2024/04/15,106,24
generated_json/universe_prs.json,2024/04/15,875,5
generated_json/universe_prs.json,2024/04/16,1616,205
generated_json/universe_prs.json,2024/04/16,50,50
generated_json/universe_prs.json,2024/04/16,33,46
generated_json/autoware_prs.json,2024/04/16,3,0
generated_json/universe_prs.json,2024/04/16,46,18
generated_json/universe_prs.json,2024/04/16,58,38
generated_json/universe_prs.json,2024/04/16,2,11
generated_json/autoware_prs.json,2024/04/17,1,1
generated_json/universe_prs.json,2024/04/17,112,280
generated_json/universe_prs.json,2024/04/17,15,6
generated_json/universe_prs.json,2024/04/17,30,6
generated_json/autoware_launch_prs.json,2024/04/18,1,0
generated_json/autoware_launch_prs.json,2024/04/18,1,0
generated_json/universe_prs.json,2024/04/18,112,56
generated_json/universe_prs.json,2024/04/18,18,46
generated_json/universe_prs.json,2024/04/18,25,15
generated_json/autoware_launch_prs.json,2024/04/18,7,2
generated_json/universe_prs.json,2024/04/18,89,82
generated_json/universe_prs.json,2024/04/18,524,233
generated_json/autoware_documentation_prs.json,2024/04/18,1,1
generated_json/universe_prs.json,2024/04/18,1697,191
generated_json/universe_prs.json,2024/04/18,32,22
generated_json/universe_prs.json,2024/04/18,384,1
generated_json/autoware_launch_prs.json,2024/04/19,1,1
generated_json/universe_prs.json,2024/04/19,0,5
generated_json/autoware_prs.json,2024/04/19,0,5
generated_json/universe_prs.json,2024/04/19,1672,0
generated_json/universe_prs.json,2024/04/20,3,3
generated_json/universe_prs.json,2024/04/20,33,39
generated_json/autoware_launch_prs.json,2024/04/22,2,1
generated_json/universe_prs.json,2024/04/22,14,13
generated_json/autoware_documentation_prs.json,2024/04/22,67,67
generated_json/autoware_documentation_prs.json,2024/04/22,1839,0
generated_json/universe_prs.json,2024/04/22,2307,0
generated_json/universe_prs.json,2024/04/22,20,7
generated_json/universe_prs.json,2024/04/22,4,2
generated_json/autoware_launch_prs.json,2024/04/22,0,2
generated_json/universe_prs.json,2024/04/22,2,2
generated_json/universe_prs.json,2024/04/22,198,17
generated_json/autoware_launch_prs.json,2024/04/22,9,1
generated_json/universe_prs.json,2024/04/23,21,15
generated_json/universe_prs.json,2024/04/23,31,6
generated_json/universe_prs.json,2024/04/23,7,1
generated_json/autoware_launch_prs.json,2024/04/23,8,0
generated_json/autoware_prs.json,2024/04/23,0,1
generated_json/autoware_prs.json,2024/04/23,2,3
generated_json/autoware_prs.json,2024/04/23,1,0
generated_json/autoware_prs.json,2024/04/23,1,0
generated_json/autoware_prs.json,2024/04/23,17,0
generated_json/autoware_launch_prs.json,2024/04/24,2,2
generated_json/universe_prs.json,2024/04/24,24,4
generated_json/universe_prs.json,2024/04/24,1,57
generated_json/universe_prs.json,2024/04/24,16,33
generated_json/universe_prs.json,2024/04/24,228,108
generated_json/autoware_launch_prs.json,2024/04/24,5,1
generated_json/universe_prs.json,2024/04/24,109,73
generated_json/autoware_launch_prs.json,2024/04/24,4,1
generated_json/universe_prs.json,2024/04/24,15,14
generated_json/universe_prs.json,2024/04/24,10,7
generated_json/autoware_prs.json,2024/04/24,4,0
generated_json/autoware_documentation_prs.json,2024/04/24,17,1
generated_json/autoware_prs.json,2024/04/25,2,2
generated_json/universe_prs.json,2024/04/25,54,50
generated_json/universe_prs.json,2024/04/25,258,264
generated_json/universe_prs.json,2024/04/25,26,3
generated_json/autoware_launch_prs.json,2024/04/25,1,1
generated_json/autoware_launch_prs.json,2024/04/25,49,0
generated_json/autoware_msgs_prs.json,2024/04/25,108,30
generated_json/universe_prs.json,2024/04/25,4,0
generated_json/universe_prs.json,2024/04/25,11,11
generated_json/autoware_launch_prs.json,2024/04/25,4,4
generated_json/autoware_launch_prs.json,2024/04/25,4,0
generated_json/autoware_msgs_prs.json,2024/04/25,0,15
generated_json/universe_prs.json,2024/04/25,3587,4
generated_json/autoware_msgs_prs.json,2024/04/25,0,6
generated_json/universe_prs.json,2024/04/25,0,1
generated_json/universe_prs.json,2024/04/25,836,1012
generated_json/universe_prs.json,2024/04/25,0,12
generated_json/autoware_msgs_prs.json,2024/04/25,0,1
generated_json/universe_prs.json,2024/04/26,17,0
generated_json/universe_prs.json,2024/04/26,19,1
generated_json/universe_prs.json,2024/04/26,20,21
generated_json/universe_prs.json,2024/04/26,29,8
generated_json/autoware_documentation_prs.json,2024/04/26,1,1
generated_json/universe_prs.json,2024/04/26,21,2
generated_json/autoware_launch_prs.json,2024/04/26,20,0
generated_json/universe_prs.json,2024/04/26,68,65
generated_json/autoware_prs.json,2024/04/29,2,2
generated_json/universe_prs.json,2024/04/30,37,9
generated_json/universe_prs.json,2024/04/30,5,3
generated_json/autoware_launch_prs.json,2024/04/30,1,0
generated_json/autoware_documentation_prs.json,2024/04/30,414,0
generated_json/universe_prs.json,2024/04/30,209,64
generated_json/universe_prs.json,2024/04/30,5,5
generated_json/autoware_prs.json,2024/04/30,51,154
generated_json/autoware_documentation_prs.json,2024/04/30,2,0
generated_json/autoware_prs.json,2024/05/01,1,1
generated_json/universe_prs.json,2024/05/01,404,32
generated_json/universe_prs.json,2024/05/01,11,1
generated_json/universe_prs.json,2024/05/01,55,46
generated_json/universe_prs.json,2024/05/01,7,1
generated_json/universe_prs.json,2024/05/01,277,77
generated_json/autoware_launch_prs.json,2024/05/01,23,11
generated_json/universe_prs.json,2024/05/01,122,97
generated_json/universe_prs.json,2024/05/01,29,10
generated_json/universe_prs.json,2024/05/01,1,1
generated_json/autoware_launch_prs.json,2024/05/01,1,1
generated_json/universe_prs.json,2024/05/02,36,29
generated_json/autoware_launch_prs.json,2024/05/02,10,0
generated_json/autoware_launch_prs.json,2024/05/02,1,1
generated_json/universe_prs.json,2024/05/02,19,0
generated_json/autoware_documentation_prs.json,2024/05/02,65,0
generated_json/autoware_launch_prs.json,2024/05/02,3,3
generated_json/universe_prs.json,2024/05/06,1,1
generated_json/universe_prs.json,2024/05/06,2,2
generated_json/universe_prs.json,2024/05/06,1,7
generated_json/universe_prs.json,2024/05/06,2,0
generated_json/universe_prs.json,2024/05/06,1,1
generated_json/universe_prs.json,2024/05/06,2,0
generated_json/universe_prs.json,2024/05/06,1,1
generated_json/universe_prs.json,2024/05/06,2,2
generated_json/universe_prs.json,2024/05/07,5,5
generated_json/universe_prs.json,2024/05/07,5,0
generated_json/universe_prs.json,2024/05/07,1,1
generated_json/universe_prs.json,2024/05/08,49,26
generated_json/universe_prs.json,2024/05/08,26,4
generated_json/universe_prs.json,2024/05/08,149,85
generated_json/autoware_launch_prs.json,2024/05/08,9,4
generated_json/universe_prs.json,2024/05/08,82,82
generated_json/universe_prs.json,2024/05/08,128,133
generated_json/universe_prs.json,2024/05/08,7,1
generated_json/autoware_documentation_prs.json,2024/05/08,277,38
generated_json/universe_prs.json,2024/05/09,82,1
generated_json/universe_prs.json,2024/05/09,4,0
generated_json/universe_prs.json,2024/05/09,13,20
generated_json/universe_prs.json,2024/05/09,65,68
generated_json/universe_prs.json,2024/05/09,88,72
generated_json/universe_prs.json,2024/05/09,57,1
generated_json/universe_prs.json,2024/05/09,0,13
generated_json/autoware_launch_prs.json,2024/05/09,0,13
generated_json/universe_prs.json,2024/05/09,236,0
generated_json/universe_prs.json,2024/05/09,34889,9
generated_json/universe_prs.json,2024/05/10,21,21
generated_json/universe_prs.json,2024/05/10,715,364
generated_json/universe_prs.json,2024/05/10,8,9
generated_json/universe_prs.json,2024/05/10,6,9
generated_json/universe_prs.json,2024/05/10,121,0
generated_json/universe_prs.json,2024/05/10,73,109
generated_json/autoware_msgs_prs.json,2024/05/10,16,4
generated_json/universe_prs.json,2024/05/10,17,0
generated_json/universe_prs.json,2024/05/10,44,7
generated_json/universe_prs.json,2024/05/10,23,13
generated_json/universe_prs.json,2024/05/10,71,56
generated_json/universe_prs.json,2024/05/10,62,959
generated_json/universe_prs.json,2024/05/11,2,2
generated_json/universe_prs.json,2024/05/11,5,5
generated_json/universe_prs.json,2024/05/11,3,0
generated_json/universe_prs.json,2024/05/12,255,13
generated_json/universe_prs.json,2024/05/12,2,7
generated_json/universe_prs.json,2024/05/12,24,53
generated_json/universe_prs.json,2024/05/12,491,173
generated_json/universe_prs.json,2024/05/13,117,174
generated_json/autoware_launch_prs.json,2024/05/13,1,1
generated_json/autoware_launch_prs.json,2024/05/13,1,0
generated_json/universe_prs.json,2024/05/13,16,0
generated_json/universe_prs.json,2024/05/13,7,5
generated_json/universe_prs.json,2024/05/13,25,0
generated_json/universe_prs.json,2024/05/13,206,58
generated_json/autoware_launch_prs.json,2024/05/13,3,0
generated_json/universe_prs.json,2024/05/13,767,329
generated_json/universe_prs.json,2024/05/13,34,49
generated_json/autoware_prs.json,2024/05/13,57,15
generated_json/universe_prs.json,2024/05/13,22,5
generated_json/autoware_launch_prs.json,2024/05/14,91,2
generated_json/universe_prs.json,2024/05/14,3,3
generated_json/universe_prs.json,2024/05/14,24,25
generated_json/universe_prs.json,2024/05/14,0,1066
generated_json/universe_prs.json,2024/05/14,5,0
generated_json/universe_prs.json,2024/05/14,20,3
generated_json/universe_prs.json,2024/05/14,130,93
generated_json/universe_prs.json,2024/05/14,17,17
generated_json/universe_prs.json,2024/05/14,27,34
generated_json/universe_prs.json,2024/05/14,1,0
generated_json/universe_prs.json,2024/05/14,13,33
generated_json/universe_prs.json,2024/05/14,25,1
generated_json/universe_prs.json,2024/05/14,205,41
generated_json/universe_prs.json,2024/05/14,0,435
generated_json/universe_prs.json,2024/05/15,7,4
generated_json/autoware_prs.json,2024/05/15,4,2
generated_json/universe_prs.json,2024/05/15,0,6845
generated_json/universe_prs.json,2024/05/15,49,3
generated_json/universe_prs.json,2024/05/15,15,37
generated_json/universe_prs.json,2024/05/15,14,37
generated_json/universe_prs.json,2024/05/15,3,11
generated_json/universe_prs.json,2024/05/15,14,14
generated_json/universe_prs.json,2024/05/15,25,29
generated_json/universe_prs.json,2024/05/15,17,14
generated_json/universe_prs.json,2024/05/15,17,20
generated_json/universe_prs.json,2024/05/15,4,0
generated_json/universe_prs.json,2024/05/15,12,12
generated_json/universe_prs.json,2024/05/15,368,0
generated_json/autoware_common_prs.json,2024/05/16,1,1
generated_json/universe_prs.json,2024/05/16,23,3
generated_json/universe_prs.json,2024/05/16,4,19
generated_json/universe_prs.json,2024/05/16,21,41
generated_json/universe_prs.json,2024/05/16,1,1
generated_json/universe_prs.json,2024/05/16,1961,367
generated_json/universe_prs.json,2024/05/16,18,4
generated_json/universe_prs.json,2024/05/16,18,8
generated_json/universe_prs.json,2024/05/16,2,3
generated_json/autoware_documentation_prs.json,2024/05/16,23,13
generated_json/autoware_prs.json,2024/05/16,8,0
generated_json/universe_prs.json,2024/05/17,858,122
generated_json/universe_prs.json,2024/05/17,53,71
generated_json/autoware_launch_prs.json,2024/05/17,4,4
generated_json/universe_prs.json,2024/05/17,21,38
generated_json/universe_prs.json,2024/05/17,81,14
generated_json/universe_prs.json,2024/05/17,382,159
generated_json/autoware_prs.json,2024/05/17,32,44
generated_json/universe_prs.json,2024/05/17,241,28
generated_json/universe_prs.json,2024/05/17,12,0
generated_json/universe_prs.json,2024/05/17,1,1
generated_json/universe_prs.json,2024/05/17,142,2
generated_json/autoware_msgs_prs.json,2024/05/17,1,0
generated_json/universe_prs.json,2024/05/17,69,69
generated_json/universe_prs.json,2024/05/18,23,20
generated_json/universe_prs.json,2024/05/18,260,0
generated_json/universe_prs.json,2024/05/19,0,7
generated_json/universe_prs.json,2024/05/19,4,10
generated_json/universe_prs.json,2024/05/19,0,3
generated_json/universe_prs.json,2024/05/19,3014,0
generated_json/universe_prs.json,2024/05/19,4814,10
generated_json/autoware_launch_prs.json,2024/05/19,84,1
generated_json/universe_prs.json,2024/05/20,1,1
generated_json/universe_prs.json,2024/05/20,2,2
generated_json/universe_prs.json,2024/05/20,3,3
generated_json/autoware_prs.json,2024/05/20,53,7
generated_json/universe_prs.json,2024/05/20,80,15
generated_json/universe_prs.json,2024/05/20,279,1
generated_json/universe_prs.json,2024/05/20,54,0
generated_json/autoware_launch_prs.json,2024/05/20,1,0
generated_json/universe_prs.json,2024/05/21,527,73
generated_json/universe_prs.json,2024/05/21,1,0
generated_json/universe_prs.json,2024/05/21,62,67
generated_json/autoware_launch_prs.json,2024/05/21,1,1
generated_json/universe_prs.json,2024/05/21,617,297
generated_json/universe_prs.json,2024/05/21,4,4
generated_json/universe_prs.json,2024/05/21,15,25
generated_json/universe_prs.json,2024/05/21,1,1
generated_json/universe_prs.json,2024/05/21,5,4
generated_json/universe_prs.json,2024/05/21,125,0
generated_json/universe_prs.json,2024/05/22,1,11
generated_json/universe_prs.json,2024/05/22,1,1
generated_json/universe_prs.json,2024/05/22,68,81
generated_json/autoware_prs.json,2024/05/22,4,14
generated_json/autoware_launch_prs.json,2024/05/22,1,1
generated_json/universe_prs.json,2024/05/22,178,0
generated_json/universe_prs.json,2024/05/22,586,0
generated_json/autoware_prs.json,2024/05/22,13,0
generated_json/universe_prs.json,2024/05/22,209,0
generated_json/autoware_prs.json,2024/05/23,1,1
generated_json/universe_prs.json,2024/05/23,132,37
generated_json/autoware_launch_prs.json,2024/05/23,8,1
generated_json/universe_prs.json,2024/05/23,18,0
generated_json/universe_prs.json,2024/05/23,15,35
generated_json/universe_prs.json,2024/05/23,61,19
generated_json/universe_prs.json,2024/05/23,15,35
generated_json/universe_prs.json,2024/05/23,21,43
generated_json/universe_prs.json,2024/05/23,12,5
generated_json/universe_prs.json,2024/05/23,16,41
generated_json/universe_prs.json,2024/05/23,11,33
generated_json/autoware_documentation_prs.json,2024/05/23,3,3
generated_json/universe_prs.json,2024/05/23,129,22
generated_json/universe_prs.json,2024/05/24,22,40
generated_json/universe_prs.json,2024/05/24,2,2
generated_json/universe_prs.json,2024/05/24,400,268
generated_json/autoware_documentation_prs.json,2024/05/24,2,0
generated_json/universe_prs.json,2024/05/24,20,19
generated_json/universe_prs.json,2024/05/24,14,34
generated_json/universe_prs.json,2024/05/24,16,33
generated_json/universe_prs.json,2024/05/24,1,1
generated_json/universe_prs.json,2024/05/24,15,31
generated_json/universe_prs.json,2024/05/24,12,41
generated_json/universe_prs.json,2024/05/24,19,61
generated_json/autoware_launch_prs.json,2024/05/24,10,0
generated_json/universe_prs.json,2024/05/24,16,0
generated_json/universe_prs.json,2024/05/24,37,0
generated_json/universe_prs.json,2024/05/24,271,144
generated_json/universe_prs.json,2024/05/24,8,7
generated_json/autoware_prs.json,2024/05/24,19,5
generated_json/autoware_documentation_prs.json,2024/05/24,2,2
generated_json/autoware_documentation_prs.json,2024/05/24,307,0
generated_json/autoware_prs.json,2024/05/25,1,1
generated_json/universe_prs.json,2024/05/27,1243,0
generated_json/autoware_prs.json,2024/05/27,4,0
generated_json/universe_prs.json,2024/05/27,29,0
generated_json/autoware_prs.json,2024/05/27,27,10
generated_json/universe_prs.json,2024/05/27,58,32
generated_json/universe_prs.json,2024/05/27,7,6
generated_json/universe_prs.json,2024/05/27,30,70
generated_json/universe_prs.json,2024/05/27,13,50
generated_json/universe_prs.json,2024/05/27,4,5
generated_json/universe_prs.json,2024/05/27,2,6
generated_json/autoware_launch_prs.json,2024/05/27,17,3
generated_json/universe_prs.json,2024/05/27,17,35
generated_json/universe_prs.json,2024/05/27,3,3
generated_json/universe_prs.json,2024/05/27,694,269
generated_json/universe_prs.json,2024/05/27,15,36
generated_json/autoware_prs.json,2024/05/27,13,0
generated_json/autoware_launch_prs.json,2024/05/27,0,16
generated_json/universe_prs.json,2024/05/27,3,3
generated_json/autoware_documentation_prs.json,2024/05/27,21,39
generated_json/universe_prs.json,2024/05/27,52,11
generated_json/universe_prs.json,2024/05/27,9,2
generated_json/universe_prs.json,2024/05/27,68,79
generated_json/universe_prs.json,2024/05/28,31,79
generated_json/universe_prs.json,2024/05/28,73,0
generated_json/autoware_prs.json,2024/05/28,33,33
generated_json/universe_prs.json,2024/05/28,170,214
generated_json/universe_prs.json,2024/05/28,1,1
generated_json/universe_prs.json,2024/05/28,80,1
generated_json/universe_prs.json,2024/05/28,1354,3285
generated_json/universe_prs.json,2024/05/28,1,0
generated_json/autoware_launch_prs.json,2024/05/28,7,5
generated_json/universe_prs.json,2024/05/28,56,10
generated_json/universe_prs.json,2024/05/28,45,25
generated_json/autoware_launch_prs.json,2024/05/28,12,0
generated_json/universe_prs.json,2024/05/28,66,43
generated_json/universe_prs.json,2024/05/28,57,37
generated_json/autoware_launch_prs.json,2024/05/28,32,31
generated_json/universe_prs.json,2024/05/29,1328,94
generated_json/universe_prs.json,2024/05/29,125,100
generated_json/autoware_launch_prs.json,2024/05/29,4,1
generated_json/autoware_prs.json,2024/05/29,4,85
generated_json/universe_prs.json,2024/05/29,258,250
generated_json/universe_prs.json,2024/05/29,187,72
generated_json/autoware_launch_prs.json,2024/05/29,1,4
generated_json/universe_prs.json,2024/05/29,16,10
generated_json/autoware_launch_prs.json,2024/05/29,1,0
generated_json/universe_prs.json,2024/05/29,9,9
generated_json/autoware_prs.json,2024/05/29,9,26
generated_json/universe_prs.json,2024/05/29,2,0
generated_json/universe_prs.json,2024/05/29,6,0
generated_json/universe_prs.json,2024/05/30,15,12
generated_json/universe_prs.json,2024/05/30,61,19
generated_json/universe_prs.json,2024/05/30,375,335
generated_json/universe_prs.json,2024/05/30,71,7
generated_json/universe_prs.json,2024/05/30,37,83
generated_json/universe_prs.json,2024/05/30,6,3
generated_json/universe_prs.json,2024/05/30,1,1
generated_json/autoware_launch_prs.json,2024/05/30,31,25
generated_json/universe_prs.json,2024/05/30,20,7
generated_json/autoware_prs.json,2024/05/30,5,0
generated_json/autoware_launch_prs.json,2024/05/30,2,1
generated_json/universe_prs.json,2024/05/30,5,5
generated_json/autoware_prs.json,2024/05/30,32,0
generated_json/universe_prs.json,2024/05/30,92,35
generated_json/universe_prs.json,2024/05/31,20,58
generated_json/universe_prs.json,2024/05/31,0,1
generated_json/universe_prs.json,2024/05/31,55,11
generated_json/universe_prs.json,2024/05/31,19,62
generated_json/universe_prs.json,2024/05/31,361,137
generated_json/universe_prs.json,2024/05/31,23,33
generated_json/universe_prs.json,2024/05/31,19,36
generated_json/universe_prs.json,2024/05/31,0,27
generated_json/universe_prs.json,2024/05/31,14,16
generated_json/universe_prs.json,2024/05/31,34,9
generated_json/universe_prs.json,2024/05/31,348,243
generated_json/autoware_launch_prs.json,2024/05/31,2,0
generated_json/universe_prs.json,2024/05/31,25,17
generated_json/autoware_prs.json,2024/05/31,2,1
generated_json/universe_prs.json,2024/05/31,83,187
generated_json/universe_prs.json,2024/05/31,1,1
generated_json/universe_prs.json,2024/05/31,1,1
generated_json/universe_prs.json,2024/05/31,1,1
generated_json/universe_prs.json,2024/05/31,1,1
generated_json/universe_prs.json,2024/05/31,15,41
generated_json/universe_prs.json,2024/05/31,492,502
generated_json/universe_prs.json,2024/05/31,4,4
generated_json/universe_prs.json,2024/06/01,12,12
generated_json/universe_prs.json,2024/06/01,1,1
generated_json/universe_prs.json,2024/06/01,2,1
generated_json/autoware_common_prs.json,2024/06/01,15,16
generated_json/autoware_launch_prs.json,2024/06/01,9,9
generated_json/universe_prs.json,2024/06/01,13,13
generated_json/universe_prs.json,2024/06/01,22,20
generated_json/universe_prs.json,2024/06/01,12,13
generated_json/universe_prs.json,2024/06/01,11,30
generated_json/universe_prs.json,2024/06/01,18,31
generated_json/universe_prs.json,2024/06/02,0,6567
generated_json/universe_prs.json,2024/06/02,0,717
generated_json/autoware_documentation_prs.json,2024/06/02,1,1
generated_json/universe_prs.json,2024/06/02,0,1458
generated_json/universe_prs.json,2024/06/02,132,132
generated_json/autoware_launch_prs.json,2024/06/02,16,16
generated_json/universe_prs.json,2024/06/02,292,19
generated_json/autoware_launch_prs.json,2024/06/02,12,9
generated_json/universe_prs.json,2024/06/03,85,132
generated_json/universe_prs.json,2024/06/03,43,17
generated_json/universe_prs.json,2024/06/03,16,1
generated_json/universe_prs.json,2024/06/03,1,2
generated_json/universe_prs.json,2024/06/03,53,17
generated_json/universe_prs.json,2024/06/03,31,18
generated_json/universe_prs.json,2024/06/03,1,1
generated_json/autoware_launch_prs.json,2024/06/03,1,1
generated_json/autoware_prs.json,2024/06/03,13,0
generated_json/universe_prs.json,2024/06/03,13,12
generated_json/autoware_documentation_prs.json,2024/06/03,299,0
generated_json/universe_prs.json,2024/06/03,8,6
generated_json/universe_prs.json,2024/06/03,8,4
generated_json/universe_prs.json,2024/06/03,1,1
generated_json/universe_prs.json,2024/06/03,1419,1431
generated_json/universe_prs.json,2024/06/03,703,741
generated_json/universe_prs.json,2024/06/03,88,92
generated_json/universe_prs.json,2024/06/03,3,3
generated_json/universe_prs.json,2024/06/03,54,54
generated_json/universe_prs.json,2024/06/03,31,33
generated_json/universe_prs.json,2024/06/03,1225,1265
generated_json/universe_prs.json,2024/06/03,1626,1689
generated_json/universe_prs.json,2024/06/03,29,30
generated_json/universe_prs.json,2024/06/03,106,124
generated_json/universe_prs.json,2024/06/03,197,216
generated_json/universe_prs.json,2024/06/03,120,126
generated_json/universe_prs.json,2024/06/03,44,45
generated_json/universe_prs.json,2024/06/03,0,4
generated_json/universe_prs.json,2024/06/04,184,0
generated_json/universe_prs.json,2024/06/04,72,91
generated_json/universe_prs.json,2024/06/04,36,19
generated_json/universe_prs.json,2024/06/04,1,17
generated_json/universe_prs.json,2024/06/04,0,48
generated_json/autoware_documentation_prs.json,2024/06/04,3,3
generated_json/universe_prs.json,2024/06/05,2,2
generated_json/autoware_prs.json,2024/06/05,1,1
generated_json/universe_prs.json,2024/06/05,38,25
generated_json/universe_prs.json,2024/06/05,21,0
generated_json/universe_prs.json,2024/06/05,1036,896
generated_json/universe_prs.json,2024/06/05,120,146
generated_json/universe_prs.json,2024/06/05,0,1
generated_json/universe_prs.json,2024/06/05,47,25
generated_json/autoware_launch_prs.json,2024/06/05,9,3
generated_json/universe_prs.json,2024/06/05,29,29
generated_json/universe_prs.json,2024/06/05,150,145
generated_json/universe_prs.json,2024/06/05,29,14
generated_json/autoware_prs.json,2024/06/05,1,1
generated_json/universe_prs.json,2024/06/05,15,6
generated_json/universe_prs.json,2024/06/05,31,7
generated_json/universe_prs.json,2024/06/05,9,9
generated_json/autoware_documentation_prs.json,2024/06/05,7,2
generated_json/autoware_prs.json,2024/06/05,21,0
generated_json/universe_prs.json,2024/06/05,20,20
generated_json/autoware_prs.json,2024/06/05,8,8
generated_json/universe_prs.json,2024/06/06,370,364
generated_json/universe_prs.json,2024/06/06,1,1
generated_json/autoware_prs.json,2024/06/06,3,3
generated_json/universe_prs.json,2024/06/06,1,0
generated_json/universe_prs.json,2024/06/06,50,46
generated_json/universe_prs.json,2024/06/06,15,15
generated_json/autoware_launch_prs.json,2024/06/06,4,2
generated_json/universe_prs.json,2024/06/06,25,16
generated_json/universe_prs.json,2024/06/06,24,24
generated_json/universe_prs.json,2024/06/06,116,168
generated_json/universe_prs.json,2024/06/06,32,32
generated_json/universe_prs.json,2024/06/06,13,9
generated_json/universe_prs.json,2024/06/06,198,26
generated_json/universe_prs.json,2024/06/06,119,118
generated_json/universe_prs.json,2024/06/06,3,3
generated_json/universe_prs.json,2024/06/06,44,44
generated_json/universe_prs.json,2024/06/06,56,140
generated_json/universe_prs.json,2024/06/06,96,94
generated_json/universe_prs.json,2024/06/06,17,18
generated_json/universe_prs.json,2024/06/06,42,34
generated_json/universe_prs.json,2024/06/06,10,10
generated_json/universe_prs.json,2024/06/06,2,3
generated_json/universe_prs.json,2024/06/06,649,682
generated_json/universe_prs.json,2024/06/06,212,255
generated_json/universe_prs.json,2024/06/06,4,0
generated_json/universe_prs.json,2024/06/06,4,6
generated_json/universe_prs.json,2024/06/06,22,27
generated_json/universe_prs.json,2024/06/06,104,103
generated_json/universe_prs.json,2024/06/06,35,35
generated_json/universe_prs.json,2024/06/06,151,35
generated_json/autoware_documentation_prs.json,2024/06/06,19,2
generated_json/universe_prs.json,2024/06/06,57,55
generated_json/universe_prs.json,2024/06/06,458,464
generated_json/universe_prs.json,2024/06/06,67,61
generated_json/universe_prs.json,2024/06/06,34,33
generated_json/universe_prs.json,2024/06/06,40,40
generated_json/universe_prs.json,2024/06/06,8,11
generated_json/universe_prs.json,2024/06/06,64,37
generated_json/universe_prs.json,2024/06/06,7,21
generated_json/universe_prs.json,2024/06/06,51,37
generated_json/universe_prs.json,2024/06/06,0,39
generated_json/universe_prs.json,2024/06/06,339,32
generated_json/universe_prs.json,2024/06/06,10,3
generated_json/universe_prs.json,2024/06/06,1,1
generated_json/universe_prs.json,2024/06/06,142,17
generated_json/universe_prs.json,2024/06/06,27,100
generated_json/autoware_documentation_prs.json,2024/06/06,52,0
generated_json/universe_prs.json,2024/06/06,701,52
generated_json/universe_prs.json,2024/06/06,117,70
generated_json/universe_prs.json,2024/06/06,107,106
generated_json/universe_prs.json,2024/06/06,15,15
generated_json/universe_prs.json,2024/06/07,35,35
generated_json/universe_prs.json,2024/06/07,35,34
generated_json/universe_prs.json,2024/06/07,15,29
generated_json/universe_prs.json,2024/06/07,3,0
generated_json/universe_prs.json,2024/06/07,3,0
generated_json/universe_prs.json,2024/06/07,474,448
generated_json/universe_prs.json,2024/06/07,8,0
generated_json/universe_prs.json,2024/06/07,48,49
generated_json/universe_prs.json,2024/06/07,39,37
generated_json/universe_prs.json,2024/06/07,66,64
generated_json/universe_prs.json,2024/06/07,350,338
generated_json/universe_prs.json,2024/06/07,94,94
generated_json/universe_prs.json,2024/06/07,36,34
generated_json/universe_prs.json,2024/06/07,6,4
generated_json/universe_prs.json,2024/06/07,12,5
generated_json/universe_prs.json,2024/06/07,27,51
generated_json/universe_prs.json,2024/06/07,2,2599
generated_json/autoware_launch_prs.json,2024/06/07,1,75
generated_json/universe_prs.json,2024/06/07,92,96
generated_json/universe_prs.json,2024/06/07,41,38
generated_json/universe_prs.json,2024/06/07,1,1
generated_json/universe_prs.json,2024/06/07,40,41
generated_json/autoware_prs.json,2024/06/07,32,0
generated_json/universe_prs.json,2024/06/07,38,41
generated_json/universe_prs.json,2024/06/07,22,21
generated_json/universe_prs.json,2024/06/07,2,0
generated_json/autoware_common_prs.json,2024/06/07,3,0
generated_json/universe_prs.json,2024/06/07,75,71
generated_json/universe_prs.json,2024/06/07,64,19
generated_json/universe_prs.json,2024/06/07,80,82
generated_json/universe_prs.json,2024/06/07,1,1
generated_json/universe_prs.json,2024/06/08,33,23
generated_json/universe_prs.json,2024/06/08,135,134
generated_json/universe_prs.json,2024/06/08,24,24
generated_json/universe_prs.json,2024/06/08,7,7
generated_json/universe_prs.json,2024/06/08,6,4
generated_json/universe_prs.json,2024/06/08,36,31
generated_json/universe_prs.json,2024/06/08,11,9
generated_json/universe_prs.json,2024/06/08,97,95
generated_json/universe_prs.json,2024/06/08,86,86
generated_json/universe_prs.json,2024/06/08,43,44
generated_json/universe_prs.json,2024/06/08,44,37
generated_json/universe_prs.json,2024/06/08,175,170
generated_json/autoware_launch_prs.json,2024/06/08,3,3
generated_json/universe_prs.json,2024/06/09,1,1
generated_json/universe_prs.json,2024/06/10,3,0
generated_json/universe_prs.json,2024/06/10,1,1
generated_json/autoware_documentation_prs.json,2024/06/10,1,1
generated_json/universe_prs.json,2024/06/10,37,31
generated_json/autoware_prs.json,2024/06/10,20,12
generated_json/autoware_prs.json,2024/06/10,11,48
generated_json/universe_prs.json,2024/06/10,54,51
generated_json/universe_prs.json,2024/06/10,7,7
generated_json/universe_prs.json,2024/06/10,23,22
generated_json/universe_prs.json,2024/06/10,1,1
generated_json/universe_prs.json,2024/06/10,2,0
generated_json/universe_prs.json,2024/06/10,12,4
generated_json/universe_prs.json,2024/06/10,145,150
generated_json/universe_prs.json,2024/06/10,3,11
generated_json/universe_prs.json,2024/06/10,8,1
generated_json/universe_prs.json,2024/06/10,156,151
generated_json/universe_prs.json,2024/06/10,74,78
generated_json/universe_prs.json,2024/06/10,26,1
generated_json/universe_prs.json,2024/06/10,4,3
generated_json/universe_prs.json,2024/06/10,39,11
generated_json/universe_prs.json,2024/06/10,24,23
generated_json/universe_prs.json,2024/06/10,2,2
generated_json/universe_prs.json,2024/06/10,60,4
generated_json/universe_prs.json,2024/06/10,0,0
generated_json/universe_prs.json,2024/06/10,0,0
generated_json/universe_prs.json,2024/06/10,42,32
generated_json/universe_prs.json,2024/06/10,52,52
generated_json/universe_prs.json,2024/06/10,56,54
generated_json/universe_prs.json,2024/06/10,1,1
generated_json/universe_prs.json,2024/06/10,118,99
generated_json/universe_prs.json,2024/06/10,103,102
generated_json/universe_prs.json,2024/06/10,73,73
generated_json/autoware_prs.json,2024/06/10,92,36
generated_json/autoware_common_prs.json,2024/06/10,142,59
generated_json/universe_prs.json,2024/06/10,1,2
generated_json/universe_prs.json,2024/06/11,0,296
generated_json/autoware_prs.json,2024/06/11,10,8
generated_json/universe_prs.json,2024/06/11,5,5
generated_json/universe_prs.json,2024/06/11,7,22
generated_json/universe_prs.json,2024/06/11,390,370
generated_json/universe_prs.json,2024/06/11,20,51
generated_json/autoware_launch_prs.json,2024/06/11,0,5
generated_json/universe_prs.json,2024/06/11,2,2
generated_json/universe_prs.json,2024/06/11,847,268
generated_json/universe_prs.json,2024/06/11,42,41
generated_json/universe_prs.json,2024/06/11,33,51
generated_json/universe_prs.json,2024/06/11,12,35
generated_json/universe_prs.json,2024/06/11,468,464
generated_json/autoware_prs.json,2024/06/11,4,4
generated_json/universe_prs.json,2024/06/11,110,26
generated_json/universe_prs.json,2024/06/11,838,1107
generated_json/autoware_launch_prs.json,2024/06/11,28,1
generated_json/universe_prs.json,2024/06/11,540,440
generated_json/universe_prs.json,2024/06/11,2,2
generated_json/universe_prs.json,2024/06/11,3,3
generated_json/universe_prs.json,2024/06/11,303,120
generated_json/universe_prs.json,2024/06/11,48,44
generated_json/autoware_prs.json,2024/06/11,96,13
generated_json/universe_prs.json,2024/06/11,10,2
generated_json/universe_prs.json,2024/06/11,8,17
generated_json/universe_prs.json,2024/06/11,1,1
generated_json/universe_prs.json,2024/06/12,36,50
generated_json/universe_prs.json,2024/06/12,0,3
generated_json/universe_prs.json,2024/06/12,6,6
generated_json/universe_prs.json,2024/06/12,241,133
generated_json/universe_prs.json,2024/06/12,385,472
generated_json/autoware_launch_prs.json,2024/06/12,29,29
generated_json/universe_prs.json,2024/06/12,3,0
generated_json/universe_prs.json,2024/06/12,131,152
generated_json/universe_prs.json,2024/06/12,1,2
generated_json/universe_prs.json,2024/06/12,8,8
generated_json/universe_prs.json,2024/06/12,10,17
generated_json/autoware_prs.json,2024/06/12,2,2
generated_json/universe_prs.json,2024/06/12,12,4
generated_json/universe_prs.json,2024/06/12,8,8
generated_json/universe_prs.json,2024/06/13,13,62
generated_json/universe_prs.json,2024/06/13,89,64
generated_json/autoware_prs.json,2024/06/13,5,19
generated_json/universe_prs.json,2024/06/13,73,14
generated_json/universe_prs.json,2024/06/13,2,0
generated_json/universe_prs.json,2024/06/13,11,13
generated_json/universe_prs.json,2024/06/13,8,2
generated_json/autoware_launch_prs.json,2024/06/13,1,0
generated_json/universe_prs.json,2024/06/13,6,0
generated_json/autoware_prs.json,2024/06/13,101,95
generated_json/universe_prs.json,2024/06/13,26,4
generated_json/autoware_common_prs.json,2024/06/13,129,18
generated_json/universe_prs.json,2024/06/13,131,119
generated_json/universe_prs.json,2024/06/13,2455,240
generated_json/universe_prs.json,2024/06/13,17,17
generated_json/autoware_documentation_prs.json,2024/06/13,2,2
generated_json/universe_prs.json,2024/06/13,256,30
generated_json/autoware_launch_prs.json,2024/06/13,2,1
generated_json/universe_prs.json,2024/06/14,52,50
generated_json/universe_prs.json,2024/06/14,1,0
generated_json/universe_prs.json,2024/06/14,112,91
generated_json/universe_prs.json,2024/06/14,13,11
generated_json/universe_prs.json,2024/06/14,10,2
generated_json/autoware_launch_prs.json,2024/06/14,1,0
generated_json/universe_prs.json,2024/06/14,851,0
generated_json/universe_prs.json,2024/06/14,2,2
generated_json/autoware_documentation_prs.json,2024/06/14,6,6
generated_json/universe_prs.json,2024/06/14,2,2
generated_json/autoware_prs.json,2024/06/14,1,0
generated_json/universe_prs.json,2024/06/14,4,8
generated_json/universe_prs.json,2024/06/14,37,0
generated_json/universe_prs.json,2024/06/14,95,90
generated_json/universe_prs.json,2024/06/15,60,71
generated_json/autoware_common_prs.json,2024/06/16,1,0
generated_json/autoware_prs.json,2024/06/16,1,0
generated_json/universe_prs.json,2024/06/16,63,0
generated_json/universe_prs.json,2024/06/17,234,77
generated_json/universe_prs.json,2024/06/17,3,1
generated_json/universe_prs.json,2024/06/17,21,38
generated_json/universe_prs.json,2024/06/17,10,9
generated_json/universe_prs.json,2024/06/17,11,18
generated_json/autoware_common_prs.json,2024/06/17,6,6
generated_json/universe_prs.json,2024/06/17,15,34
generated_json/universe_prs.json,2024/06/17,71,71
generated_json/universe_prs.json,2024/06/17,5,5
generated_json/universe_prs.json,2024/06/17,6,6
generated_json/universe_prs.json,2024/06/17,19,19
generated_json/universe_prs.json,2024/06/17,8,8
generated_json/universe_prs.json,2024/06/17,4,4
generated_json/universe_prs.json,2024/06/17,218,218
generated_json/universe_prs.json,2024/06/17,105,111
generated_json/universe_prs.json,2024/06/17,237,367
generated_json/universe_prs.json,2024/06/17,20,20
generated_json/universe_prs.json,2024/06/17,206,207
generated_json/universe_prs.json,2024/06/17,669,659
generated_json/universe_prs.json,2024/06/17,20,20
generated_json/universe_prs.json,2024/06/17,44,44
generated_json/universe_prs.json,2024/06/17,54,54
generated_json/universe_prs.json,2024/06/17,0,0
generated_json/universe_prs.json,2024/06/17,45,45
generated_json/universe_prs.json,2024/06/17,32,32
generated_json/universe_prs.json,2024/06/17,76,76
generated_json/universe_prs.json,2024/06/17,28,28
generated_json/universe_prs.json,2024/06/17,6,6
generated_json/universe_prs.json,2024/06/17,6,11
generated_json/universe_prs.json,2024/06/17,68,68
generated_json/universe_prs.json,2024/06/17,37,38
generated_json/universe_prs.json,2024/06/17,23,23
generated_json/universe_prs.json,2024/06/17,4126,4011
generated_json/universe_prs.json,2024/06/17,1856,1727
generated_json/universe_prs.json,2024/06/17,8,0
generated_json/universe_prs.json,2024/06/18,2,2
generated_json/universe_prs.json,2024/06/18,2,2
generated_json/universe_prs.json,2024/06/18,1,1
generated_json/universe_prs.json,2024/06/18,1,3
generated_json/universe_prs.json,2024/06/18,1,1
generated_json/universe_prs.json,2024/06/18,3,3
generated_json/universe_prs.json,2024/06/18,417,27
generated_json/universe_prs.json,2024/06/18,6,3
generated_json/universe_prs.json,2024/06/18,2,2
generated_json/universe_prs.json,2024/06/18,15,11
generated_json/universe_prs.json,2024/06/18,3,2
generated_json/universe_prs.json,2024/06/18,99,1170
generated_json/universe_prs.json,2024/06/18,6,0
generated_json/universe_prs.json,2024/06/18,3,2
generated_json/universe_prs.json,2024/06/18,1,1
generated_json/universe_prs.json,2024/06/18,1,1
generated_json/universe_prs.json,2024/06/18,0,1
generated_json/universe_prs.json,2024/06/18,0,2
generated_json/universe_prs.json,2024/06/18,1,1
generated_json/universe_prs.json,2024/06/18,83,82
generated_json/autoware_prs.json,2024/06/18,17,2
generated_json/autoware_prs.json,2024/06/18,0,4
generated_json/universe_prs.json,2024/06/18,3,0
generated_json/universe_prs.json,2024/06/19,3,3
generated_json/universe_prs.json,2024/06/19,2,2
generated_json/universe_prs.json,2024/06/19,2,15
generated_json/universe_prs.json,2024/06/19,1,1
generated_json/universe_prs.json,2024/06/19,2,4
generated_json/universe_prs.json,2024/06/19,3,13
generated_json/universe_prs.json,2024/06/19,1,1
generated_json/universe_prs.json,2024/06/19,7,16
generated_json/universe_prs.json,2024/06/19,0,2
generated_json/universe_prs.json,2024/06/19,0,1
generated_json/universe_prs.json,2024/06/19,3,2
generated_json/universe_prs.json,2024/06/19,2,1
generated_json/universe_prs.json,2024/06/19,13,23
generated_json/universe_prs.json,2024/06/19,4,8
generated_json/universe_prs.json,2024/06/19,0,1
generated_json/universe_prs.json,2024/06/19,0,1
generated_json/universe_prs.json,2024/06/19,0,1
generated_json/autoware_launch_prs.json,2024/06/19,2,0
generated_json/autoware_launch_prs.json,2024/06/19,11,1
generated_json/universe_prs.json,2024/06/19,0,1
generated_json/universe_prs.json,2024/06/19,93,35
generated_json/universe_prs.json,2024/06/19,4210,4170
generated_json/autoware_launch_prs.json,2024/06/20,15,6
generated_json/universe_prs.json,2024/06/20,117,93
generated_json/universe_prs.json,2024/06/20,132,5
generated_json/universe_prs.json,2024/06/20,128,0
generated_json/universe_prs.json,2024/06/20,53,10
generated_json/universe_prs.json,2024/06/20,1,0
generated_json/universe_prs.json,2024/06/20,645,361
generated_json/autoware_launch_prs.json,2024/06/20,2,1
generated_json/autoware_prs.json,2024/06/20,5,14
generated_json/universe_prs.json,2024/06/20,6,6
generated_json/universe_prs.json,2024/06/20,8,0
generated_json/universe_prs.json,2024/06/20,27,16
generated_json/universe_prs.json,2024/06/20,0,5
generated_json/universe_prs.json,2024/06/20,14,4
generated_json/universe_prs.json,2024/06/21,4,12
generated_json/universe_prs.json,2024/06/21,54,1
generated_json/universe_prs.json,2024/06/21,1,1
generated_json/autoware_prs.json,2024/06/21,3,3
generated_json/universe_prs.json,2024/06/21,3,16
generated_json/universe_prs.json,2024/06/21,1,0
generated_json/universe_prs.json,2024/06/21,2,1
generated_json/autoware_launch_prs.json,2024/06/21,6,1
generated_json/universe_prs.json,2024/06/21,0,1
generated_json/universe_prs.json,2024/06/21,3,10
generated_json/universe_prs.json,2024/06/21,11,6
generated_json/universe_prs.json,2024/06/21,3,3
generated_json/universe_prs.json,2024/06/21,6,6
generated_json/universe_prs.json,2024/06/21,2,2
generated_json/universe_prs.json,2024/06/22,1,3
generated_json/universe_prs.json,2024/06/22,0,2
generated_json/universe_prs.json,2024/06/22,4,7
generated_json/universe_prs.json,2024/06/22,0,1
generated_json/universe_prs.json,2024/06/22,3,3
generated_json/universe_prs.json,2024/06/22,3,14
generated_json/universe_prs.json,2024/06/23,29,21
generated_json/universe_prs.json,2024/06/23,47,2
generated_json/autoware_prs.json,2024/06/24,2,2
generated_json/universe_prs.json,2024/06/24,4,0
generated_json/universe_prs.json,2024/06/24,2,2
generated_json/universe_prs.json,2024/06/24,20,0
generated_json/universe_prs.json,2024/06/24,6,12
generated_json/universe_prs.json,2024/06/24,326,313
generated_json/universe_prs.json,2024/06/24,82,145
generated_json/universe_prs.json,2024/06/24,14,15
generated_json/universe_prs.json,2024/06/24,1,1
generated_json/universe_prs.json,2024/06/24,13,13
generated_json/universe_prs.json,2024/06/24,2,0
generated_json/universe_prs.json,2024/06/24,1,1
generated_json/universe_prs.json,2024/06/24,22,23
generated_json/universe_prs.json,2024/06/24,30,29
generated_json/universe_prs.json,2024/06/24,380,30
generated_json/universe_prs.json,2024/06/24,13,15
generated_json/universe_prs.json,2024/06/24,19,18
generated_json/universe_prs.json,2024/06/24,1,1
generated_json/universe_prs.json,2024/06/24,2,3
generated_json/universe_prs.json,2024/06/24,114,51
generated_json/universe_prs.json,2024/06/24,247,260
generated_json/universe_prs.json,2024/06/24,3,3
generated_json/autoware_documentation_prs.json,2024/06/24,85,23
generated_json/autoware_common_prs.json,2024/06/24,7,0
generated_json/universe_prs.json,2024/06/24,5,1
generated_json/universe_prs.json,2024/06/24,126,141
generated_json/universe_prs.json,2024/06/24,2,2
generated_json/universe_prs.json,2024/06/24,1,2
generated_json/universe_prs.json,2024/06/24,48,4
generated_json/autoware_prs.json,2024/06/24,4,0
generated_json/universe_prs.json,2024/06/24,86,118
generated_json/universe_prs.json,2024/06/25,0,3
generated_json/universe_prs.json,2024/06/25,23,17
generated_json/universe_prs.json,2024/06/25,0,1
generated_json/universe_prs.json,2024/06/25,7,18
generated_json/universe_prs.json,2024/06/25,14,10
generated_json/universe_prs.json,2024/06/25,5,4
generated_json/universe_prs.json,2024/06/25,0,4
generated_json/universe_prs.json,2024/06/25,13,2
generated_json/autoware_launch_prs.json,2024/06/25,5,0
generated_json/universe_prs.json,2024/06/25,2,2
generated_json/universe_prs.json,2024/06/25,64,0
generated_json/autoware_prs.json,2024/06/25,9,0
generated_json/universe_prs.json,2024/06/25,251,517
generated_json/universe_prs.json,2024/06/25,54,19
generated_json/universe_prs.json,2024/06/25,1,1
generated_json/universe_prs.json,2024/06/25,8,8
generated_json/universe_prs.json,2024/06/25,240,94
generated_json/universe_prs.json,2024/06/25,0,3
generated_json/universe_prs.json,2024/06/25,54,57
generated_json/universe_prs.json,2024/06/26,1,0
generated_json/universe_prs.json,2024/06/26,0,6
generated_json/autoware_prs.json,2024/06/26,480,0
generated_json/universe_prs.json,2024/06/26,2,8
generated_json/universe_prs.json,2024/06/26,7614,2403
generated_json/universe_prs.json,2024/06/26,2,16
generated_json/universe_prs.json,2024/06/26,0,1
generated_json/universe_prs.json,2024/06/26,0,1
generated_json/universe_prs.json,2024/06/26,13,13
generated_json/universe_prs.json,2024/06/26,0,2800
generated_json/autoware_prs.json,2024/06/26,0,45
generated_json/universe_prs.json,2024/06/26,15,16
generated_json/universe_prs.json,2024/06/26,9,13
generated_json/universe_prs.json,2024/06/26,2,0
generated_json/universe_prs.json,2024/06/26,143,77
generated_json/autoware_documentation_prs.json,2024/06/26,53174,4
generated_json/universe_prs.json,2024/06/26,20,11
generated_json/autoware_launch_prs.json,2024/06/26,5,0
generated_json/universe_prs.json,2024/06/26,101,4
generated_json/autoware_prs.json,2024/06/26,29,4
generated_json/autoware_documentation_prs.json,2024/06/26,1,1
generated_json/universe_prs.json,2024/06/26,12,26
generated_json/universe_prs.json,2024/06/27,4,1
generated_json/universe_prs.json,2024/06/27,45,41
generated_json/autoware_launch_prs.json,2024/06/27,6,2
generated_json/universe_prs.json,2024/06/27,3,3
generated_json/universe_prs.json,2024/06/27,10,2
generated_json/universe_prs.json,2024/06/27,95,85
generated_json/universe_prs.json,2024/06/27,54,43
generated_json/universe_prs.json,2024/06/27,12,26
generated_json/universe_prs.json,2024/06/27,6,3
generated_json/universe_prs.json,2024/06/27,99,55
generated_json/universe_prs.json,2024/06/27,2,2
generated_json/universe_prs.json,2024/06/27,1,1
generated_json/autoware_launch_prs.json,2024/06/27,1,1
generated_json/universe_prs.json,2024/06/27,1,1
generated_json/universe_prs.json,2024/06/27,4,1
generated_json/universe_prs.json,2024/06/27,59,57
generated_json/universe_prs.json,2024/06/27,65,56
generated_json/universe_prs.json,2024/06/27,1,1
generated_json/universe_prs.json,2024/06/27,184,0
generated_json/universe_prs.json,2024/06/27,5,5
generated_json/universe_prs.json,2024/06/28,14,13
generated_json/universe_prs.json,2024/06/28,20,18
generated_json/universe_prs.json,2024/06/28,2,2
generated_json/universe_prs.json,2024/06/28,65,52
generated_json/universe_prs.json,2024/06/28,75,9
generated_json/universe_prs.json,2024/06/28,98,89
generated_json/universe_prs.json,2024/06/28,1517,105
generated_json/universe_prs.json,2024/06/28,37,0
generated_json/universe_prs.json,2024/06/28,21,30
generated_json/universe_prs.json,2024/06/28,4,4
generated_json/universe_prs.json,2024/06/29,1,2
generated_json/universe_prs.json,2024/06/30,1,1
generated_json/universe_prs.json,2024/06/30,893,144
generated_json/universe_prs.json,2024/06/30,12,19
generated_json/autoware_documentation_prs.json,2024/06/30,66,66
generated_json/universe_prs.json,2024/06/30,3,3
generated_json/universe_prs.json,2024/06/30,0,1
generated_json/universe_prs.json,2024/07/01,2,1
generated_json/universe_prs.json,2024/07/01,8,9
generated_json/universe_prs.json,2024/07/01,2,3
generated_json/universe_prs.json,2024/07/01,4,18
generated_json/universe_prs.json,2024/07/01,10,16
generated_json/autoware_launch_prs.json,2024/07/01,0,11
generated_json/universe_prs.json,2024/07/01,137,7
generated_json/universe_prs.json,2024/07/01,0,1
generated_json/universe_prs.json,2024/07/01,5,0
generated_json/universe_prs.json,2024/07/01,1,1
generated_json/universe_prs.json,2024/07/01,7,0
generated_json/universe_prs.json,2024/07/01,5,3
generated_json/autoware_prs.json,2024/07/01,2,2
generated_json/universe_prs.json,2024/07/01,45,16
generated_json/universe_prs.json,2024/07/02,2,2
generated_json/universe_prs.json,2024/07/02,65862,65548
generated_json/autoware_launch_prs.json,2024/07/02,1,1
generated_json/universe_prs.json,2024/07/02,27,11
generated_json/universe_prs.json,2024/07/02,1630,0
generated_json/universe_prs.json,2024/07/02,0,2
generated_json/universe_prs.json,2024/07/02,151,0
generated_json/universe_prs.json,2024/07/02,21,21
generated_json/universe_prs.json,2024/07/02,14,4
generated_json/universe_prs.json,2024/07/02,18,17
generated_json/universe_prs.json,2024/07/02,9,69
generated_json/universe_prs.json,2024/07/02,65,41
generated_json/universe_prs.json,2024/07/02,39,38
generated_json/universe_prs.json,2024/07/02,18,11
generated_json/universe_prs.json,2024/07/02,79,75
generated_json/universe_prs.json,2024/07/02,92,34
generated_json/universe_prs.json,2024/07/02,6,2
generated_json/universe_prs.json,2024/07/02,21,0
generated_json/autoware_launch_prs.json,2024/07/02,1,0
generated_json/universe_prs.json,2024/07/02,629,0
generated_json/universe_prs.json,2024/07/03,1,1
generated_json/universe_prs.json,2024/07/03,2,1
generated_json/universe_prs.json,2024/07/03,3,2
generated_json/universe_prs.json,2024/07/03,62,6
generated_json/universe_prs.json,2024/07/03,606,489
generated_json/universe_prs.json,2024/07/03,4,2
generated_json/autoware_launch_prs.json,2024/07/03,1,1
generated_json/universe_prs.json,2024/07/03,52,52
generated_json/universe_prs.json,2024/07/03,65,11
generated_json/autoware_launch_prs.json,2024/07/03,2,1
generated_json/universe_prs.json,2024/07/03,55,54
generated_json/universe_prs.json,2024/07/03,1,4
generated_json/universe_prs.json,2024/07/03,2,2
generated_json/universe_prs.json,2024/07/03,1,0
generated_json/universe_prs.json,2024/07/03,20,17
generated_json/universe_prs.json,2024/07/03,2,0
generated_json/universe_prs.json,2024/07/03,1,1
generated_json/universe_prs.json,2024/07/03,1,1
generated_json/universe_prs.json,2024/07/03,0,5
generated_json/universe_prs.json,2024/07/04,8,8
generated_json/universe_prs.json,2024/07/04,1,1
generated_json/universe_prs.json,2024/07/04,1,1
generated_json/autoware_prs.json,2024/07/04,14,2
generated_json/universe_prs.json,2024/07/04,1,1
generated_json/universe_prs.json,2024/07/04,24,50
generated_json/autoware_launch_prs.json,2024/07/04,4,2
generated_json/universe_prs.json,2024/07/04,1,1
generated_json/universe_prs.json,2024/07/04,1,1
generated_json/universe_prs.json,2024/07/04,4,2
generated_json/universe_prs.json,2024/07/04,106,86
generated_json/universe_prs.json,2024/07/04,80,33
generated_json/universe_prs.json,2024/07/04,18,6
generated_json/universe_prs.json,2024/07/04,59,55
generated_json/universe_prs.json,2024/07/04,12,2
generated_json/universe_prs.json,2024/07/04,945,1
generated_json/autoware_prs.json,2024/07/04,8,8
generated_json/universe_prs.json,2024/07/04,5,10
generated_json/universe_prs.json,2024/07/04,86,3
generated_json/universe_prs.json,2024/07/04,12,8
generated_json/autoware_prs.json,2024/07/04,32,56
generated_json/universe_prs.json,2024/07/04,12,12
generated_json/universe_prs.json,2024/07/04,3,3
generated_json/autoware_launch_prs.json,2024/07/04,3,3
generated_json/universe_prs.json,2024/07/04,1,1
generated_json/universe_prs.json,2024/07/04,99,26
generated_json/universe_prs.json,2024/07/04,54,12
generated_json/universe_prs.json,2024/07/04,11,0
generated_json/universe_prs.json,2024/07/04,609,362
generated_json/universe_prs.json,2024/07/04,217,198
generated_json/universe_prs.json,2024/07/04,1,1
generated_json/universe_prs.json,2024/07/04,59,2
generated_json/universe_prs.json,2024/07/04,0,2
generated_json/universe_prs.json,2024/07/04,225,55
generated_json/universe_prs.json,2024/07/04,62,0
generated_json/universe_prs.json,2024/07/04,95,42
generated_json/autoware_msgs_prs.json,2024/07/04,12,17
generated_json/universe_prs.json,2024/07/04,97,93
generated_json/universe_prs.json,2024/07/04,486,3
generated_json/universe_prs.json,2024/07/04,0,1
generated_json/universe_prs.json,2024/07/04,1,6
generated_json/universe_prs.json,2024/07/04,34,12
generated_json/autoware_launch_prs.json,2024/07/05,1,1
generated_json/universe_prs.json,2024/07/05,171,42
generated_json/universe_prs.json,2024/07/05,701,11
generated_json/universe_prs.json,2024/07/05,46,14
generated_json/universe_prs.json,2024/07/05,0,1
generated_json/universe_prs.json,2024/07/05,398,204
generated_json/universe_prs.json,2024/07/05,6,7
generated_json/universe_prs.json,2024/07/05,153,112
generated_json/universe_prs.json,2024/07/05,11,2
generated_json/autoware_documentation_prs.json,2024/07/05,1,1
generated_json/universe_prs.json,2024/07/05,234,181
generated_json/universe_prs.json,2024/07/05,1,0
generated_json/universe_prs.json,2024/07/05,116,135
generated_json/universe_prs.json,2024/07/05,241,183
generated_json/universe_prs.json,2024/07/05,2,2
generated_json/universe_prs.json,2024/07/05,50,47
generated_json/autoware_launch_prs.json,2024/07/05,37,0
generated_json/autoware_launch_prs.json,2024/07/05,9,9
generated_json/autoware_launch_prs.json,2024/07/05,2,2
generated_json/universe_prs.json,2024/07/06,1,1
generated_json/universe_prs.json,2024/07/07,0,604
generated_json/autoware_documentation_prs.json,2024/07/07,1,1
generated_json/universe_prs.json,2024/07/07,119,86
generated_json/universe_prs.json,2024/07/08,56,15
generated_json/universe_prs.json,2024/07/08,2,2
generated_json/universe_prs.json,2024/07/08,2,2
generated_json/universe_prs.json,2024/07/08,4,3
generated_json/universe_prs.json,2024/07/08,25,30
generated_json/universe_prs.json,2024/07/08,62,64
generated_json/universe_prs.json,2024/07/08,13,14
generated_json/universe_prs.json,2024/07/08,25,10
generated_json/universe_prs.json,2024/07/08,14,3
generated_json/universe_prs.json,2024/07/08,61,61
generated_json/universe_prs.json,2024/07/08,1,0
generated_json/universe_prs.json,2024/07/08,41,5
generated_json/universe_prs.json,2024/07/08,0,1
generated_json/universe_prs.json,2024/07/08,0,1
generated_json/universe_prs.json,2024/07/08,0,1
generated_json/universe_prs.json,2024/07/08,0,1
generated_json/universe_prs.json,2024/07/08,71,15
generated_json/universe_prs.json,2024/07/08,63,26
generated_json/autoware_launch_prs.json,2024/07/08,1,0
generated_json/autoware_launch_prs.json,2024/07/08,38,21
generated_json/universe_prs.json,2024/07/08,79,38
generated_json/autoware_documentation_prs.json,2024/07/08,347,210
generated_json/universe_prs.json,2024/07/09,3,2
generated_json/universe_prs.json,2024/07/09,105,1
generated_json/universe_prs.json,2024/07/09,10,10
generated_json/universe_prs.json,2024/07/09,127,265
generated_json/universe_prs.json,2024/07/09,1,1
generated_json/universe_prs.json,2024/07/09,32,12
generated_json/autoware_launch_prs.json,2024/07/09,1,0
generated_json/universe_prs.json,2024/07/09,108,80
generated_json/universe_prs.json,2024/07/09,22,20
generated_json/universe_prs.json,2024/07/09,23,14
generated_json/universe_prs.json,2024/07/09,19,20
generated_json/autoware_launch_prs.json,2024/07/09,1,0
generated_json/universe_prs.json,2024/07/09,14,16
generated_json/autoware_launch_prs.json,2024/07/09,0,2
generated_json/universe_prs.json,2024/07/09,16,13
generated_json/universe_prs.json,2024/07/09,14,7
generated_json/universe_prs.json,2024/07/09,1,0
generated_json/universe_prs.json,2024/07/09,3,2
generated_json/universe_prs.json,2024/07/09,11,2
generated_json/universe_prs.json,2024/07/09,25,6
generated_json/universe_prs.json,2024/07/10,23,22
generated_json/universe_prs.json,2024/07/10,3,0
generated_json/universe_prs.json,2024/07/10,1,1
generated_json/universe_prs.json,2024/07/10,9,2
generated_json/autoware_prs.json,2024/07/10,5,5
generated_json/autoware_prs.json,2024/07/10,0,2
generated_json/universe_prs.json,2024/07/10,2,6
generated_json/autoware_prs.json,2024/07/10,85,29
generated_json/universe_prs.json,2024/07/10,4,4
generated_json/universe_prs.json,2024/07/10,2,2
generated_json/universe_prs.json,2024/07/10,27,26
generated_json/autoware_prs.json,2024/07/10,13,0
generated_json/universe_prs.json,2024/07/10,0,1
generated_json/autoware_prs.json,2024/07/10,6,6
generated_json/universe_prs.json,2024/07/10,4,4
generated_json/autoware_launch_prs.json,2024/07/10,8,2
generated_json/universe_prs.json,2024/07/10,48,25
generated_json/universe_prs.json,2024/07/10,11,11
generated_json/autoware_launch_prs.json,2024/07/10,4,0
generated_json/universe_prs.json,2024/07/10,4,4
generated_json/universe_prs.json,2024/07/10,4,4
generated_json/universe_prs.json,2024/07/10,0,13
generated_json/universe_prs.json,2024/07/10,4,4
generated_json/universe_prs.json,2024/07/10,6,8
generated_json/universe_prs.json,2024/07/10,150,71
generated_json/autoware_launch_prs.json,2024/07/10,1,0
generated_json/universe_prs.json,2024/07/10,4,4
generated_json/universe_prs.json,2024/07/10,4,4
generated_json/universe_prs.json,2024/07/10,4,4
generated_json/universe_prs.json,2024/07/10,14,12
generated_json/universe_prs.json,2024/07/10,9,9
generated_json/universe_prs.json,2024/07/10,7,7
generated_json/autoware_launch_prs.json,2024/07/11,2,0
generated_json/autoware_prs.json,2024/07/11,3,3
generated_json/universe_prs.json,2024/07/11,5,0
generated_json/universe_prs.json,2024/07/11,103,5
generated_json/universe_prs.json,2024/07/11,348,1
generated_json/universe_prs.json,2024/07/11,11,0
generated_json/autoware_launch_prs.json,2024/07/11,2,0
generated_json/autoware_launch_prs.json,2024/07/11,2,2
generated_json/universe_prs.json,2024/07/11,130,78
generated_json/autoware_prs.json,2024/07/11,86,23
generated_json/universe_prs.json,2024/07/11,1,1
generated_json/universe_prs.json,2024/07/11,2,2
generated_json/autoware_launch_prs.json,2024/07/11,38,0
generated_json/universe_prs.json,2024/07/11,20,20
generated_json/universe_prs.json,2024/07/11,2,2
generated_json/universe_prs.json,2024/07/11,2,4
generated_json/universe_prs.json,2024/07/11,15,12
generated_json/universe_prs.json,2024/07/11,62,77
generated_json/universe_prs.json,2024/07/11,17,18
generated_json/universe_prs.json,2024/07/11,58,57
generated_json/universe_prs.json,2024/07/11,40,37
generated_json/universe_prs.json,2024/07/11,18,15
generated_json/universe_prs.json,2024/07/11,31,33
generated_json/universe_prs.json,2024/07/11,0,1
generated_json/universe_prs.json,2024/07/11,3,5
generated_json/universe_prs.json,2024/07/11,4,5
generated_json/universe_prs.json,2024/07/11,1,1
generated_json/universe_prs.json,2024/07/11,0,2
generated_json/universe_prs.json,2024/07/11,3,4
generated_json/universe_prs.json,2024/07/11,8,0
generated_json/universe_prs.json,2024/07/11,2,2
generated_json/universe_prs.json,2024/07/11,98,106
generated_json/universe_prs.json,2024/07/11,465,431
generated_json/autoware_prs.json,2024/07/11,3,1
generated_json/autoware_prs.json,2024/07/11,4,4
generated_json/autoware_documentation_prs.json,2024/07/11,42,27
generated_json/autoware_documentation_prs.json,2024/07/11,14,86
generated_json/universe_prs.json,2024/07/11,200,123
generated_json/autoware_prs.json,2024/07/11,10,7
generated_json/universe_prs.json,2024/07/12,45,39
generated_json/universe_prs.json,2024/07/12,246,172
generated_json/universe_prs.json,2024/07/12,170,169
generated_json/universe_prs.json,2024/07/12,57,8
generated_json/universe_prs.json,2024/07/12,110,81
generated_json/universe_prs.json,2024/07/12,3,3
generated_json/universe_prs.json,2024/07/12,80,1
generated_json/universe_prs.json,2024/07/12,117,62
generated_json/universe_prs.json,2024/07/12,0,2636
generated_json/universe_prs.json,2024/07/12,1,1
generated_json/universe_prs.json,2024/07/12,12,12
generated_json/universe_prs.json,2024/07/12,15,15
generated_json/universe_prs.json,2024/07/12,7,7
generated_json/universe_prs.json,2024/07/12,9,9
generated_json/universe_prs.json,2024/07/12,17,17
generated_json/universe_prs.json,2024/07/12,49,2
generated_json/universe_prs.json,2024/07/12,22,22
generated_json/universe_prs.json,2024/07/12,2,2
generated_json/universe_prs.json,2024/07/12,1,1
generated_json/universe_prs.json,2024/07/12,1,1
generated_json/universe_prs.json,2024/07/12,33,33
generated_json/universe_prs.json,2024/07/12,2,2
generated_json/universe_prs.json,2024/07/12,6,9
generated_json/universe_prs.json,2024/07/12,2,2
generated_json/universe_prs.json,2024/07/12,4,7
generated_json/universe_prs.json,2024/07/12,3,6
generated_json/universe_prs.json,2024/07/12,1,1
generated_json/universe_prs.json,2024/07/12,7,7
generated_json/universe_prs.json,2024/07/12,1,1
generated_json/universe_prs.json,2024/07/12,2,2
generated_json/universe_prs.json,2024/07/12,2,2
generated_json/universe_prs.json,2024/07/12,1,1
generated_json/universe_prs.json,2024/07/12,4,3
generated_json/universe_prs.json,2024/07/12,219,218
generated_json/universe_prs.json,2024/07/12,30,30
generated_json/universe_prs.json,2024/07/12,1,1
generated_json/universe_prs.json,2024/07/12,1,1
generated_json/universe_prs.json,2024/07/12,93,15
generated_json/universe_prs.json,2024/07/13,23,20
generated_json/universe_prs.json,2024/07/13,28,38
generated_json/universe_prs.json,2024/07/13,377,344
generated_json/universe_prs.json,2024/07/13,40,28
generated_json/universe_prs.json,2024/07/14,1,1
generated_json/autoware_prs.json,2024/07/15,4,0
generated_json/autoware_prs.json,2024/07/16,1,10
generated_json/autoware_prs.json,2024/07/16,38,51
generated_json/autoware_launch_prs.json,2024/07/16,4,0
generated_json/universe_prs.json,2024/07/16,7,7
generated_json/autoware_launch_prs.json,2024/07/16,1,1
generated_json/universe_prs.json,2024/07/16,2,2
generated_json/universe_prs.json,2024/07/16,2,2
generated_json/universe_prs.json,2024/07/16,15,10
generated_json/universe_prs.json,2024/07/16,4,4
generated_json/universe_prs.json,2024/07/16,10,9
generated_json/universe_prs.json,2024/07/16,1,1
generated_json/universe_prs.json,2024/07/16,26,0
generated_json/universe_prs.json,2024/07/16,5,5
generated_json/universe_prs.json,2024/07/16,3,3
generated_json/universe_prs.json,2024/07/16,0,1
generated_json/universe_prs.json,2024/07/16,28,15
generated_json/universe_prs.json,2024/07/16,293,280
generated_json/universe_prs.json,2024/07/16,2,2
generated_json/universe_prs.json,2024/07/16,2,2
generated_json/universe_prs.json,2024/07/16,6,6
generated_json/universe_prs.json,2024/07/16,9,9
generated_json/universe_prs.json,2024/07/16,1,1
generated_json/universe_prs.json,2024/07/16,1,1
generated_json/universe_prs.json,2024/07/16,2,2
generated_json/universe_prs.json,2024/07/16,1,1
generated_json/universe_prs.json,2024/07/16,1,1
generated_json/universe_prs.json,2024/07/16,1,1
generated_json/universe_prs.json,2024/07/16,4,4
generated_json/universe_prs.json,2024/07/16,1,1
generated_json/universe_prs.json,2024/07/16,7,7
generated_json/universe_prs.json,2024/07/16,4,0
generated_json/autoware_documentation_prs.json,2024/07/16,1,1
generated_json/universe_prs.json,2024/07/16,843,54
generated_json/universe_prs.json,2024/07/16,27,7
generated_json/autoware_prs.json,2024/07/17,3,3
generated_json/universe_prs.json,2024/07/17,18,17
generated_json/universe_prs.json,2024/07/17,474,319
generated_json/universe_prs.json,2024/07/17,35,2
generated_json/autoware_launch_prs.json,2024/07/17,1,1
generated_json/universe_prs.json,2024/07/17,4,4
generated_json/universe_prs.json,2024/07/17,2,2
generated_json/universe_prs.json,2024/07/17,2,2
generated_json/universe_prs.json,2024/07/17,1,1
generated_json/universe_prs.json,2024/07/17,1,1
generated_json/universe_prs.json,2024/07/17,1,1
generated_json/universe_prs.json,2024/07/17,16,20
generated_json/universe_prs.json,2024/07/17,1,1
generated_json/universe_prs.json,2024/07/17,1,1
generated_json/universe_prs.json,2024/07/17,12,12
generated_json/universe_prs.json,2024/07/17,72,4
generated_json/autoware_prs.json,2024/07/17,2,2
generated_json/universe_prs.json,2024/07/17,19,12
generated_json/autoware_prs.json,2024/07/17,2,14
generated_json/universe_prs.json,2024/07/17,250,135
generated_json/universe_prs.json,2024/07/18,10,10
generated_json/autoware_launch_prs.json,2024/07/18,8,8
generated_json/universe_prs.json,2024/07/18,87,28
generated_json/universe_prs.json,2024/07/18,290,72
generated_json/autoware_prs.json,2024/07/18,9,3
generated_json/universe_prs.json,2024/07/18,153,129
generated_json/universe_prs.json,2024/07/18,82,4
generated_json/universe_prs.json,2024/07/18,52,14
generated_json/autoware_launch_prs.json,2024/07/18,3,0
generated_json/universe_prs.json,2024/07/18,423,193
generated_json/autoware_prs.json,2024/07/18,18,21
generated_json/autoware_prs.json,2024/07/18,1,5
generated_json/universe_prs.json,2024/07/18,19,21
generated_json/universe_prs.json,2024/07/19,0,6
generated_json/universe_prs.json,2024/07/19,0,1
generated_json/autoware_launch_prs.json,2024/07/19,5,5
generated_json/universe_prs.json,2024/07/19,7,6
generated_json/autoware_launch_prs.json,2024/07/19,39,27
generated_json/universe_prs.json,2024/07/19,0,0
generated_json/universe_prs.json,2024/07/19,19,3
generated_json/autoware_launch_prs.json,2024/07/19,3,0
generated_json/universe_prs.json,2024/07/19,38,28
generated_json/universe_prs.json,2024/07/19,3,24
generated_json/universe_prs.json,2024/07/19,2,1
generated_json/universe_prs.json,2024/07/19,69,5
generated_json/universe_prs.json,2024/07/19,26,115
generated_json/universe_prs.json,2024/07/21,14,6
generated_json/universe_prs.json,2024/07/22,2097,1768
generated_json/universe_prs.json,2024/07/22,1,1
generated_json/universe_prs.json,2024/07/22,4,4
generated_json/universe_prs.json,2024/07/22,1,0
generated_json/universe_prs.json,2024/07/22,20,20
generated_json/autoware_launch_prs.json,2024/07/22,1,1
generated_json/autoware_launch_prs.json,2024/07/22,1,1
generated_json/universe_prs.json,2024/07/22,1,1
generated_json/universe_prs.json,2024/07/22,1,1
generated_json/universe_prs.json,2024/07/22,48,49
generated_json/universe_prs.json,2024/07/22,642,15
generated_json/universe_prs.json,2024/07/22,12,12
generated_json/universe_prs.json,2024/07/22,5,5
generated_json/autoware_launch_prs.json,2024/07/22,13,20
generated_json/universe_prs.json,2024/07/22,21,3
generated_json/universe_prs.json,2024/07/22,21,21
generated_json/universe_prs.json,2024/07/22,114,15
generated_json/autoware_launch_prs.json,2024/07/22,3,2
generated_json/autoware_launch_prs.json,2024/07/22,1,1
generated_json/universe_prs.json,2024/07/22,26,22
generated_json/universe_prs.json,2024/07/22,63,16
generated_json/universe_prs.json,2024/07/22,40,24
generated_json/universe_prs.json,2024/07/22,0,6
generated_json/universe_prs.json,2024/07/22,0,3
generated_json/universe_prs.json,2024/07/22,93,47
generated_json/universe_prs.json,2024/07/23,5,2
generated_json/universe_prs.json,2024/07/23,5,5
generated_json/universe_prs.json,2024/07/23,0,1
generated_json/universe_prs.json,2024/07/23,0,3
generated_json/autoware_prs.json,2024/07/23,0,1
generated_json/universe_prs.json,2024/07/23,5,6
generated_json/autoware_prs.json,2024/07/23,0,26
generated_json/universe_prs.json,2024/07/23,1,0
generated_json/universe_prs.json,2024/07/23,6,6
generated_json/autoware_prs.json,2024/07/23,1,1
generated_json/universe_prs.json,2024/07/23,2,1
generated_json/universe_prs.json,2024/07/23,1,1
generated_json/universe_prs.json,2024/07/23,1,1
generated_json/universe_prs.json,2024/07/23,2,2
generated_json/universe_prs.json,2024/07/23,37,6
generated_json/universe_prs.json,2024/07/23,13,10
generated_json/universe_prs.json,2024/07/23,71,67
generated_json/universe_prs.json,2024/07/23,5,6
generated_json/universe_prs.json,2024/07/23,10,6
generated_json/autoware_prs.json,2024/07/23,1,1
generated_json/universe_prs.json,2024/07/23,31,31
generated_json/universe_prs.json,2024/07/23,7,7
generated_json/universe_prs.json,2024/07/23,3,1
generated_json/universe_prs.json,2024/07/23,37,6
generated_json/universe_prs.json,2024/07/23,5,4
generated_json/autoware_prs.json,2024/07/24,0,47
generated_json/autoware_prs.json,2024/07/24,5,9
generated_json/autoware_launch_prs.json,2024/07/24,22,22
generated_json/universe_prs.json,2024/07/24,31,31
generated_json/universe_prs.json,2024/07/24,467,259
generated_json/universe_prs.json,2024/07/24,65,0
generated_json/universe_prs.json,2024/07/24,2,0
generated_json/universe_prs.json,2024/07/24,176,18
generated_json/universe_prs.json,2024/07/25,99,103
generated_json/autoware_msgs_prs.json,2024/07/25,17,12
generated_json/universe_prs.json,2024/07/25,30,18
generated_json/universe_prs.json,2024/07/25,48,48
generated_json/universe_prs.json,2024/07/25,3,0
generated_json/universe_prs.json,2024/07/25,1,3
generated_json/autoware_launch_prs.json,2024/07/25,1,0
generated_json/universe_prs.json,2024/07/25,16,0
generated_json/universe_prs.json,2024/07/25,4,4
generated_json/universe_prs.json,2024/07/25,6,6
generated_json/universe_prs.json,2024/07/25,441,6
generated_json/universe_prs.json,2024/07/25,2,2
generated_json/universe_prs.json,2024/07/25,105,0
generated_json/universe_prs.json,2024/07/25,63,0
generated_json/universe_prs.json,2024/07/25,186,89
generated_json/universe_prs.json,2024/07/25,29,29
generated_json/universe_prs.json,2024/07/25,40,0
generated_json/universe_prs.json,2024/07/25,40,2
generated_json/universe_prs.json,2024/07/26,8,8
generated_json/universe_prs.json,2024/07/26,6,22
generated_json/autoware_documentation_prs.json,2024/07/26,55,3
generated_json/universe_prs.json,2024/07/26,4,4
generated_json/universe_prs.json,2024/07/26,0,2
generated_json/autoware_prs.json,2024/07/26,4,4
generated_json/autoware_launch_prs.json,2024/07/26,17,0
generated_json/universe_prs.json,2024/07/26,93,62
generated_json/universe_prs.json,2024/07/26,1,1
generated_json/universe_prs.json,2024/07/26,4,4
generated_json/universe_prs.json,2024/07/26,2,2
generated_json/universe_prs.json,2024/07/26,8,8
generated_json/universe_prs.json,2024/07/26,2,2
generated_json/universe_prs.json,2024/07/26,3,3
generated_json/universe_prs.json,2024/07/26,129,27
generated_json/universe_prs.json,2024/07/26,1,1
generated_json/universe_prs.json,2024/07/26,182,120
generated_json/autoware_launch_prs.json,2024/07/26,4,1
generated_json/universe_prs.json,2024/07/26,6,6
generated_json/universe_prs.json,2024/07/26,4,4
generated_json/universe_prs.json,2024/07/26,15,1
generated_json/universe_prs.json,2024/07/26,19,19
generated_json/universe_prs.json,2024/07/26,25,0
generated_json/universe_prs.json,2024/07/26,36,37
generated_json/universe_prs.json,2024/07/26,41,0
generated_json/universe_prs.json,2024/07/26,8,11
generated_json/universe_prs.json,2024/07/26,1,3
generated_json/universe_prs.json,2024/07/26,12,23
generated_json/universe_prs.json,2024/07/26,6,14
generated_json/universe_prs.json,2024/07/26,2,8
generated_json/universe_prs.json,2024/07/26,4,7
generated_json/universe_prs.json,2024/07/29,4,4
generated_json/universe_prs.json,2024/07/29,2,2
generated_json/autoware_launch_prs.json,2024/07/29,3,1
generated_json/universe_prs.json,2024/07/29,2,2
generated_json/universe_prs.json,2024/07/29,2,2
generated_json/universe_prs.json,2024/07/29,13,0
generated_json/universe_prs.json,2024/07/29,1,1
generated_json/universe_prs.json,2024/07/29,1,1
generated_json/universe_prs.json,2024/07/29,8,0
generated_json/universe_prs.json,2024/07/29,158,9
generated_json/universe_prs.json,2024/07/29,135,51
generated_json/universe_prs.json,2024/07/29,2,2
generated_json/universe_prs.json,2024/07/29,7,7
generated_json/universe_prs.json,2024/07/29,15,15
generated_json/universe_prs.json,2024/07/29,6,4
generated_json/universe_prs.json,2024/07/29,87,43
generated_json/universe_prs.json,2024/07/29,12,4
generated_json/autoware_prs.json,2024/07/29,0,1
generated_json/universe_prs.json,2024/07/30,3,3
generated_json/universe_prs.json,2024/07/30,359,71
generated_json/universe_prs.json,2024/07/30,2,2
generated_json/autoware_launch_prs.json,2024/07/30,1,1
generated_json/autoware_launch_prs.json,2024/07/30,3,3
generated_json/autoware_launch_prs.json,2024/07/30,2,1
generated_json/universe_prs.json,2024/07/30,3,3
generated_json/autoware_launch_prs.json,2024/07/30,6,6
generated_json/universe_prs.json,2024/07/30,122,38
generated_json/universe_prs.json,2024/07/30,0,1
generated_json/universe_prs.json,2024/07/30,2,2
generated_json/universe_prs.json,2024/07/30,1,1
generated_json/universe_prs.json,2024/07/30,2,2
generated_json/universe_prs.json,2024/07/30,2,2
generated_json/universe_prs.json,2024/07/30,2,3
generated_json/universe_prs.json,2024/07/30,3,3
generated_json/universe_prs.json,2024/07/30,6,8
generated_json/universe_prs.json,2024/07/30,5,4
generated_json/universe_prs.json,2024/07/30,1,1
generated_json/autoware_documentation_prs.json,2024/07/30,11,6
generated_json/universe_prs.json,2024/07/30,1,1
generated_json/universe_prs.json,2024/07/30,2,2
generated_json/universe_prs.json,2024/07/30,34,95
generated_json/universe_prs.json,2024/07/30,101,0
generated_json/universe_prs.json,2024/07/31,200,334
generated_json/universe_prs.json,2024/07/31,8,12
generated_json/universe_prs.json,2024/07/31,8,11
generated_json/universe_prs.json,2024/07/31,52,16
generated_json/universe_prs.json,2024/07/31,0,1
generated_json/universe_prs.json,2024/07/31,1,26
generated_json/universe_prs.json,2024/07/31,2,2
generated_json/universe_prs.json,2024/07/31,1,1
generated_json/universe_prs.json,2024/07/31,1,1
generated_json/universe_prs.json,2024/07/31,2,2
generated_json/universe_prs.json,2024/07/31,2,2
generated_json/universe_prs.json,2024/07/31,1,1
generated_json/universe_prs.json,2024/07/31,2,2
generated_json/universe_prs.json,2024/07/31,1,1
generated_json/universe_prs.json,2024/07/31,2,2
generated_json/universe_prs.json,2024/07/31,4,4
generated_json/universe_prs.json,2024/07/31,61,0
generated_json/universe_prs.json,2024/07/31,4,4
generated_json/universe_prs.json,2024/07/31,3,2
generated_json/universe_prs.json,2024/07/31,7,7
generated_json/universe_prs.json,2024/07/31,3,3
generated_json/universe_prs.json,2024/07/31,1,1
generated_json/autoware_launch_prs.json,2024/07/31,2,0
generated_json/universe_prs.json,2024/07/31,4,1
generated_json/universe_prs.json,2024/07/31,210,4
generated_json/universe_prs.json,2024/07/31,234,0
generated_json/universe_prs.json,2024/08/01,20,14
generated_json/universe_prs.json,2024/08/01,1,1
generated_json/universe_prs.json,2024/08/01,1,1
generated_json/universe_prs.json,2024/08/01,1,1
generated_json/universe_prs.json,2024/08/01,2,2
generated_json/universe_prs.json,2024/08/01,2,2
generated_json/universe_prs.json,2024/08/01,1,1
generated_json/universe_prs.json,2024/08/01,6,6
generated_json/universe_prs.json,2024/08/01,15,15
generated_json/universe_prs.json,2024/08/01,33,15
generated_json/autoware_launch_prs.json,2024/08/01,14,0
generated_json/universe_prs.json,2024/08/01,2,1
generated_json/universe_prs.json,2024/08/01,3,3
generated_json/universe_prs.json,2024/08/01,2,1
generated_json/universe_prs.json,2024/08/01,44,1
generated_json/universe_prs.json,2024/08/01,1,0
generated_json/autoware_launch_prs.json,2024/08/01,8,0
generated_json/universe_prs.json,2024/08/01,2,1
generated_json/universe_prs.json,2024/08/01,2,1
generated_json/universe_prs.json,2024/08/01,8,1
generated_json/universe_prs.json,2024/08/01,2,1
generated_json/universe_prs.json,2024/08/01,2,1
generated_json/universe_prs.json,2024/08/01,18,18
generated_json/universe_prs.json,2024/08/01,192,119
generated_json/universe_prs.json,2024/08/01,16,2
generated_json/universe_prs.json,2024/08/02,7,3
generated_json/universe_prs.json,2024/08/02,1,0
generated_json/universe_prs.json,2024/08/02,9,2
generated_json/universe_prs.json,2024/08/02,2,1
generated_json/autoware_launch_prs.json,2024/08/02,9,4
generated_json/universe_prs.json,2024/08/02,3,3
generated_json/universe_prs.json,2024/08/02,18,12
generated_json/universe_prs.json,2024/08/02,7,7
generated_json/universe_prs.json,2024/08/02,8,1
generated_json/universe_prs.json,2024/08/02,3,2
generated_json/universe_prs.json,2024/08/02,1,1
generated_json/universe_prs.json,2024/08/02,1,1
generated_json/universe_prs.json,2024/08/02,20,16
generated_json/universe_prs.json,2024/08/03,2,2
generated_json/universe_prs.json,2024/08/05,2,0
generated_json/universe_prs.json,2024/08/05,18,0
generated_json/universe_prs.json,2024/08/05,18,18
generated_json/universe_prs.json,2024/08/05,26,17
generated_json/universe_prs.json,2024/08/05,272,91
generated_json/universe_prs.json,2024/08/05,0,2
generated_json/universe_prs.json,2024/08/05,2,0
generated_json/universe_prs.json,2024/08/05,0,3
generated_json/universe_prs.json,2024/08/05,1,2
generated_json/universe_prs.json,2024/08/05,1,1
generated_json/universe_prs.json,2024/08/05,0,1
generated_json/universe_prs.json,2024/08/05,0,1
generated_json/universe_prs.json,2024/08/05,38,26
generated_json/universe_prs.json,2024/08/05,15,14
generated_json/universe_prs.json,2024/08/05,104,1
generated_json/universe_prs.json,2024/08/05,6,8
generated_json/universe_prs.json,2024/08/05,1,0
generated_json/universe_prs.json,2024/08/05,30,44
generated_json/universe_prs.json,2024/08/05,37,0
generated_json/autoware_launch_prs.json,2024/08/05,5,0
generated_json/universe_prs.json,2024/08/05,1,2
generated_json/universe_prs.json,2024/08/05,0,1
generated_json/universe_prs.json,2024/08/05,2,0
generated_json/universe_prs.json,2024/08/06,0,1
generated_json/universe_prs.json,2024/08/06,114,24
generated_json/universe_prs.json,2024/08/06,2,4
generated_json/universe_prs.json,2024/08/06,1,2
generated_json/universe_prs.json,2024/08/06,3,7
generated_json/universe_prs.json,2024/08/06,4,0
generated_json/universe_prs.json,2024/08/06,2,0
generated_json/universe_prs.json,2024/08/06,14,14
generated_json/universe_prs.json,2024/08/06,1,1
generated_json/universe_prs.json,2024/08/06,1,1
generated_json/universe_prs.json,2024/08/06,1,1
generated_json/universe_prs.json,2024/08/06,68,0
generated_json/universe_prs.json,2024/08/06,17,26
generated_json/universe_prs.json,2024/08/07,1,1
generated_json/universe_prs.json,2024/08/07,205,201
generated_json/universe_prs.json,2024/08/07,1,0
generated_json/universe_prs.json,2024/08/07,38,27
generated_json/universe_prs.json,2024/08/07,2,177
generated_json/universe_prs.json,2024/08/07,1,1
generated_json/universe_prs.json,2024/08/07,2,2
generated_json/universe_prs.json,2024/08/07,1,4
generated_json/universe_prs.json,2024/08/07,0,1
generated_json/universe_prs.json,2024/08/07,4,4
generated_json/universe_prs.json,2024/08/07,2,9
generated_json/autoware_prs.json,2024/08/07,1,7
generated_json/universe_prs.json,2024/08/08,2,2
generated_json/universe_prs.json,2024/08/08,0,2
generated_json/autoware_launch_prs.json,2024/08/08,1,1
generated_json/universe_prs.json,2024/08/08,26,8
generated_json/universe_prs.json,2024/08/08,51,28
generated_json/universe_prs.json,2024/08/08,0,1
generated_json/universe_prs.json,2024/08/08,0,2
generated_json/universe_prs.json,2024/08/08,34,1
generated_json/universe_prs.json,2024/08/08,0,2
generated_json/universe_prs.json,2024/08/08,16,3
generated_json/universe_prs.json,2024/08/08,1,1
generated_json/universe_prs.json,2024/08/08,1,1
generated_json/universe_prs.json,2024/08/08,1,1
generated_json/universe_prs.json,2024/08/08,3,1
generated_json/universe_prs.json,2024/08/08,13,18
generated_json/universe_prs.json,2024/08/08,1127,39
generated_json/autoware_launch_prs.json,2024/08/08,2,2
generated_json/universe_prs.json,2024/08/08,9,12
generated_json/universe_prs.json,2024/08/09,8,26
generated_json/universe_prs.json,2024/08/09,35,11
generated_json/autoware_launch_prs.json,2024/08/09,1,0
generated_json/universe_prs.json,2024/08/09,62,47
generated_json/universe_prs.json,2024/08/09,32,29
generated_json/universe_prs.json,2024/08/09,42,33
generated_json/universe_prs.json,2024/08/09,66,45
generated_json/universe_prs.json,2024/08/09,2,2
generated_json/universe_prs.json,2024/08/09,9,9
generated_json/universe_prs.json,2024/08/09,1,1
generated_json/universe_prs.json,2024/08/09,22,4
generated_json/universe_prs.json,2024/08/09,300,171
generated_json/universe_prs.json,2024/08/09,1,1
generated_json/universe_prs.json,2024/08/09,2,2
generated_json/universe_prs.json,2024/08/09,2,2
generated_json/universe_prs.json,2024/08/09,15,23
generated_json/universe_prs.json,2024/08/09,40,0
generated_json/autoware_launch_prs.json,2024/08/09,4,4
generated_json/universe_prs.json,2024/08/10,14,14
generated_json/universe_prs.json,2024/08/10,22,11
generated_json/universe_prs.json,2024/08/10,58,22
generated_json/autoware_launch_prs.json,2024/08/10,32,1
generated_json/autoware_launch_prs.json,2024/08/13,4,4
generated_json/universe_prs.json,2024/08/13,121,50
generated_json/universe_prs.json,2024/08/13,1,0
generated_json/universe_prs.json,2024/08/13,2,2
generated_json/universe_prs.json,2024/08/13,1,1
generated_json/universe_prs.json,2024/08/13,1,1
generated_json/universe_prs.json,2024/08/13,4,4
generated_json/universe_prs.json,2024/08/13,1,2
generated_json/autoware_prs.json,2024/08/13,148,4
generated_json/universe_prs.json,2024/08/13,10,10
generated_json/universe_prs.json,2024/08/13,21,9
generated_json/universe_prs.json,2024/08/13,2,2
generated_json/autoware_launch_prs.json,2024/08/13,1,0
generated_json/universe_prs.json,2024/08/13,11,11
generated_json/universe_prs.json,2024/08/13,0,2
generated_json/universe_prs.json,2024/08/13,1236,1427
generated_json/autoware_launch_prs.json,2024/08/13,10,20
generated_json/universe_prs.json,2024/08/13,9995,0
generated_json/universe_prs.json,2024/08/13,28,1
generated_json/universe_prs.json,2024/08/13,293,0
generated_json/universe_prs.json,2024/08/13,192,186
generated_json/universe_prs.json,2024/08/13,13,5
generated_json/universe_prs.json,2024/08/14,34,2
generated_json/autoware_launch_prs.json,2024/08/14,5,0
generated_json/universe_prs.json,2024/08/14,170,68
generated_json/universe_prs.json,2024/08/14,20,10
generated_json/universe_prs.json,2024/08/14,68,0
generated_json/universe_prs.json,2024/08/14,31,20
generated_json/autoware_launch_prs.json,2024/08/14,1,1
generated_json/autoware_prs.json,2024/08/14,203,0
generated_json/universe_prs.json,2024/08/14,12,10
generated_json/universe_prs.json,2024/08/14,1,0
generated_json/universe_prs.json,2024/08/14,14,27
generated_json/universe_prs.json,2024/08/14,94,41
generated_json/universe_prs.json,2024/08/14,8,4
generated_json/universe_prs.json,2024/08/14,68,11
generated_json/universe_prs.json,2024/08/14,86,17
generated_json/universe_prs.json,2024/08/15,8,5
generated_json/universe_prs.json,2024/08/15,1,0
generated_json/universe_prs.json,2024/08/15,3,0
generated_json/universe_prs.json,2024/08/15,7,1
generated_json/universe_prs.json,2024/08/15,78,15
generated_json/universe_prs.json,2024/08/15,181,43
generated_json/universe_prs.json,2024/08/15,15,6
generated_json/universe_prs.json,2024/08/15,20,16
generated_json/autoware_launch_prs.json,2024/08/15,10,3
generated_json/universe_prs.json,2024/08/15,66,13
generated_json/universe_prs.json,2024/08/15,74,15
generated_json/universe_prs.json,2024/08/15,3,0
generated_json/universe_prs.json,2024/08/15,1,1
generated_json/universe_prs.json,2024/08/15,2,2
generated_json/universe_prs.json,2024/08/15,93,12
generated_json/universe_prs.json,2024/08/15,72,90
generated_json/autoware_prs.json,2024/08/16,6,6
generated_json/universe_prs.json,2024/08/16,0,1
generated_json/universe_prs.json,2024/08/16,2,2
generated_json/universe_prs.json,2024/08/16,19,10
generated_json/autoware_prs.json,2024/08/16,2,2
generated_json/universe_prs.json,2024/08/16,81,4
generated_json/universe_prs.json,2024/08/16,3982,49
generated_json/universe_prs.json,2024/08/16,2,0
generated_json/universe_prs.json,2024/08/16,2,0
generated_json/universe_prs.json,2024/08/16,205,22
generated_json/universe_prs.json,2024/08/16,89,1
generated_json/universe_prs.json,2024/08/16,2,2
generated_json/universe_prs.json,2024/08/18,111,0
generated_json/universe_prs.json,2024/08/19,4,4
generated_json/universe_prs.json,2024/08/19,1,0
generated_json/universe_prs.json,2024/08/19,1418,0
generated_json/autoware_launch_prs.json,2024/08/19,2,2
generated_json/universe_prs.json,2024/08/19,13,18
generated_json/universe_prs.json,2024/08/19,0,9
generated_json/universe_prs.json,2024/08/19,20179,100
generated_json/universe_prs.json,2024/08/19,0,6
generated_json/universe_prs.json,2024/08/19,0,25
generated_json/universe_prs.json,2024/08/19,0,12
generated_json/universe_prs.json,2024/08/19,2,2
generated_json/universe_prs.json,2024/08/19,1,1
generated_json/autoware_prs.json,2024/08/19,266,0
generated_json/autoware_prs.json,2024/08/19,2,1
generated_json/universe_prs.json,2024/08/19,10,4
generated_json/universe_prs.json,2024/08/19,1,1
generated_json/universe_prs.json,2024/08/19,1,1
generated_json/autoware_launch_prs.json,2024/08/19,1,0
generated_json/autoware_documentation_prs.json,2024/08/19,46,0
generated_json/autoware_documentation_prs.json,2024/08/20,1,1
generated_json/autoware_launch_prs.json,2024/08/20,1,0
generated_json/autoware_launch_prs.json,2024/08/20,1,1
generated_json/universe_prs.json,2024/08/20,13,14
generated_json/autoware_launch_prs.json,2024/08/20,45,4
generated_json/universe_prs.json,2024/08/20,141,141
generated_json/universe_prs.json,2024/08/20,3,1
generated_json/universe_prs.json,2024/08/20,22,4
generated_json/autoware_launch_prs.json,2024/08/20,0,2
generated_json/universe_prs.json,2024/08/20,0,2
generated_json/universe_prs.json,2024/08/20,12,21
generated_json/universe_prs.json,2024/08/20,0,1
generated_json/universe_prs.json,2024/08/21,0,1
generated_json/autoware_documentation_prs.json,2024/08/21,5,3
generated_json/universe_prs.json,2024/08/21,33,161
generated_json/universe_prs.json,2024/08/21,2,2
generated_json/universe_prs.json,2024/08/21,5,0
generated_json/universe_prs.json,2024/08/21,2,0
generated_json/universe_prs.json,2024/08/21,30,18
generated_json/universe_prs.json,2024/08/21,1354,1361
generated_json/universe_prs.json,2024/08/21,107,8
generated_json/universe_prs.json,2024/08/21,0,24
generated_json/universe_prs.json,2024/08/21,0,14
generated_json/autoware_launch_prs.json,2024/08/21,8,0
generated_json/universe_prs.json,2024/08/21,7,0
generated_json/universe_prs.json,2024/08/21,116,73
generated_json/universe_prs.json,2024/08/21,0,52
generated_json/universe_prs.json,2024/08/21,0,14
generated_json/universe_prs.json,2024/08/21,0,18
generated_json/universe_prs.json,2024/08/21,1,26
generated_json/universe_prs.json,2024/08/21,75,71
generated_json/universe_prs.json,2024/08/21,7,1
generated_json/autoware_prs.json,2024/08/21,2,2
generated_json/universe_prs.json,2024/08/21,45,9
generated_json/autoware_prs.json,2024/08/22,23,11
generated_json/universe_prs.json,2024/08/22,8,0
generated_json/universe_prs.json,2024/08/22,0,12
generated_json/universe_prs.json,2024/08/22,0,5
generated_json/universe_prs.json,2024/08/22,0,103
generated_json/universe_prs.json,2024/08/22,23,16
generated_json/autoware_launch_prs.json,2024/08/22,5,0
generated_json/universe_prs.json,2024/08/22,19,10
generated_json/universe_prs.json,2024/08/22,0,0
generated_json/universe_prs.json,2024/08/22,73,62
generated_json/universe_prs.json,2024/08/22,1,1
generated_json/universe_prs.json,2024/08/22,0,26
generated_json/universe_prs.json,2024/08/22,0,58
generated_json/universe_prs.json,2024/08/22,67,14
generated_json/universe_prs.json,2024/08/22,33,33
generated_json/universe_prs.json,2024/08/22,0,92
generated_json/universe_prs.json,2024/08/22,0,13
generated_json/universe_prs.json,2024/08/22,0,1
generated_json/universe_prs.json,2024/08/22,2,0
generated_json/universe_prs.json,2024/08/22,12,0
generated_json/universe_prs.json,2024/08/22,0,5
generated_json/universe_prs.json,2024/08/22,12,12
generated_json/universe_prs.json,2024/08/22,184,53
generated_json/universe_prs.json,2024/08/22,2,0
generated_json/universe_prs.json,2024/08/22,1,0
generated_json/autoware_launch_prs.json,2024/08/22,1,1
generated_json/universe_prs.json,2024/08/22,1,1
generated_json/autoware_launch_prs.json,2024/08/22,1,0
generated_json/autoware_launch_prs.json,2024/08/23,3,0
generated_json/universe_prs.json,2024/08/23,8,7
generated_json/universe_prs.json,2024/08/23,1692,1624
generated_json/universe_prs.json,2024/08/23,2,1
generated_json/universe_prs.json,2024/08/23,75,8
generated_json/universe_prs.json,2024/08/23,1,1
generated_json/universe_prs.json,2024/08/23,2,1
generated_json/autoware_launch_prs.json,2024/08/23,12,0
generated_json/universe_prs.json,2024/08/23,225,77
generated_json/universe_prs.json,2024/08/23,384,84
generated_json/autoware_launch_prs.json,2024/08/23,12,0
generated_json/autoware_prs.json,2024/08/23,2,2
generated_json/universe_prs.json,2024/08/24,6,0
generated_json/universe_prs.json,2024/08/25,0,70
generated_json/universe_prs.json,2024/08/26,0,89
generated_json/universe_prs.json,2024/08/26,4,1
generated_json/universe_prs.json,2024/08/26,19,27
generated_json/universe_prs.json,2024/08/26,1404,1
generated_json/universe_prs.json,2024/08/26,0,4
generated_json/universe_prs.json,2024/08/26,16,14
generated_json/universe_prs.json,2024/08/26,65,126
generated_json/universe_prs.json,2024/08/26,6,11
generated_json/autoware_launch_prs.json,2024/08/26,4,0
generated_json/universe_prs.json,2024/08/26,0,6
generated_json/universe_prs.json,2024/08/26,4,4
generated_json/autoware_launch_prs.json,2024/08/26,2,2
generated_json/universe_prs.json,2024/08/26,9,14
generated_json/universe_prs.json,2024/08/26,33,32
generated_json/universe_prs.json,2024/08/26,76,22
generated_json/universe_prs.json,2024/08/26,1,1
generated_json/universe_prs.json,2024/08/26,11,1
generated_json/universe_prs.json,2024/08/26,2,2
generated_json/universe_prs.json,2024/08/26,0,1
generated_json/universe_prs.json,2024/08/27,0,1
generated_json/universe_prs.json,2024/08/27,0,1
generated_json/universe_prs.json,2024/08/27,7,6
generated_json/universe_prs.json,2024/08/27,2,0
generated_json/universe_prs.json,2024/08/27,121,0
generated_json/universe_prs.json,2024/08/27,4,0
generated_json/universe_prs.json,2024/08/27,0,15
generated_json/universe_prs.json,2024/08/27,0,42
generated_json/universe_prs.json,2024/08/27,0,12
generated_json/universe_prs.json,2024/08/27,0,6
generated_json/universe_prs.json,2024/08/27,0,27
generated_json/universe_prs.json,2024/08/27,0,18
generated_json/universe_prs.json,2024/08/27,0,147
generated_json/universe_prs.json,2024/08/28,0,147
generated_json/universe_prs.json,2024/08/28,0,19
generated_json/universe_prs.json,2024/08/28,0,56
generated_json/universe_prs.json,2024/08/28,4,349
generated_json/universe_prs.json,2024/08/28,0,48
generated_json/autoware_prs.json,2024/08/28,1,1
generated_json/universe_prs.json,2024/08/28,25,9
generated_json/universe_prs.json,2024/08/28,0,10
generated_json/universe_prs.json,2024/08/28,1,83
generated_json/universe_prs.json,2024/08/28,2,2
generated_json/universe_prs.json,2024/08/28,0,127
generated_json/universe_prs.json,2024/08/29,0,8
generated_json/universe_prs.json,2024/08/29,0,56
generated_json/universe_prs.json,2024/08/29,1,1
generated_json/universe_prs.json,2024/08/29,0,18
generated_json/universe_prs.json,2024/08/29,0,20
generated_json/universe_prs.json,2024/08/29,3,0
generated_json/universe_prs.json,2024/08/29,0,56
generated_json/universe_prs.json,2024/08/29,1,0
generated_json/autoware_launch_prs.json,2024/08/29,8,8
generated_json/universe_prs.json,2024/08/29,60,36
generated_json/universe_prs.json,2024/08/29,5,4
generated_json/universe_prs.json,2024/08/29,269,164
generated_json/universe_prs.json,2024/08/30,24,14
generated_json/universe_prs.json,2024/08/30,162,2
generated_json/universe_prs.json,2024/08/30,2,0
generated_json/autoware_launch_prs.json,2024/08/30,5,0
generated_json/universe_prs.json,2024/08/30,131,41
generated_json/universe_prs.json,2024/08/30,76,58
generated_json/autoware_launch_prs.json,2024/08/30,2,2
generated_json/universe_prs.json,2024/08/30,0,0
generated_json/universe_prs.json,2024/08/30,2,3
generated_json/universe_prs.json,2024/08/30,2,2
generated_json/universe_prs.json,2024/08/30,107,35
generated_json/universe_prs.json,2024/08/30,38,4
generated_json/universe_prs.json,2024/08/30,117,115
generated_json/universe_prs.json,2024/08/30,3805,3402
generated_json/universe_prs.json,2024/08/30,23,26
generated_json/universe_prs.json,2024/08/30,80,69
generated_json/universe_prs.json,2024/08/30,80,72
generated_json/universe_prs.json,2024/09/02,87,48
generated_json/universe_prs.json,2024/09/02,1,1
generated_json/autoware_launch_prs.json,2024/09/02,3,0
generated_json/universe_prs.json,2024/09/02,6,6
generated_json/autoware_documentation_prs.json,2024/09/02,8,8
generated_json/universe_prs.json,2024/09/02,45,16
generated_json/autoware_prs.json,2024/09/02,57,4
generated_json/universe_prs.json,2024/09/02,101,94
generated_json/universe_prs.json,2024/09/02,52,31
generated_json/universe_prs.json,2024/09/02,64,138
generated_json/autoware_documentation_prs.json,2024/09/02,7,8
generated_json/universe_prs.json,2024/09/02,23,17
generated_json/universe_prs.json,2024/09/02,1,1
generated_json/universe_prs.json,2024/09/02,204,50
generated_json/universe_prs.json,2024/09/02,29,18
generated_json/autoware_prs.json,2024/09/02,8,9
generated_json/universe_prs.json,2024/09/02,2,2
generated_json/universe_prs.json,2024/09/03,120,122
generated_json/universe_prs.json,2024/09/03,1,1
generated_json/autoware_launch_prs.json,2024/09/03,1,1
generated_json/universe_prs.json,2024/09/03,1,3
generated_json/universe_prs.json,2024/09/03,1,0
generated_json/universe_prs.json,2024/09/03,0,9
generated_json/universe_prs.json,2024/09/03,186,50
generated_json/universe_prs.json,2024/09/03,0,0
generated_json/universe_prs.json,2024/09/03,0,27
generated_json/universe_prs.json,2024/09/03,21,0
generated_json/universe_prs.json,2024/09/03,0,22
generated_json/universe_prs.json,2024/09/03,0,13
generated_json/universe_prs.json,2024/09/03,3,3
generated_json/universe_prs.json,2024/09/03,21,17
generated_json/universe_prs.json,2024/09/03,1,1
generated_json/universe_prs.json,2024/09/03,3,0
generated_json/autoware_launch_prs.json,2024/09/03,3151,0
generated_json/universe_prs.json,2024/09/03,3,3
generated_json/universe_prs.json,2024/09/03,0,0
generated_json/universe_prs.json,2024/09/04,24,16
generated_json/universe_prs.json,2024/09/04,12,1
generated_json/autoware_prs.json,2024/09/04,45,2
generated_json/autoware_documentation_prs.json,2024/09/04,5,357
generated_json/universe_prs.json,2024/09/04,22,11
generated_json/universe_prs.json,2024/09/04,2,0
generated_json/universe_prs.json,2024/09/04,151,150
generated_json/universe_prs.json,2024/09/04,181,17
generated_json/autoware_prs.json,2024/09/04,4,0
generated_json/autoware_launch_prs.json,2024/09/04,1,0
generated_json/autoware_launch_prs.json,2024/09/05,2,2
generated_json/universe_prs.json,2024/09/05,2,2
generated_json/universe_prs.json,2024/09/05,1,1
generated_json/universe_prs.json,2024/09/05,1,1
generated_json/universe_prs.json,2024/09/05,49,1
generated_json/autoware_prs.json,2024/09/05,38,38
generated_json/universe_prs.json,2024/09/05,75,74
generated_json/autoware_prs.json,2024/09/05,14,40
generated_json/universe_prs.json,2024/09/05,124,56
generated_json/universe_prs.json,2024/09/05,30,25
generated_json/autoware_prs.json,2024/09/05,87,1
generated_json/universe_prs.json,2024/09/05,55,38
generated_json/universe_prs.json,2024/09/05,319,0
generated_json/universe_prs.json,2024/09/05,0,13
generated_json/universe_prs.json,2024/09/05,0,15
generated_json/universe_prs.json,2024/09/05,0,26
generated_json/universe_prs.json,2024/09/05,27,0
generated_json/universe_prs.json,2024/09/05,192,136
generated_json/universe_prs.json,2024/09/05,0,6
generated_json/universe_prs.json,2024/09/05,0,4
generated_json/universe_prs.json,2024/09/05,5,4
generated_json/universe_prs.json,2024/09/06,0,79
generated_json/universe_prs.json,2024/09/06,16,16
generated_json/universe_prs.json,2024/09/06,62,82
generated_json/universe_prs.json,2024/09/06,12,12
generated_json/universe_prs.json,2024/09/06,20,32
generated_json/universe_prs.json,2024/09/06,24,38
generated_json/universe_prs.json,2024/09/06,15,0
generated_json/universe_prs.json,2024/09/06,188,31
generated_json/autoware_prs.json,2024/09/06,1,1
generated_json/autoware_documentation_prs.json,2024/09/06,1,1
generated_json/autoware_prs.json,2024/09/06,259,177
generated_json/universe_prs.json,2024/09/06,1,1
generated_json/universe_prs.json,2024/09/06,1,1
generated_json/autoware_prs.json,2024/09/06,263,147
generated_json/autoware_prs.json,2024/09/06,2,0
generated_json/autoware_prs.json,2024/09/06,85,0
generated_json/autoware_prs.json,2024/09/07,4,4
generated_json/autoware_prs.json,2024/09/07,279,162
generated_json/autoware_prs.json,2024/09/08,262,152
generated_json/universe_prs.json,2024/09/09,26,0
generated_json/autoware_launch_prs.json,2024/09/09,4,0
generated_json/universe_prs.json,2024/09/09,84,384
generated_json/universe_prs.json,2024/09/09,2,6
generated_json/universe_prs.json,2024/09/09,388,84
generated_json/autoware_launch_prs.json,2024/09/09,2,0
generated_json/autoware_prs.json,2024/09/09,1,2
generated_json/universe_prs.json,2024/09/09,96,88
generated_json/universe_prs.json,2024/09/09,1,1
generated_json/universe_prs.json,2024/09/10,81,7
generated_json/universe_prs.json,2024/09/10,143,70
generated_json/universe_prs.json,2024/09/10,1,0
generated_json/universe_prs.json,2024/09/10,49,1
generated_json/autoware_launch_prs.json,2024/09/10,5,0
generated_json/universe_prs.json,2024/09/10,9,10
generated_json/universe_prs.json,2024/09/10,22,0
generated_json/universe_prs.json,2024/09/10,26,25
generated_json/universe_prs.json,2024/09/10,0,1
generated_json/autoware_launch_prs.json,2024/09/10,1,1
generated_json/universe_prs.json,2024/09/10,1,1
generated_json/autoware_documentation_prs.json,2024/09/10,1,1
generated_json/universe_prs.json,2024/09/10,48,51
generated_json/universe_prs.json,2024/09/10,1,1
generated_json/universe_prs.json,2024/09/10,16,2
generated_json/universe_prs.json,2024/09/10,2,2
generated_json/universe_prs.json,2024/09/10,16,13
generated_json/universe_prs.json,2024/09/10,1,1
generated_json/universe_prs.json,2024/09/10,4,1
generated_json/universe_prs.json,2024/09/10,1,1
generated_json/universe_prs.json,2024/09/10,0,1
generated_json/universe_prs.json,2024/09/10,1,1
generated_json/universe_prs.json,2024/09/10,0,5
generated_json/universe_prs.json,2024/09/10,0,5
generated_json/universe_prs.json,2024/09/10,1,0
generated_json/universe_prs.json,2024/09/10,1,0
generated_json/universe_prs.json,2024/09/10,0,11
